focal_stance_revealed,initial_alignment,initial_alignment_reasoning,initial_alignment_evidence,last_stance_message,n_post_stance_messages,post_stance_common_ground,common_ground_type,common_ground_reasoning,common_ground_description,post_stance_differences,post_stance_differences_description,key_exchange,surprising,surprise_reasoning,notes,group_id,matchedQuestion,matchedDomain,matchedTolerance,stance,pct_expect_commonality
True,disagreement,"Participants have different factual statuses regarding the focal question. Dog works from home, whereas Cat explicitly states they do not work from home.","Dog: ""I work from home, do you?"" Cat: ""I do not work from home""",I do not work from home,8,True,related_subtopic,"After establishing their different statuses, they discuss the pros and cons of working from home. They find alignment on the specific subtopic of commuting, where Cat agrees with Dog's assessment that WFH saves time.",Cat expresses a desire to work from home ('Probably yes') and agrees with Dog that working from home saves a significant amount of time on commuting.,True,"Cat highlights a specific benefit of working in an office (social interaction) that contrasts with the isolation of working from home, introducing a trade-off/preference difference.","Dog: ""I think it saves a lot of time not having to commute"" 
Cat: ""I agree, but Im more social having to go to work""",False,"It is not surprising that someone who currently commutes (Cat) would agree that eliminating the commute saves time, nor is it surprising that they might desire to work from home despite currently working in an office.","While their factual statuses differ (initial disagreement), they build rapport through shared values regarding time efficiency and a respectful exchange about the social trade-offs.",linguistic-apricot,Do you work from home?,arbitrary,4,opposing,0.5
True,disagreement,"Cat explicitly states 'I never attend concerts,' while Dog confirms they attend 'Several a year' and 'Went to a lot last year.' Their behaviors regarding the focal topic are opposite.",Cat: I never attend concerts. ... Dog: Yeah / Several a year,That sounds fun though.,14,True,related_subtopic,"Despite their different attendance habits, they find strong agreement on the subtopic of cost. Dog complains about the expense (tickets and parking), and Cat validates this by citing it as the specific reason they do not attend.","Both participants agree that live concerts have become too expensive, specifically agreeing that parking fees are excessive.",True,"Dog participates in mosh pits (bruising ribs), whereas Cat states they would be 'scared to get into one of those,' indicating a difference in risk tolerance/intensity preference.",Dog: They are getting so damned expensive that I can hardly afford them ... Cat: That's mainly why I don't go - too expensive.,False,"It is not surprising that cost is identified as a negative factor for concerts. Even an avid fan (Dog) can acknowledge the high price, which aligns logically with the non-fan's (Cat) reason for abstaining.",The conversation shows a classic 'bridging' interaction where participants with opposite behaviors connect over a shared negative attribute (cost) of the activity.,special-beige,Do you attend live music concerts?,preferences,4,opposing,0.5
True,agreement,"Dog states 'not really' in response to liking museums, and Cat explicitly agrees by saying 'I also said not really'.","Dog: not really
Cat: I also said not really",I also said not really,8,True,rapport_only,"After establishing that they both dislike museums, the participants engage in a polite exchange of information about the last museums they visited. They do not identify shared values or specific shared interests beyond the initial agreement, but they maintain a cooperative conversation flow.",General rapport and polite information sharing about past museum visits (the Queen Mary and the Johnson Museum) without discovering substantive shared perspectives.,False,No disagreements or significant differences in perspective emerged; they simply shared different factual experiences.,"Cat: What types of museums have you been to?
Dog: don't even remember the last one i went to. maybe the queen mary",False,It is not surprising that two people who agree on a topic (even a negative stance) would politely discuss their relevant experiences to maintain the conversation.,The conversation focuses on factual history rather than opinions after the initial stance.,beautiful-red,Do you enjoy museums?,preferences,1,shared,1.0
True,disagreement,"Dog states that a machine 'could be moral' depending on programming, while Cat explicitly states 'a machine cannot be moral' because it relies on training.","Dog: ""I think a amchine could be moral"" ... Cat: ""I think that a machine cannot be moral because it can only learn for what it is trained from""",I think that a machine cannot be moral because it can only learn for what it is trained from,5,False,none,"In the remaining messages, the participants continue to challenge each other's reasoning and definitions without finding agreement. Dog defines moral as 'following thing sequentially' while Cat maintains that human input precludes morality.",No common ground found.,True,"They appear to have fundamental differences in how they define the concept of morality itself. Dog views it functionally (following sequences/programming), while Cat views it metaphysically (requiring independent thought vs human input).","Dog: ""moral is defined as following thing sequentially"" ... Cat: ""since information is input by humans and not thoughts, I think that it would be heard for a machine to be moral""",False,"No common ground was found, which is consistent with their initial disagreement.",The conversation ends abruptly while they are still exploring their disagreement.,yucky-lavender,Can a machine be moral?,morality,4,opposing,0.5
True,disagreement,"The participants provide differing answers to the focal identity question 'Are you a parent or caregiver?'. Dog answers in the negative ('I am not a parent'), while Cat answers in the affirmative ('I have two of my own').",Dog: I am not a parent... / Cat: ...I have two of my own.,That's awesome! I have two of my own.,5,True,related_subtopic,"After establishing their divergent parental statuses, the conversation shifts to their childhoods. Both reveal they were only children (related subtopic) and express a shared belief that having siblings is important to prevent loneliness.","Both participants discovered they grew up as only children and bonded over the shared experience of loneliness, influencing their views on family size.",False,,"Dog: Growing up as a single child had its fair share of loneliness.
Cat: I agree, I really felt like giving my oldest a sibling was important because of being an only child.",True,It is not predictable that a current parent and a non-parent would both happen to share the specific background of being an only child. This shared history provided a connection that their current conflicting life stages (parent vs. non-parent) would not imply.,"While they fall into different categories regarding the focal question, they quickly find strong rapport through a shared background.",cuddly-coral,Are you a parent or caregiver?,identity,4,opposing,0.5
True,agreement,"Both participants explicitly confirm they are spiritual people. Cat states they answered 'definitely yes', and Dog immediately responds with 'Me too'.","Cat: I answered definitely yes
Dog: Me too. I grew up in a catholic family, but now I consider myself ""spiritual"" but not religious","Me too. I grew up in a catholic family, but now I consider myself ""spiritual"" but not religious",11,True,related_subtopic,"After establishing the initial agreement on being spiritual, the participants discuss their specific religious backgrounds. They find common ground in having both grown up in Christian/Catholic families and currently identifying as 'spiritual but not religious' (SBNR), rather than adhering to organized religion.",Both participants share a history of growing up in Christian/Catholic families and a current identity of being spiritual but not religious.,False,,"Dog: Do you identify with a particular organized religion?
Cat: I grew up in a Christian family, and I would consider myself spiritual but not necessarily religious
Dog: Okay interesting that we both have that in common",False,"Given that both identified as spiritual, finding that they fit the common 'spiritual but not religious' demographic is a predictable sub-alignment and does not contradict their initial stances.",The conversation is cut short before Dog answers the question about their own spiritual practices.,actual-pink,Are you a spiritual person?,religion,0,shared,1.0
True,agreement,"Dog answers the focal question negatively ('I don't believe it is'), and Cat explicitly agrees with a similar negative assessment ('I don't think our country is moving in the right direction too').",Dog: I don't believe it is / Cat: I don't think our country is moving in the right direction too,I don't think our country is moving in the right direction too,4,True,related_subtopic,"After establishing their shared dissatisfaction with the country's direction, they mutually agree on specific reasons: that leaders are 'ignoring our problems' and 'not listening what people are saying' regarding the upcoming elections.",They agree that political leaders are ignoring the populace's concerns and demanding blind support.,False,No differences or disagreements emerged in the post-stance conversation.,Dog: I think the people in charge keep ignoring our problems and demand we support them anyway ... Cat: you're right. elections are coming up and honestly they are not listening what people are saying,False,"Given that they both started by agreeing the country is moving in the wrong direction, it is predictable that they would share similar complaints about the leadership responsible for that direction.",The conversation is a consistent reinforcement of the initial shared stance.,blind-olive,Do you feel like the country is moving in the right direction?,politics,0,shared,1.0
True,agreement,"Both participants express uncertainty and the view that machine morality is conditional. Dog states it depends on if it is 'set up to be moral by humans', and Cat states it 'depends on certain factors'. Dog explicitly agrees with Cat's assessment.",Dog: I think it depends if it's been set up to be moral... Cat: I'm really quite unsure... It depends on certain factors,"Yes, I agree. I think it's hard to say for sure if it can or can't be",1,True,same_values,"In the single post-stance message, Cat elaborates on the stance by confirming the specific reasoning Dog introduced earlier (that humans are the creators responsible for robot function), indicating they share the same underlying logic regarding the source of machine morality.",Agreement that robot morality is derived from human design and intended function.,False,,"Cat: ""I agree with your statement. After all, humans make robots in order for them to function correctly for them to be moral.""",False,The participants established clear agreement on the conditional nature of machine morality in the stance phase. Finding common ground on the specific reason (human design) is a natural elaboration of that initial agreement.,The conversation is very short; the elaboration in the final message is classified as post-stance conversation as it adds specific reasoning to the previously established positions.,ridiculous-bronze,Can a machine be moral?,morality,0,shared,1.0
True,disagreement,"Dog explicitly states they 'enjoy being outdoors a lot', while Cat states they 'don't really enjoy outdoors that much'.",Dog: 'i enjoy being outdoors a lot.' ... Cat: 'i don't really enjoy outdoors that much',i can see how you feel that way. i guess i feel the same way about being inside since i work from home.,2,True,related_subtopic,"After establishing their disagreement on the outdoors, Cat pivots to a preference for 'staying at home more than going out'. Despite Dog previously claiming to love the outdoors, Dog explicitly agrees with this specific lifestyle preference.",Both participants agree that they enjoy staying at home more than 'going out'.,False,,"Cat: ""that's fair enough, i do enjoy staying at home more than going out myself""
Dog: ""see that i can agree with!""",True,"It is surprising that Dog, who initially stated they 'enjoy being outdoors a lot', would subsequently agree with a preference for 'staying at home' over going out. This suggests a distinction between enjoying nature (outdoors) and 'going out' (socially), or a contradiction in Dog's preferences.","Dog's agreement in the final message bridges the gap, possibly interpreting 'going out' as social events rather than being outdoors, or simply finding rapport through the shared experience of working affecting their preferences.",financial-lime,Do you enjoy being outdoors?,arbitrary,4,opposing,0.5
True,disagreement,"The participants provide opposite answers to the focal question 'Do you live in a warm climate?'. Cat states that it is 'definetly cold' where they are, while Dog explicitly states 'I do live in a warm climate'.","Cat: ""It's definetly cold here"" / Dog: ""I do live in a warm climate""",That would be better than the cold,3,True,related_subtopic,"After establishing their different climates, they discuss the merits of each. Dog admits that heat 'isn't fun' sometimes, and Cat concludes that there are 'benefits to both,' which Dog agrees with. They align on the nuanced view that neither climate is perfect.","They agree that both warm and cold climates have benefits and downsides, specifically acknowledging that being really hot has negative moments.",False,,"Dog: Yeah it has it's moments.  There are moments where being really hot isn't fun.
Cat: That's fair, I guess there's benefits to both",False,It is not surprising that participants with different living situations would politely acknowledge the downsides of their own situation and the benefits of the other to build rapport.,The conversation shifts from a factual disagreement (living in different climates) to a shared qualitative assessment (both have pros/cons).,implicit-yellow,Do you live in a warm climate?,background,4,opposing,0.5
True,agreement,"Cat answers 'yes' and Dog explicitly agrees saying 'I think so too', establishing a shared position that personal lives should impact office holding.","Cat: yes
Dog: I think so too, especially if it negatively affects their reputation or makes people not trust them",yea u are very right dear,1,False,none,"The only message in the post-stance phase is a qualification offered by Dog ('but i also don't think we should judge...'). Cat does not respond to this message, so no mutual common ground or shared understanding is established regarding this specific nuance.",None established.,False,No differences were confirmed as the conversation ended before the partner could respond to the final qualification.,Dog: but i also don't think we should judge their private life really if its unrelated to their leadership abilities,False,No common ground was established in the post-stance phase; the conversation ended abruptly.,"The conversation is extremely short. While Dog introduces a nuance in the final message that might have led to common ground or disagreement, the lack of a response from Cat means it remains a unilateral statement.",nearby-brown,Should events in politicians' personal lives impact their ability to hold public office?,politics,0,shared,1.0
True,disagreement,"Cat initially answers the focal question affirmatively ('I think so!'), whereas Dog answers negatively ('I don't'), establishing opposing starting positions.",Cat: I think so! ... Dog: I don't.,But there is so many other interests when it comes to national politics,6,True,related_subtopic,"Immediately following the stance establishment, Cat latches onto the nuance Dog provided regarding 'local' officials. They find agreement on this specific subtopic despite their general disagreement on the broader question.",They agree that local elected officials are more likely to support the public's best interest than national officials.,False,No further differences are discussed; Cat adopts Dog's distinction and expresses broad agreement with Dog's thoughts.,"Cat: oh yes I agree about the local ones
Dog: I'm glad we agree",True,"Given the explicit initial disagreement ('I think so' vs 'I don't'), it is surprising how quickly and completely the participants pivoted to an agreement state ('I'm glad we agree') by focusing on the specific subtopic of local politics.","Dog provided the bridge for common ground (local vs national) during their stance explanation, which Cat immediately accepted in the post-stance phase.",mechanical-blue,Do you think elected officials work to support the public's best interest?,politics,0,shared,0.5
True,disagreement,"Cat states they do not live in a warm climate ('I don't unfortunately, I live in the Midwest'), while Dog confirms they do ('I do live in a warm climate').","Cat: I don't unfortunately, I live in the Midwest ... Dog: I do live in a warm climate","Yeah, seems cold everywhere now... but it is winter",5,True,same_values,"In the post-stance conversation, both participants explicitly express a preference for warm climates over cold ones. Cat expresses a desire to move to a warm climate, and Dog validates this by stating they are happier in a warm climate after growing up in a cold one.",Both participants agree that living in a warm climate is preferable to living in a cold climate.,False,,"Cat: Wanting to move to a warm climate now lol
Dog: Yes, i grew up in a very cold place so im much happier in a warm climate now",False,"This is not surprising because Cat signalled this preference immediately in their stance establishment by saying 'I don't unfortunately', implying they wished they did live in a warm climate.",The participants disagree on the factual question (current location) but agree on the underlying value (preference for warm weather).,costly-salmon,Do you live in a warm climate?,background,4,opposing,0.0
True,disagreement,"Dog states that they work from home, whereas Cat states that they have to be in the office. Since their behaviors regarding the focal question ('Do you work from home?') are opposite, this is classified as disagreement/divergence.","Dog: 'I work from home and you?'
Cat: 'good for you, I have to be in my office.'","good for you, I have to be in my office.",11,False,none,"While the participants are polite ('good for you', 'can you tell me more'), they do not find shared values or experiences. Cat prefers the office to avoid loneliness, while Dog prefers working from home. Their industries (transportation vs. undefined remote work) and preferences do not align.",No substantive common ground was found; participants discussed their differing situations and preferences without finding an overlap.,True,"Beyond the initial behavioral difference (WFH vs Office), they discovered a difference in preference: Cat dislikes staying home alone, while Dog really likes working from home. They also noted different industries (Cat works in transportation/moving).","Cat: 'I do not like stay home alone.'
Dog: 'working from home is good for me / i really like it'",False,"No common ground was found, which is consistent with their opposing initial situations and subsequent explanation of opposite preferences.","Dog mentions passingly that they 'used to work at an office,' which could be a shared experience with Cat's current situation, but they do not bond over this or discuss it further, so it does not constitute established common ground.",magic-azure,Do you work from home?,arbitrary,4,opposing,0.5
True,disagreement,"Cat explicitly states 'I'm not a parent', while Dog states 'I have two children'. This represents a clear binary difference in their status regarding the focal question.",Cat: 'I'm not a parent' vs Dog: 'I have two children',"Oh cool, good for you!",11,True,different_topic,"After moving away from the parenting topic, Dog mentions 'Trying to get my financial house in order,' to which Cat replies 'Ahhh, yeah, same.' They further align on using the study itself ('this kind of side work') as a means to help with those financial issues.",Both participants share current financial struggles and are doing the conversation study as 'side work' to help with finances.,False,"No new disagreements arose; Cat clarified a lack of active planning for children, but this was an elaboration of the initial non-parent status rather than a new conflict.","Dog: ""Trying to get my financial house in order."" 
Cat: ""Ahhh, yeah, same. Best of luck, it's been some tough times lately!"" ... Dog: ""This kind of side work while I work from home is part of that."" 
Cat: ""Same, haha.""",False,Financial difficulties and the need for side income are general life experiences not strictly tied to parental status. It is not surprising that two people in a paid study might both be motivated by financial need.,"The conversation shifts naturally from identity (parenting) to current life circumstances (finances), creating a bond despite the initial difference in parental status.",eager-aquamarine,Are you a parent or caregiver?,identity,4,opposing,0.0
True,agreement,"Dog expresses a desire to exercise more and confirms liking it, while Cat explicitly answers 'yes' to liking exercise. Both display a positive attitude toward the activity.",Dog: 'I should exercise more than I do right now... I do like exercise though' / Cat: 'yes' [to liking exercise],I do like exercise though I wish I had more time to do it more often,5,True,different_topic,"After discussing exercise habits, Cat introduces a new topic (live music concerts) using the transition 'also'. Dog responds that they sometimes attend as well, establishing a shared interest outside the focal domain.",Both participants share an interest in going to live music concerts.,False,,"Cat: ""i also like to go to live music concent""
Dog: ""I sometimes do""",False,There is no strong correlation between wishing to exercise more and enjoying live music; discovering a shared general hobby like concerts is coincidental but not surprising given their compatible positive attitudes.,"Cat's engagement appears slightly disjointed or non-fluent (e.g., 'concent' for concert, simple responses), but a clear topic shift to music occurs.",cloudy-teal,Do you exercise regularly?,arbitrary,0,shared,1.0
False,unclear,"While Cat clearly stated their position (does not identify with a party, dislikes both), Dog never revealed their own affiliation. Dog asked questions and offered clarifications of Cat's views ('more disagreement than apathy?') but remained neutral and did not state a personal stance.","Cat: I don't Id with a party at all.
Dog: Ah. So, more 'disagreement' than 'apathy?'",,0,False,none,"Mutual stances were not established because Dog did not share a position. Therefore, according to the protocol, there is no defined post-stance conversation to analyze for common ground.",N/A,False,N/A,N/A,False,N/A,"Dog effectively acted as an interviewer, soliciting Cat's views without reciprocating.",wasteful-teal,Do you affiliate with any political party?,politics,4,opposing,0.0
True,agreement,"Both participants reveal that they have moved during their lives, meaning neither has stayed in the exact same place for their entire life. Cat mentions moving for university, and Dog mentions immigrating from China. They both describe a generally stable background interrupted by specific significant moves.",Cat: 'i think i personally didn't move around a lot until university recently.' ... Dog: 'I immigrated from China to the US when I was eight years old ... but I have stayed in the same place ever since',but I have stayed in the same place ever since,21,True,related_subtopic,"Immediately after sharing their movement history, they discover a shared cultural background (Chinese/Taiwanese). They deepen this connection by finding they are both currently struggling with the language (relearning/rusty). This is a strong coincidence related to the domain of their background.",Both participants share Chinese-speaking heritage (China and Taiwan) and both are currently struggling to maintain or relearn the language.,False,,"Dog: I am trying to relearn Chinese now
Cat: haha me too! my chinese is rusty. i can only form basic phrases pretty much to converse with my dad.",True,"While they agreed on the movement question, it is highly coincidental and unpredictable that both would share a specific Chinese/Taiwanese heritage and explicitly bond over the shared experience of their language skills being 'rusty' or needing relearning.",Participants explicitly acknowledged the surprise with phrases like 'what a coincidence'.,political-brown,Have you stayed in the same place for your entire life?,background,0,shared,1.0
True,disagreement,"Both participants directly answer the focal question 'Do you identify as heterosexual?'. Dog answers 'Nope', while Cat answers 'Yes', indicating a clear disagreement on the topic.","Dog: Nope
Cat: Yes",Cat: Yes,10,True,different_topic,"After moving away from the focal topic, the participants discuss pet preferences. They explicitly align on liking both dogs and cats ('Dog: i like both!', 'Cat: same'). This constitutes common ground on a completely different topic (animals) rather than the focal domain (identity).",They discovered that they share a love for animals and both like dogs and cats equally.,True,"They have different favorite colors (Cat likes blue, Dog likes pink).","Cat: prefer dogs, or cats, or neither
Dog: i like both!
Cat: same",False,Finding common ground on liking animals is not surprising because there is no logical connection between sexual orientation (the focal disagreement) and pet preferences. An observer would have no reason to expect them to disagree on animals just because they have different sexual identities.,"Participants pivoted immediately to meta-discussion about the study duration and ice-breaker topics (colors, animals) rather than discussing their differing sexual orientations.",far-harlequin,Do you identify as heterosexual?,identity,4,opposing,0.5
True,agreement,Both participants state clearly that they live in the suburbs rather than the city.,"Cat: ""I actually live in the suburbs."" / Dog: ""I live in the suburbs too.""",I was unsure if this classified as the city.,10,True,related_subtopic,"After establishing their shared location (suburbs), they discuss the specific benefits of living there (proximity to the city, raising a family), finding agreement on these positive attributes.",They agree that the suburbs provide the 'best of both worlds' regarding city access and are a great environment for raising a family.,True,"They discover a difference in their local weather conditions: Cat has some snow, while Dog has none.","Cat: ""I enjoy the suburbs because it's a short distance from the city, but close enough to drive to if needed."" ... Dog: ""I agree!"" ... Cat: ""I think this gives us the best of both worlds!""",False,"Given that they both live in the suburbs and expressed this immediately, it is not surprising that they share similar positive views on the advantages of that lifestyle.",Participants engaged in polite elaboration of their shared status.,zealous-lime,Do you live in a city?,background,3,opposing,1.0
True,agreement,"Both participants explicitly state that they enjoy being outdoors. Dog answers 'Yes I do' and Cat answers 'I do', though Cat adds a condition regarding the weather which Dog immediately validates.","Dog: ""Yes I do... Yourself?"" Cat: ""I do. Depending on the weather.""",Yes.  I agree with you.   Same here not a fan of the cold,4,True,related_subtopic,"After agreeing on the main topic, they discuss specific shared reasons for enjoying the outdoors (hiking, fresh air, nature sounds) and the benefits (feeling active/better). They also implicitly bond over the 'Midwest' winter context provided by Cat.","They find common ground on the specific activities they enjoy (hiking), the sensory experience (sounds of nature), and the physical/mental health benefits of being active outdoors.",False,No additional differences were noted; the conversation remained fully aligned.,"Cat: ""But nothing beats a nice day for a hike or something. ... Just hearing the sounds of nature is nice."" Dog: ""Yes.  When you are active you feel better about yourself. And you physically feel better.""",False,"Given that they both strongly agreed on enjoying the outdoors in the stance phase, discovering shared appreciation for hiking, nature sounds, and the resulting feeling of well-being is a predictable elaboration.",The conversation moves from a general agreement to specific shared values regarding health and nature appreciation.,complex-moccasin,Do you enjoy being outdoors?,arbitrary,0,shared,1.0
True,agreement,"Both participants explicitly state that they enjoy spending time with their families. Cat answers 'Yes I enjoy going out...', and Dog responds 'I do the same.'","Cat: Yes I enjoy going out... 
Dog: I do the same.",I do the same.  We love to go out but it's just as fun watching a show at home sometimes,6,True,rapport_only,"While Dog introduces a subtopic (family size), he does not confirm if he shares Cat's 'large family' attribute. The remainder of the conversation focuses on resolving a technical delay ('Are you still there?') and exchanging polite sign-offs without establishing further substantive shared ground.",Polite technical coordination and pleasantries at the end of the conversation.,False,No additional differences were identified.,Dog: There may be a delay with this chat.  Are you still there? ... Cat: Yes I am here ... Dog: all good.  Thank you for responding,False,"Given their initial agreement and positive tone, the continued polite rapport and successful coordination regarding the chat delay is not surprising.",The conversation effectively ends after the stance phase and a brief technical check.,progressive-green,Do you enjoy spending time with your family?,background,0,shared,1.0
True,disagreement,"Cat states they are 'not married nor am I dating anyone', while Dog states they have been 'married for almost 2 decades'. Their positions on the focal question (relationship status) are different.","Cat: 'I am not married nor am I dating anyone...'
Dog: '...I am married for almost 2 decades.'",wow congrats that is awesome.,5,True,same_values,"Although they differ in status (single vs. married), they find common ground on the value of romantic partnership. Cat validates Dog's marriage as 'awesome' and explicitly states a desire to 'meet the right person eventually', aligning with the values implied by Dog's long-term marriage.","Both participants value finding the 'right person' and romantic connection, despite Cat currently being single.",False,"No new disagreements arose; Cat's mention of 'focusing on myself' is an elaboration of the initial single status, not a new conflict.","Dog: ""We met in Europe while traveling.""
Cat: ""That sounds like fun, I would like to meet the right person eventually but for now I am just focusing on myself.""",False,"It is not surprising that a single person would aspire to eventually find a partner, nor that they would be polite about a partner's marriage story.",Cat initiates the topic shift to 'how did you two meet' immediately after the stance reaction. Dog's message 'Yes it is!' is a delayed response to the 'awesome' comment but occurs after Cat has already moved the conversation forward.,faithful-lavender,Are you married or dating someone?,identity,4,opposing,0.5
True,disagreement,"Participants have different experiences regarding the focal question. Cat confirms immigration ('I was born in Germany so I guess I technically immigrated'), while Dog confirms they were born in the US ('I was born in the US'), placing them on opposite sides of the binary question.","Cat: I was born in Germany so I guess I technically immigrated to the US
Dog: I was born in the US",That's cool! My mom was German and my dad was American so it made it pretty easy,4,False,none,"In the post-stance conversation, the participants discuss German food, but do not find common ground. Dog expresses a specific dislike for the food ('I don't think I could eat German food', 'not a big hotdog person'). While they maintain a polite tone, the exchange highlights a difference in taste rather than a shared value or interest.",None found; participants discussed German food but Dog expressed a dislike for it.,True,"Dog expressed a belief that they could not eat German food and a dislike for hotdogs, contrasting with Cat's background.","Dog: I don't think I could eat German food
Cat: Not a big hotdog person?",False,"No common ground was found, which is not surprising given their different backgrounds (immigrant vs. non-immigrant) and Dog's skepticism about the other culture's food.",Participants maintained politeness ('rapport') but the content of the conversation focused on a divergence in culinary preferences.,specific-amethyst,Did you or your family immigrate to a new country?,background,3,opposing,1.0
True,disagreement,"Dog answers affirmatively, citing work events and dinners. Cat answers with a contrasting perspective, stating they work from home and rarely go to work events, limiting outings mostly to dog walking.",Dog: 'i do go out on weekdays for work...' Cat: 'I work from home... I very rarely go to work events during the week.',I work from home so I mostly go out when I'm walking my dog in the morning and throughout the day. I very rarely go to work events during the week.,3,False,none,"The post-stance conversation consists of clarifying the definition of the question ('socially' vs 'physically'). While Cat provides a new answer based on this definition, the conversation ends before Dog responds or shares their own social habits, so no shared ground is mutually discovered or acknowledged.",None,False,None,"Dog: ""Oh I interpreted the question as do you go out socially, not do you physically leave the house"" ... Cat: ""Oh, right. Sometimes, maybe 2-3 times a week during the weekdays.""",False,No common ground was established.,The conversation focuses heavily on defining the question. Participants establish an initial contrast (Work vs WFH) but run out of time while answering the clarified 'social' version of the question.,glamorous-black,Do you go out on weekdays?,arbitrary,3,opposing,0.5
False,not_discussed,"While Cat explicitly stated a position ('I do not exercise regularly'), Dog never revealed their own position on the focal topic, instead acting as an interviewer by asking follow-up questions.","Cat: I do not exercise regularly... But I do have a goal to do better this year.
Dog: Okay! But when you do work out, which one do you enjoy the most?",,0,False,none,"Because the participants never reached a point where both had established their stances (Phase 1 was never completed), there is no 'post-stance' phase to analyze. Furthermore, throughout the exchange, Dog only asked questions and provided acknowledgments ('Great to know') without sharing their own views or experiences, so no mutual common ground was established.",No common ground found.,False,None.,"Cat: I do not exercise regularly. I'm pretty lazy. But I do have a goal to do better this year.
Dog: Okay! But when you do work out, which one do you enjoy the most?",False,No common ground was established because one participant did not share their perspective.,"Dog's behavior was one-sided (asking questions without sharing), which likely prompted Cat's suspicion ('Are you AI?').",partial-emerald,Do you exercise regularly?,arbitrary,4,opposing,0.5
True,agreement,Both participants explicitly state that they answered 'probably yes' to the focal question.,"Dog: ""I answered probably yes"" ... Cat: ""Yes, I also agree that probably yes""","Hello! Yes, I also agree that probably yes, but I was also thinking about situations where people steal items such as food or medicine that they require.",3,True,same_values,"In the post-stance conversation, Dog agrees with Cat's reasoning regarding necessity (food/medicine) and extends it to 'stealing from mega rich companies'. Cat agrees with this extension. They share the underlying value that necessity and perhaps wealth inequality justify theft.","Agreement that stealing essentials (medicine/food) is justified, and stealing from 'mega rich companies' is acceptable.",False,,"Dog: ""Exatly that too, stealing from mega rich companies is up there too..."" ... Cat: ""Yes, I agree""",False,"Given that both participants initially agreed that stealing is 'probably' justified, it is not surprising that they share specific justifications involving necessity or power dynamics.",The conversation is brief and consists entirely of mutual reinforcement of the initial shared stance.,philosophical-apricot,Can stealing ever be justified?,morality,0,shared,1.0
True,agreement,"Dog states a belief in Heaven, and Cat states a belief in an afterlife based on the Bible. Dog explicitly confirms agreement with 'Me too :)'.","Dog: ""I believe in Heaven"" ... Cat: ""I believe in an afterlife..."" ... Dog: ""Me too :)""",Me too :),4,True,same_values,"In the post-stance conversation, Cat asks for evidence. Dog responds by citing 'Scripture' and 'God', aligning with Cat's earlier mention of the Bible. This confirms they share the specific value of reliance on religious texts/creationism, not just the general belief in an afterlife.",Both participants base their belief in the afterlife on Biblical scripture and the idea of divine creation.,False,,"Cat: ""What evidence has convinced you?"" ... Dog: ""Lots of evidence can be found geographically and physically that supports what is written in Scripture. I love hearing about things that only God could have created""",False,"Given that both participants immediately agreed on the existence of an afterlife and Cat explicitly cited the Bible in the stance phase, it is not surprising that Dog also cites Scripture and God as the basis for their belief.","One participant breaks the fourth wall to ask about the 'large language model software', which creates an unusual interruption, but the topical conversation remains aligned.",friendly-amber,Do you believe in an afterlife?,religion,0,shared,1.0
True,disagreement,"Dog clearly states they 'definitely do not exercise regularly', whereas Cat states they have been 'exercising for 4+ days a week for the past 5 or so years'.",Dog: I definitely do not exercise regularly... Cat: ...I've been exercising for 4+ days a week...,"Cat: oh ok gotcha, I've been exercising for 4+ days a week for the past 5 or so years iirc",3,True,related_subtopic,"Despite their different activity levels, both participants agree on the specific subtopic regarding home workouts. Dog mentions finding them boring, and Cat explicitly validates this perspective.",Both participants agree that at-home YouTube workout routines can be boring and repetitive.,False,,"Dog: ...I find those at home youtube workout routines to be kinda boring... 
Cat: ...I get what you mean with them being boring since its usually the same few exercises.",False,"It is not unexpected that a regular exerciser (Cat) would also find specific types of workouts (home routines) boring or repetitive, demonstrating empathy rather than a surprising clash of values.",Cat shifts immediately from stating their stance to a supportive/advisory role.,aggregate-indigo,Do you exercise regularly?,arbitrary,4,opposing,0.5
True,disagreement,"Cat confirms they work from home ('I do'), whereas Dog states they mostly work from an office ('mostly I work from an office'), establishing divergent behaviors regarding the focal question.",Cat: I do... Dog: ...mostly I work from an office,"Only during bad weather, mostly I work from an office",5,True,related_subtopic,"Cat asks 'Did you *also* have major snow storm last week?', implying a shared experience. Dog confirms having the storm. They bond over this shared weather event, which is the specific condition allowing Dog to work from home.",Both participants experienced a major snow storm during the previous week.,False,,"Cat: Did you also have major snow storm last week?
Dog: Yes, we had two days this last week with lots of snow and I worked from home both of those days",False,Working in different environments (home vs. office) does not prevent participants from living in the same region or experiencing the same weather systems.,Cat's use of 'also' in 'Did you also have major snow storm' is the key indicator of shared experience/common ground.,soviet-ivory,Do you work from home?,arbitrary,4,opposing,0.0
True,agreement,"Both participants state that they enjoy reading, specifically preferring graphic novels (manhwa/manga) over traditional books. Dog explicitly acknowledges this alignment by saying 'its nice to see a fellow manga reader'.","Dog: 'I enjoy reading but not books... More of just manhuas' / Cat: 'I enjoy reading mostly manga, myself'",yes that is the korean equivalent and yes its nice to see a fellow manga reader lol,4,True,related_subtopic,"In the post-stance conversation, they discuss the subtopic of anime adaptations of manhwa. They establish a connection over the title 'Solo Leveling'—Dog knows it as a manhwa, and Cat (implied) knows the title/anime but was unaware of its origin.",Shared knowledge of the popular title 'Solo Leveling' and interest in anime adaptations of reading material.,True,"Cat clarifies that despite the initial alignment as 'fellow manga readers', they have only read one manhwa long ago, distinguishing their habits from Dog who primarily reads manhwa.","Dog: ""yes it does, solo leveling got animated recently"" / Cat: ""ooh, I didn't know that was a manwha""",False,"Given that they both identified as fans of manga/manhwa in the stance phase, it is not surprising that they are aware of popular anime adaptations or titles like 'Solo Leveling' that bridge those mediums.",The conversation moves from a broad alignment on 'graphic novels' to specific details about the ecosystem (adaptations).,joyous-red,Do you enjoy reading?,preferences,0,shared,1.0
True,agreement,"Cat argues that the answer is not yes or no and suggests a middle ground. Dog confirms they selected the 'middle option' on the scale, and Cat confirms they did the same.",Cat: I don't think we can answer yes or no to that question... Dog: I That';s what I went with the middle option. Cat: Same,Same,5,True,related_subtopic,"After establishing their middle-ground positions, the participants discuss the specific mechanisms behind human morality. Cat introduces the impact of 'upbringing and environment,' and Dog frames this as the 'mixture of nature and nurture.' They explicitly agree on this causal subtopic.","They discovered shared views on the specific causes of morality, agreeing that it is a mixture of nature and nurture (upbringing/environment).",False,,"Cat: And then of course, one's upbringing and environment impacts whether you end up ""good"" or ""bad"" as well / Dog: It seems to be a mixture of nature and nurture that makes us who we are",False,It is not surprising that two people who agreed on the 'middle option' regarding innate goodness would subsequently agree that morality is determined by a complex mixture of factors (nature and nurture) rather than a single innate trait.,Participants also bonded over the meta-topic of being surprised they were paired despite agreeing.,slight-jade,Are people innately good?,morality,0,shared,1.0
True,agreement,Both participants explicitly state that they are not part of any political party/organization. Cat identifies as 'independent' and Dog confirms 'i am not part of any political org either'.,"Cat: 'So, for me, I am not part of any organized political party right now.' ... Dog: 'i am not part of any political org either.'","Oh, wow. So we feel the same way!",4,True,same_values,"In the messages following the stance acknowledgement, Dog elaborates that politicians only have 'their personal interest' in mind, and Cat agrees with this specific assessment. They share a cynical value/belief regarding the selfishness of political figures.",They discovered a shared belief that politicians are motivated by personal self-interest rather than the public good.,False,,"Dog: ""they all have their best of interest...only their personal interest"" ... Cat: ""Yes, sometimes it feels like they only care about themselves""",False,It is predictable that two individuals who identify as independent and disavow political parties would share a distrust of politicians or believe them to be self-interested.,The conversation is short; the post-stance phase consists primarily of elaborating on the reason (selfishness of politicians) for their shared stance.,magnetic-salmon,Do you affiliate with any political party?,politics,1,shared,1.0
True,disagreement,"Dog explicitly states 'No' in response to being religious. Cat states 'Yes', mentioning being raised in a devout household, although admitting to being less active than they 'should be'.",Dog: 'No. How about you ?' Cat: 'Yes. I was raised in a religiously devout household',I admit I'm not as active as I should be,4,False,none,"In the post-stance conversation, the participants explore details of their beliefs (Jehovah's Witness vs. non-belief in God) but do not find shared values or perspectives. Dog expresses a desire to believe in a higher power but admits 'idk', which does not constitute agreement with Cat's established faith.",No common ground found.,True,Further differences were highlighted regarding specific theological beliefs; Cat identifies as a Jehovah's Witness while Dog explicitly states they do not believe in God.,"Cat: Do you believe in God or a higher power?
Dog: I don't believe in God and I mean I would like to believe there is a higher power but idk",False,The lack of common ground is predictable given their initial disagreement (religious vs. not religious). The subsequent conversation merely confirmed the depth of this difference.,"Cat's admission of being 'not as active as I should be' touches on the specific focal question of attendance frequency, but aligns primarily with the religious stance.",alternative-scarlet,Do you regularly attend religious services?,religion,4,opposing,0.5
True,agreement,"Both participants respond affirmatively to the question 'Are you a spiritual person?'. Dog says 'Yes, I believe so' and Cat responds 'I would say so'.","Dog: ""Yes, I believe so haha, what about you?"" ... Cat: ""I would say so""",I would say so,11,True,same_values,"After establishing they are both spiritual, they discuss what that means. They align on rejecting 'mainstream' spirituality and defining their beliefs through ethical values like 'common sense and decency' and 'treating people better'.","They agree that their spirituality is not 'mainstream' or tied to societal institutions, but rather based on personal values of decency and treating others well.",False,"No significant disagreements emerge. There is a slight nuance where Cat focuses on Western society being materialistic while Dog rejects society-based religion entirely, but they frame this as agreement.","Dog: ""I guess the follow up question is: mainstream or nah?"" ... Cat: ""I would say not really"" ... Dog: ""same here"" ... Dog: ""just common sense and decency is my religion, and leaving it better than i found it""",False,"Given that both identified as spiritual, it is not surprising that they bonded over a non-mainstream, values-based definition of spirituality (often associated with 'spiritual but not religious'), rather than institutional doctrine.","Cat offers a slight qualification about common sense being 'broad', but explicitly prefaces it with 'I agree', maintaining the alignment.",stale-gold,Are you a spiritual person?,religion,0,shared,1.0
True,agreement,"Cat states that the afterlife is 'not a thing' and 'just nothing'. Dog responds with 'Generally agree', aligning with the disbelief.","Cat: ""not a thing"" ... Dog: ""Generally agree""",Generally agree,11,True,same_values,"After establishing their shared atheism, Cat argues that belief in an afterlife causes people to waste their current life. Dog explicitly aligns with this value judgment, stating that we should live as if this is all we have.","Both participants agree on the specific value that one should live as if the current life is the only one, and that believing in an afterlife can negatively impact how people value their time on earth.",False,,"Cat: ""thus not making the most out of the life we currently have"" ... Dog: ""I do believe you should live as though this is all we have"" ... Dog: ""Exactly""",False,It is not surprising that two individuals who do not believe in an afterlife would share the secular humanist value of maximizing the utility and meaning of the current life ('Carpe Diem').,"Dog mentions a Buddhist concept/dream theory initially, but pivots to fully agree with Cat's point about living for the moment, so no significant disagreement persisted.",miniature-copper,Do you believe in an afterlife?,religion,3,opposing,0.5
True,disagreement,"Dog identifies as both a parent and a caregiver, whereas Cat identifies as neither ('No'). They have different identities regarding the focal question.","Dog: I am both! ... Cat: No, how about you?",oh!,10,True,related_subtopic,"Despite their different parental statuses, they find common ground on the nature of teenagers (the specific subtopic of Dog's parenting). Cat expresses fear of teenagers and knowledge of their expensive taste, and Dog (the parent) validates these perspectives with personal experience ('me too', 'bougie kids').",Both participants bond over the idea that teenagers are scary and have expensive taste.,False,,"Cat: I'm scared of teenagers lol
Dog: lol, me too. but my kids are really great!",False,It is a common cultural stereotype that teenagers can be intimidating ('scary') and expensive. It is not surprising that a non-parent would hold this view and that a parent of teenagers would jokingly agree with it.,"Cat's message 'oh!' is treated as the final stance message as it indicates the realization of Dog's initial answer, while the subsequent message 'that's great, how many kids do you have?' initiates the elaboration phase.",curly-amber,Are you a parent or caregiver?,identity,4,opposing,0.0
True,disagreement,"The participants provide opposite answers to the focal question. Cat states, 'I do identify as the gender at which I was born,' whereas Dog states, 'I don't identify as the gender I was assigned at birth.'",Cat: 'Well I do identify as the gender at which I was born' ... Dog: 'I don't identify as the gender I was assigned at birth',That's cool. I don't identify as the gender I was assigned at birth,3,True,same_values,"Immediately after realizing they have different gender identities, Cat articulates a value judgment ('people should be whoever they want'), and Dog explicitly validates and agrees with this sentiment ('I feel the same way'). This establishes a shared underlying value despite their different personal situations.",Agreement that people should have the autonomy to choose their own identity.,False,,"Cat: Yeah I feel like people should be whoever they want, its their choice
Dog: That's refreshing to hear, and I feel the same way",False,"While the participants have different personal identities (one cisgender, one transgender/non-binary), it is not unusual for partners to share the liberal value of personal autonomy regarding gender expression, especially given the polite tone of the initial exchange.",The conversation moves quickly from establishing difference (stance phase) to establishing shared values (post-stance phase).,vague-tomato,Do you identify as the gender which you were assigned at birth?,identity,4,opposing,0.5
True,agreement,Both participants explicitly state that they do not feel the country is moving in the right direction. Cat says 'not really' and Dog responds with 'Same'.,"Cat: To be honest, not really ... Dog: Same. Life seems generally harder for people in every generation",Same. Life seems generally harder for people in every generation,11,True,related_subtopic,"After establishing their shared negative stance on the country's direction, they extensively discuss and agree upon specific contributing factors: wealth inequality, government injustice, lack of basic needs (healthcare/housing), and corporate greed.","They discovered shared views on wealth disparity being uncontrollable, a deep distrust of politicians who prioritize money over citizens, and the feeling that corporations control the country.",False,,"Dog: Basic needs like healthcare and affordable housing are not even guaranteed
Cat: I agree!
Dog: Yes, I don't trust any politician at this point",False,"Given that they both started with a negative view of the country's direction, it is not surprising that they share complaints about common political and economic grievances like inequality and corruption.",Participants engaged in a 'spiraling' agreement where they reinforced each other's negative viewpoints with specific examples.,creative-lavender,Do you feel like the country is moving in the right direction?,politics,1,shared,1.0
True,agreement,"Cat confirms they live in a city with 'I do.', and Dog agrees with 'yep, me too'.","Cat: I do. ... Dog: yep, me too",nice,12,True,different_topic,Participants bond over a topic separate from 'cities': the experiment itself. They share confusion about the task requirements and agree on a shared motivation (getting paid).,Shared confusion about what to discuss for the remainder of the time and agreement that getting paid is the priority.,False,,"Dog: as long as we get paid, right?
Cat: Haha right. I guess dragging out the time is a part of the experiment",False,"The common ground regarding the experimental context (confusion, payment motivation) is independent of their residential status; urban dwellers are no more or less likely to want payment for a study.","Dog provides specific details about their location (capital of Mississippi), but Cat does not reciprocate with personal details, shifting the conversation to the meta-topic of the study instead.",satisfied-orange,Do you live in a city?,background,0,shared,1.0
True,disagreement,"Cat states they recently started attending concerts ('went to my first over the summer'), whereas Dog states they 'normally don't attend music concerts anymore'. On the focal question of whether they currently attend, they take opposite positions (Yes vs. No).",Cat: 'i've never really gone... but i recently went to my first'... Dog: 'I normally don't attend music concerts anymore.',It would still be fun though,8,True,related_subtopic,"Despite their difference in current attendance habits, they bond over positive specific concert experiences. Dog validates Cat's experience with Beyonce, and Cat validates Dog's past experiences with AC/DC. They share a common appreciation for the enjoyment of these events.","Both participants share enthusiasm for specific concerts they have attended (Beyonce for Cat, AC/DC for Dog) and agree that these were 'great' experiences.",False,,"Dog: ""I've been to AC/DC twice ... best concerts I ever attended""
Cat: "":D awesome glad you had a great time""",False,This is not surprising because Dog explicitly qualified their 'No' stance by admitting they 'used to' go and that 'It would still be fun though'. This signaled an openness to discussing past positive experiences despite not attending currently.,The conversation shifts from current habits (disagreement) to past/specific experiences (agreement/rapport).,mean-gold,Do you attend live music concerts?,preferences,0,shared,1.0
True,agreement,"Both participants explicitly state that they have not immigrated to a new country. Dog opens with 'I haven't immigrated to a new country', and Cat responds that it is a 'no brainer' because they, their parents, and grandparents were 'born here'.","Dog: ""I haven't immigrated to a new country, how about you?"" ... Cat: ""Hello, this one is a no brainer for me, as I was born here""",I'm not sure about my great grand parents personally,9,True,related_subtopic,"In the post-stance conversation, Dog clarifies that they were born abroad due to a father stationed in the military. Cat validates this experience, agreeing that Dog is 'still american technically'. They find common ground on the definition of citizenship status regarding military families.",They agree that being born abroad to stationed military parents counts as being American rather than being an immigrant.,True,"A significant difference in values emerges regarding national pride. Cat expresses shame about being American ('not proud', 'unfortunately'), while Dog pushes back, stating that 'people should not have to feel bad about where they're from'.","Dog: ""Technically I was born abroad, but my father was stationed in another country, so I don't think it counts""
Cat: ""Yeah, you're still american technically, and maybe unfortunately""",False,The common ground found (that Dog is technically American despite being born abroad) is entirely consistent with their initial agreement that neither had immigrated. It merely clarifies the details of that position.,"The conversation ends abruptly after the disagreement on national pride, with Dog offering a polite closing.",colourful-turquoise,Did you or your family immigrate to a new country?,background,0,shared,1.0
True,disagreement,"Cat explicitly states staying in the same place their entire life ('Yes I have stayed...'), while Dog states the opposite ('no I have lived overseas for many years').",Cat: 'Yes I have stayed in the same place my entire life.' / Dog: 'no I have lived overseas for many years',"good evening, no I have lived overseas for many years",12,True,related_subtopic,"Despite their different movement histories (one staying, one moving overseas), they discover they both currently live in the Midwest region of the USA and share a dislike for the current 'terrible' weather there.",Both participants currently live in the Midwest USA and agree that the weather is terrible/cold.,False,No new disagreements emerged; differences were elaborations on the initial stances (Cat stayed because they were born there; Dog moved for missionary work).,"Cat: 'I live in the midwest region of the USA. You?'
Dog: 'My family and I are missionaries serving in Chile, and I too live in the cold midwest'",True,It is coincidental that a person who has never moved and a person who has lived overseas for years (and is a missionary in Chile) currently reside in the same specific region (the Midwest).,"Dog's statement is slightly ambiguous ('serving in Chile' vs 'live in the cold midwest'), but the 'I too' clearly establishes shared residency in the Midwest at the time of the chat.",excellent-fuchsia,Have you stayed in the same place for your entire life?,background,3,opposing,0.0
True,agreement,"Dog explicitly states they answered that they go out on weekdays. Cat responds with 'I answered that way too,' indicating they chose the same position on the scale.",Dog: 'I answered that I go out on weekdays...' Cat: 'I answered that way too.',"I answered that way too. I don't work on weekends but I often go out and do errands, go shopping and have fun with my friends over the weekend.",7,True,related_subtopic,"In the discussion about what they like to do with friends, both explicitly mention 'going out to eat' as a preferred activity.",Both participants enjoy going out to eat as a social activity.,False,,"Cat: I like to go out to eat at places in town or see a movie. How about you?
Dog: I love to take the dogs for a walk in the woods or go out to eat",False,"Given that both participants stated they like to go out and meet friends, it is not surprising that they share the common social activity of dining out.","Cat's stance elaboration focuses heavily on weekends despite the prompt asking about weekdays, but the explicit confirmation 'I answered that way too' anchors the alignment.",sunny-apricot,Do you go out on weekdays?,arbitrary,1,shared,0.5
False,unclear,Dog explicitly states they are bisexual and do not identify as heterosexual. Cat responds supportively ('That's great!') but offers general affirmations ('It's important to be true to who you are') without ever disclosing their own sexual orientation or answering the focal question regarding their own identity.,"Dog: ""I'm bisexual, so I don't identify as heterosexual"" ... Cat: ""That's great! It's important to be true to who you are""",,0,False,none,"Since Cat never established a position on the focal topic, the criteria for the stance establishment phase (both participants stating a position) were never met. Consequently, there is no defined post-stance conversation to analyze.",None,False,None,,False,No common ground was established in a post-stance phase as the stance phase was never completed.,"Cat acts in a supportive, almost counselor-like role, validating Dog's identity without participating in the disclosure task themselves.",busy-sapphire,Do you identify as heterosexual?,identity,4,opposing,0.0
True,agreement,Both participants explicitly state they are Democrats in the opening exchange.,"Dog: 'Hi, I am a democrat.' / Cat: 'I am a democrat as well'","Awesome, we have that in common.",8,True,related_subtopic,"After establishing their party affiliation, they transition to discussing the specific state of the government (division vs. unity) and their personal history of engagement with politics. They agree on both the need for unity and their shared experience of being previously disengaged.",They agree that the government is too divided and needs unity. They also discover a shared experience of having been 'turned off' by politics in the past but are now trying to pay more attention.,False,No disagreements were expressed in the post-stance conversation.,"Dog: ""I am aiming to pay more attention to politics as I have not been big on it in the past."" // Cat: ""me too as well, I was so turned off from politics due to corruption but slowly learning not all are""",False,"Given that they established they are both Democrats (initial agreement), it is not surprising that they share similar concerns about government division or have similar trajectories of political engagement.","There appears to be a repeated line in the transcript from Cat regarding the complexity of the government, but the flow of agreement remains clear.",zygotic-green,Do you affiliate with any political party?,politics,4,opposing,1.0
True,agreement,Both participants explicitly confirm that they identify as heterosexual in the first two messages.,Dog: 'Yes I do identify as heterosexual' / Cat: 'Yes I do',Yes I do,5,True,same_values,"After establishing their own identities, both participants articulate and agree upon a shared belief in inclusivity and the freedom for individuals to choose their own preferences/lifestyles.",They share a belief in supporting the LGBTQ+ community ('support all') and the value that everyone should be free to live their personal preferences. They also bond over Dog being an ally with a brother in the community.,False,,"Cat: I agree with you. I also think everyone should be free to choose/live their personal preferences
Dog: I agree with that as well",False,It is not surprising that two individuals who agree on the focal topic (identifying as heterosexual) might also share liberal or supportive values regarding the LGBTQ+ community; their stances do not inherently predict nor preclude this common ground.,The conversation transitions immediately from identity confirmation to establishing allyship and shared values regarding tolerance.,global-beige,Do you identify as heterosexual?,identity,0,shared,1.0
True,agreement,"While Cat says 'usually not' and calls their meal 'brunch', and Dog technically considers their noon meal 'breakfast', both participants align on the behavior of not eating a traditional early morning meal. They both eat late (brunch/noon), establishing a shared habit despite slight semantic differences.","Cat: usually not, i eat brunch... Dog: i dont usually eat until around noon","i dont usually eat until around noon, but i suppose thats still breakfast since im breaking a fast haha",7,True,rapport_only,"The participants discuss the subtopic of their specific brunch choices, but they have different preferences (healthy protein vs. livermush). The common ground established is primarily social rapport and politeness (validating each other with 'sounds really healthy' and 'sounds tasty') rather than a shared substantive value, belief, or experience.",They exchanged information about their different meal choices and politely validated each other to build rapport.,True,"The participants discovered they eat very different types of food for their first meal: Cat prioritizes healthy proteins (salmon, turkey), while Dog eats a regional dish (livermush).","Cat: i try to get some protein in, maybe salmon or turkey with banana
Dog: that sounds really healthy!
Dog: today i had livermush, have you ever heard of that?",False,"It is not surprising that two individuals who eat late meals might choose different specific foods, nor is it surprising that they would maintain a polite, friendly tone during the interaction.","The conversation demonstrates high alignment on the structural 'when' of the meal, but differentiation on the 'what', bridged by polite social rapport.",additional-olive,Do you eat breakfast?,arbitrary,0,shared,1.0
True,disagreement,"Cat explicitly states she is a parent ('yes i have 2 daughters'). Dog initially makes a mistake ('I do') but corrects it to clarify they are not a parent or full-time caregiver ('meant to say I don't'), establishing opposing positions on the focal question.","Cat: 'Hello, yes i have 2 daughters.' ... Dog: 'Sorry, I see that I said I do, but meant to say I don't'","Oh ok, yes a taking care of anyone would be a caregiver for sure.",2,False,none,"After the stance clarification, only two messages are exchanged. Dog compliments the children's ages and comments on teenagers, while Cat mentions homeschooling. While the tone is polite, they do not establish shared values, beliefs, or experiences in this brief exchange.",,False,,"Dog: ""Great ages. How do you think their teens will be? teenagers seem much cooler than when I was a teenager""
Cat: ""I homeschool my kids, so im caregiving all day long lol.""",False,No common ground was found to evaluate for surprise.,"The conversation includes a correction where Dog accidentally claimed to be a caregiver initially but retracted it. The validation of the broader definition of caregiving ('taking care of anyone') occurs as an immediate reaction to the stance clarification, so it is categorized as part of the stance establishment phase.",steep-gray,Are you a parent or caregiver?,identity,4,opposing,0.5
True,agreement,Both participants explicitly state that they eat breakfast. Cat says 'I eat breakfast' and Dog responds with 'Me too'.,Cat: I eat breakfast. / Dog: Me too,Me too,20,False,none,"While the participants discuss the general topic of breakfast foods, they do not find any shared preferences or habits. Cat likes coffee, while Dog dislikes it. Cat eats toast, while Dog prefers pastries. Dog also admits to not eating breakfast that specific day, contradicting the shared habit. The conversation consists mainly of information gathering rather than finding commonalities.",None found; participants discussed their specific habits but found differences rather than shared preferences.,True,"The participants discovered a difference in beverage preferences (Cat drinks coffee, Dog dislikes it and drinks water) and a difference in immediate consistency (Dog did not eat breakfast that day despite the general stance).",Cat: I typically have toast and coffee. ... Dog: No coffee for me,False,"It is not surprising that two people who both eat breakfast would have different preferences for specific foods or beverages (e.g., coffee vs. water).","The conversation demonstrates a deterioration of rapport, culminating in Cat accusing Dog of being a bot.",yielding-orange,Do you eat breakfast?,arbitrary,3,opposing,1.0
True,agreement,"Cat explicitly states 'I live in a cold place', and Dog responds with 'same!', indicating they both currently reside in cold climates.","Cat: 'I live in a cold place...'
Dog: 'same! i live around the pacific north west'",same! i live around the pacific north west,13,True,related_subtopic,"While discussing the related subtopic of their climate preferences and past history, the participants discover a specific shared experience: both have lived in Florida.","Both participants agree that they prefer warm weather despite living in the cold, and they discover a coincidental shared history that both used to live in Florida.",False,,"Dog: ""in florida""
Cat: ""Nice, I was born in Florida""",True,"It is a coincidental discovery that both participants, who currently live in cold regions (like the PNW), share a history of living in the same specific warm state (Florida). This specific geographic connection was not predictable from their initial agreement about living in a cold climate.","The conversation moves from current location (Cold) to preferences (Warmth) to history (Florida), establishing strong rapport through shared background.",technological-silver,Do you live in a warm climate?,background,0,shared,1.0
True,agreement,"Both participants express skepticism regarding the afterlife. Cat admits a desire to believe but suspects it is an 'invention' to soothe fear, while Dog is 'not sure' due to a lack of evidence and explicitly disbelieves in religions.",Cat: 'realize this might be invented to make people feel less scared about dying.' ... Dog: 'I am not sure of an afterlife as I have no evidence',Yes! I completely agree with you on religion!,11,True,related_subtopic,The conversation shifts from the specific question of the afterlife to a related subtopic: organized religion and the behavior of Christians. Both participants actively participate in criticizing this group.,The participants bond over a shared disdain for organized religion (specifically Christianity) and religious people. They agree that religion is a control mechanism and that religious people are often 'hypocrites' and 'high and mighty'.,False,No additional differences or disagreements emerged.,"Dog: ""as an Atheist I have better morals than the supposid Christians"" / Cat: ""oh for sure. They are so high and mighty. ... bunch of hypocrites""",False,"This common ground is not surprising. Both participants established a skeptical/secular stance initially. Dog explicitly mentioned viewing religion as a control mechanism in the stance phase, making the subsequent agreement on anti-religious sentiment a predictable extension of their positions.",The conversation quickly solidified into a shared 'out-group' derogation of religious people.,lively-red,Do you believe in an afterlife?,religion,0,shared,1.0
True,disagreement,"Cat states they 'do not typically go out', while Dog states they 'sometimes' do, indicating a difference in frequency (rarely vs. occasionally).","Cat: 'I do not typically go out on weekdays.' / Dog: 'hello, i sometimes go out on weekdays. it depends on the activity and people's schedules'","hello, i sometimes go out on weekdays. it depends on the activity and people's schedules",10,True,related_subtopic,"After establishing their frequency of going out, the conversation shifts to what they do when they go out (dining). They discover a specific shared preference for Asian cuisines.","Both participants enjoy going out for dinner and drinks, and specifically bond over a shared love for Asian foods (Korean, general Asian cuisine).",False,,"Cat: 'But I'm on a mission to try every Korean restaurant in my city. And you?' / Dog: 'yum! anything too, but more towards asian foods' / Cat: 'Same. There's so many different asian cuisines'",False,"The frequency of going out on weekdays (the focal stance) does not predict culinary preferences. It is not surprising that two people, regardless of how often they go out, might share a preference for a popular cuisine category like Asian food.","Dog self-identifies as a 'homebody' in the post-stance conversation, which retroactively suggests their habits might be closer to Cat's 'not typically' stance than the initial 'sometimes' suggested.",constitutional-harlequin,Do you go out on weekdays?,arbitrary,0,shared,0.5
True,disagreement,"Cat explicitly states they do not have the time or willpower to exercise regularly. Dog empathizes with the difficulty ('i feel that') but states that they do exercise regularly via their job ('end up doing alot of hiking on the clock'). One participant exercises, the other does not.","Cat: I don't have the time or willpower to exercise regularly ;(
Dog: ...i end up doing alot of hiking on the clock which makes it easy",Fair enough.  I could count my kid chasing me around as exercise though :),1,False,none,"After the stance establishment and Cat's reaction ('Fair enough'), Cat elaborates on the idea of childcare as exercise ('4 year-olds are relentless'). However, the conversation ends there; Dog never responds to validate this experience or share a similar one, so no mutual common ground is established.",None found; conversation ended before Dog could respond to Cat's comment about children.,False,No further differences were discussed.,Cat: 4 year-olds are relentless,False,No common ground was found to evaluate for surprise.,"Cat attempts to bridge the gap by reframing childcare as exercise (similar to Dog's work as exercise), but without a response from Dog, this remains a unilateral statement rather than discovered common ground.",western-apricot,Do you exercise regularly?,arbitrary,4,opposing,0.5
True,disagreement,"Dog explicitly states a belief in the afterlife based on the vastness of the universe, whereas Cat takes a skeptical stance, emphasizing that there is an explanation for everything and noting the lack of evidence for an afterlife.","Dog: ""i believe in the afterlife"" ... Cat: ""an afterlife has never shown any evidence of existing""",an afterlife has never shown any evidence of existing,9,False,none,"The participants continue to debate their opposing views throughout the conversation. While Dog briefly acknowledges Cat's point about the human desire to make sense of things ('same'), they immediately pivot back to arguing that shared near-death experiences suggest an afterlife, while Cat dismisses them as biological or cultural. No substantive agreement or shared perspective is reached.",No common ground was found; the conversation remained a debate between faith/mystery and rationalism/materialism.,True,"They found specific disagreements on how to interpret near-death experiences (NDEs). Dog views consistent NDE accounts as evidence of an afterlife, while Cat views them as products of brain rationalization and cultural conditioning.","Dog: ""what about the people who died and then come back and say they have experienced heaven"" ... Cat: ""i think the brain does a lot of crazy stuff we try to rationalize""",False,The continued disagreement is not surprising given their initial positions (belief vs. skepticism). Their specific arguments about NDEs align consistently with their established worldviews.,"Dog shows some flexibility ('i go back and forth') but ultimately argues for the afterlife, while Cat remains firm in a materialist explanation.",rude-maroon,Do you believe in an afterlife?,religion,4,opposing,0.0
True,agreement,"Dog describes a mixed climate (mostly warm but with seasonal cold/snow), and Cat explicitly responds with 'Same with me' before providing a temperature example.",Dog: 'Hi. Yes and no. I live in a warm climate... but we do have a few months of cooler weather' / Cat: 'Same with me. Like right now it's 25 degrees here.',Same with me. Like right now it's 25 degrees here.,4,True,related_subtopic,"After establishing their general stance on climate, the participants delve into a specific subtopic: the severe cold they are both currently experiencing (lower/single digits). They connect over this specific shared immediate experience.","Shared experience of currently enduring very cold, single-digit temperatures.",False,,"Dog: ""We have been inthe lower digits the last several days. Today it made it to around 15 though"" 
Cat: ""I live in the midwest. It's been in single digits here too.""",False,"Given that they both established they live in areas with seasonal cold weather ('snow', '25 degrees'), it is not surprising that they find common ground discussing the specific low temperatures they are currently facing.",The conversation is short but clearly moves from general climate alignment to specific weather rapport.,enthusiastic-coffee,Do you live in a warm climate?,background,2,opposing,1.0
True,agreement,"Both participants explicitly state that they do not regularly attend religious services. Dog initiates by stating they don't attend, and Cat agrees saying they don't either.",Dog: i don't attend regular religious services to answer the question ... Cat: I don't regularly attend religious services either,I don't regularly attend religious services either,12,False,none,"In the post-stance conversation, the participants explore their backgrounds but find divergent experiences rather than shared ones. Dog has a religious background and misses it, whereas Cat has never attended services and comes from a non-religious family. They exhibit politeness, but no substantive shared values or experiences emerge.",No common ground was found; participants discovered they had opposite backgrounds regarding religion.,True,"Despite currently agreeing on not attending, they discovered significant differences in their history: Dog used to attend, enjoyed it, and misses it, while Cat never attended and comes from a non-religious family.",Dog: what about you? did you ever? ... Cat: nope never,False,"The lack of common ground is not surprising given the brief nature of the chat, but more specifically, it is not surprising that two people who don't attend services might have arrived there from different paths (one lapsed, one never religious).",The conversation is friendly but highlights how current behavioral agreement (not attending) can mask different underlying histories (lapsed vs. never).,reduced-plum,Do you regularly attend religious services?,religion,0,shared,0.5
True,disagreement,"Dog states they 'sort of' live in a city, specifying they are in an 'apartment near the suburbs', whereas Cat explicitly confirms 'Yeah I do!' regarding living in a city. Their reported living environments are different (suburbs vs. city).",Dog: sort of. I live in an apartment near the suburbs ... Cat: Yeah I do!,"It's nice, but pretty expensive. I like being near public transportation",12,True,related_subtopic,"After establishing their locations, the conversation pivots to public transportation. Both participants express a strong positive valuation of public transit. Cat enjoys the convenience of having it, and Dog expresses a distinct desire ('I wish') to have better access to it, creating alignment on its desirability.","Both participants value public transportation; Cat appreciates the convenience and ability to work during the commute, while Dog expresses a wish for a denser transport system closer to their home.",True,"They discover a significant difference in access: Dog lives a 30-minute walk from the nearest bus stop, whereas Cat has a stop right by their apartment.","Dog: I wish I was near public transport
Cat: It's really convenient honestly
Dog: the nearest bus stop is like a 30 minute walk away",False,"It is not surprising that a city dweller enjoys public transit, nor is it unexpected for someone living near the suburbs ('sort of' city) to desire better transit infrastructure.",Cat's question 'How about you?' immediately following their stance serves as a transition to the specific subtopic of public transportation usage.,bare-rose,Do you live in a city?,background,0,shared,0.5
True,disagreement,"Dog identifies as bisexual ('I'm bi'), which corresponds to a 'No' on the focal question 'Do you identify as heterosexual?', while Cat identifies as heterosexual ('I've always identified as heterosexual'), corresponding to a 'Yes'. Thus, they hold different positions on the focal question.","Dog: ""I'm bi :)"" ... Cat: ""I've always identified as heterosexual.""",I think most people want this.,5,True,same_values,"In the post-stance phase, Cat explicitly circles back to a value statement Dog made earlier to express agreement. They share the underlying value that people should pursue lives that bring them happiness.",Both participants agree that people should live their lives in ways that bring them peace and joy.,False,,"Dog: ""I just want people to live their lives in ways that bring them peace and joy."" ... Cat: ""And I agree everyone should live their lives in ways that bring them peace in joy!""",False,"It is not surprising that a heterosexual person and a bisexual person would both agree on the broad, universal value of wishing peace and joy for others. This is a high-level moral agreement that does not conflict with their differing identities.","The conversation is very polite; while they differ on the focal identity question, they immediately establish rapport and shared values.",lonely-cyan,Do you identify as heterosexual?,identity,4,opposing,0.0
True,disagreement,"Cat explicitly states 'I am not a parent', while Dog states 'Yes I am a parent actually'. Although Cat later qualifies this with 'dog dad', their positions on the literal focal question (human parenthood) are different.",Cat: I am not a parent. Are you? / Dog: Yes I am a parent actually!,oh dog dad is just as important I'd say,6,True,related_subtopic,"After establishing that Cat is a 'dog dad', the conversation shifts to the specific details of dog ownership. They discover they both have experience with Maltese mix breeds (Maltese Chihuahua and Maltese Poodle). This is a subtopic directly related to the 'dog dad' identity established in the stance phase.","Participants bond over their shared experience with similar dog breeds; Cat has a Maltese Chihuahua mix, and Dog previously owned a Maltese Poodle.",False,No significant disagreements emerge in the post-stance conversation.,Cat: my dog is a maltese chihuahua mix / Dog: oh cute!  I used to have a maltese poodle but I lost him hiking,False,"It is not particularly surprising that a parent might also have experience with dogs. While their statuses on human parenthood differed, pet ownership is a broad demographic overlap that often transcends parental status.","The conversation is very cooperative; the participant with children (Dog) validates the other's 'dog dad' identity as 'just as important', allowing for smooth transition into the common ground.",invisible-teal,Are you a parent or caregiver?,identity,4,opposing,0.0
True,disagreement,"Dog states that 'overall people are pretty good', whereas Cat explicitly counters that while there are both, there are 'more bad than good'.","Dog: ""I think overall people are pretty good"" ... Cat: ""I think there are both good people bad people, but more bad than good""","I think there are both good people bad people, but more bad than good",5,True,related_subtopic,"Immediately after disagreeing on the general nature of people (good vs bad), they find agreement on the specific mechanism of 'circumstances' preventing good behavior and the idea that everyone has at least 'some good' inside.","They agree that external circumstances can prevent people from showing their good side and that everyone possesses some good, even if it is hard to find.",False,,"Dog: ""I think sometimes the good in people can't come out because of circumstnaces"" ... Cat: ""yes I definitely agree""",False,"While they disagreed on the binary question (good vs. bad), it is not surprising that they would agree on a mitigating factor like 'circumstances' to bridge the gap and maintain social rapport.",The conversation moves quickly from a fundamental disagreement to a collaborative agreement on why people might appear bad.,genetic-blue,Are people innately good?,morality,2,opposing,0.0
True,disagreement,"Cat states they are not affiliated with organized religion ('I am not'), while Dog identifies as affiliated ('I identify as protestant').",Cat: I am not ... Dog: Hey.   I identify as protestant,Cool,9,True,rapport_only,"The participants do not discover a shared belief or experience, but they establish a polite rapport. Cat asks for clarification on Dog's religion ('What is Protestant?') and reacts positively to the explanation ('Oh, ok well explained', 'Nice people'), while Dog uses humor ('light beer version of Catholics') to make the topic accessible. This represents general social lubrication rather than substantive common ground.",Polite and inquisitive exchange where the non-religious participant validates the religious participant's explanation with compliments.,False,No additional substantive disagreements emerge; the conversation remains explanatory and polite.,"Dog: We're like the light beer version of Catholics
Cat: Oh, ok well explained
Cat: Nice people",False,"While they hold different positions on the focal topic, basic politeness and curiosity are standard social expectations, so the lack of conflict and establishment of rapport is not inherently surprising.","Dog initiates the post-stance phase with a sarcastic comment on Cat's brevity ('Right, well you're chatty'), but the conversation recovers into a polite Q&A.",outside-turquoise,Are you affiliated with any organized religion?,religion,4,opposing,0.0
True,disagreement,"Dog shares that they attended a Red Hot Chili Peppers concert and plan to see Foo Fighters, indicating a positive stance on attending. Cat explicitly states 'I will not be going to any concerts' and prefers streaming, indicating a negative stance. Dog's immediate reaction acknowledges the cost but maintains that 'Live music is good'.","Dog: ""Going to Foo Fighters this summer"" ... Cat: ""I will not be going to any concerts, never been to any""","Yeah, they have gotten very expensive. Live music is good. What's your favorite band? Have you tried local live music?",2,False,none,"In the post-stance conversation, Cat answers Dog's question about favorite bands (mentioning Avril Lavigne), but Dog does not respond with any shared interest or validation, simply ending the conversation with 'Good luck'. The agreement on concerts being expensive occurred during the stance establishment phase (in Dog's reaction message), not in the post-stance dialogue.",No common ground found in post-stance conversation.,False,"No additional differences were confirmed; Cat stated a preference for Avril Lavigne, but Dog offered no comparison or opinion to establish a difference.","Cat: ""I don't have a favorite per say but I do like a lot of avril lavinge's songs""
Dog: ""Good luck""",False,No common ground was found to be surprised by.,The conversation ends abruptly. Dog's agreement regarding the high cost of concerts is included in the stance establishment phase as it was the immediate reaction to Cat's position.,liable-amber,Do you attend live music concerts?,preferences,4,opposing,0.0
True,disagreement,"Dog states they have 'lived in the same place my entire life', while Cat explicitly responds 'i havent' to the same question.",Dog: I've lived in the same place my entire life... Cat: ...i havent.,"Oh yeah, military will definitely make you move lol",9,True,related_subtopic,"Despite their different backgrounds (staying vs. moving), they find common ground in their appreciation for Oregon (Cat lives there, Dog's fiancé wants to move there) and small town living.","Participants bond over Oregon; Cat currently lives there and loves it, while Dog reveals his fiancé wants to move there due to the culture.",False,,Cat: i have lived in many small towns. i live in one now that is about 500 people on the Oregon coast / Dog: Oh wow! My fiance wants to move to Oregon,True,It is unexpected that the participant who lived in one place their whole life (Dog) would bond with the frequent mover (Cat) over a desire to move to the specific location where the mover currently resides.,Dog revisiting their stance ('I've lived in the same small town...') marks the start of the post-stance conversation as an elaboration.,unnecessary-teal,Have you stayed in the same place for your entire life?,background,4,opposing,1.0
True,agreement,"Both participants explicitly state that they do not go out on weekdays due to work obligations. Cat states 'I typically don't go out', and Dog responds with 'Me too'.","Dog: ""Me too, I usually don't go out on weekdays since I have to go to work the next day.""","Me too, I usually don't go out on weekdays since I have to go to work the next day.",4,True,related_subtopic,"After establishing they generally don't go out, they discuss what they prefer to do when they do go out. Cat mentions dinner with friends, and Dog confirms they do the same.","Both participants agree that when they do go out, having dinner with friends is their preferred activity.",False,,"Cat: ""For me, I think having dinner with my boyfriend or friends is ideal"" / Dog: ""I go to dinner with friends too.""",False,"Given that they both agreed on the main topic (limiting outings due to work), it is not surprising that they share standard social preferences (dinner with friends) for the occasions when they do go out.",Participants bonded over shared reasons for not going out (work) and shared preferences for activities.,crucial-violet,Do you go out on weekdays?,arbitrary,0,shared,1.0
True,disagreement,Cat states they answered 'definitely not' regarding staying in the same place and mentions traveling. Dog states they have 'lived in the same state and town for 29 years'.,"Cat: 'I think I answered this question ""definitely not."" ... have traveled around before landing here.' vs Dog: 'I've lived in the same state and town for 29 years.'",I've lived in the same state and town for 29 years. Hope to get out someday lol. Born and raised in Texas,2,True,rapport_only,"In the post-stance conversation, Cat offers a polite perspective that Texas is big with 'lots to explore' to validate Dog's situation. Dog agrees ('Definitely') but pivots to small talk about the weather. This exchange serves as social maintenance/rapport rather than discovering a deep shared value or substantive subtopic, especially since Cat explicitly notes they have never been there.","Polite agreement that Texas is a large place with exploration potential, followed by small talk about the weather.",False,,"Cat: ""Well, at least Texas is a big place, so lots to explore without even leaving, right? :) (I've never been there.)""
Dog: ""Definitely except the weather can't decide what it wants to do lol""",False,"The agreement is based on general knowledge (Texas is big) and politeness, which is expected in a casual conversation regardless of their differing movement histories.","While Dog expresses a desire to 'get out someday' in the stance phase (indicating a potential shared value with Cat's history of travel), this is not revisited in the post-stance messages.",running-magenta,Have you stayed in the same place for your entire life?,background,4,opposing,0.5
True,agreement,"Cat expresses skepticism that 'not every elected officials work to support us' and Dog explicitly agrees by stating, 'I feel the same as yourself.'","Cat: Hmm, about the question I personally think not every elected officials work to support us... Dog: I feel the same as yourself.",I feel the same as yourself.,3,True,related_subtopic,"After establishing their shared skepticism, Cat introduces a related point about the importance of researching candidates ('look deeper into who your voting for'). Dog agrees with this implication ('That is for sure'), establishing common ground on a specific civic action related to the main topic.",They agreed on the importance of researching candidates thoroughly before voting.,False,,"Cat: That's why its important to kind of look deeper into who your voting for haha
Dog: That is for sure lol",False,"Given that both participants agreed that officials do not always act in the public interest, it is not surprising that they would also agree on the need for voters to be vigilant and research candidates.","The conversation is very brief, moving immediately from stance establishment to a single point of elaboration and then closing.",jittery-amaranth,Do you think elected officials work to support the public's best interest?,politics,0,shared,0.5
True,agreement,Both participants state that their families did not immigrate to a new country. Dog says 'Mine did not' and Cat responds 'My did not either'.,Dog: 'Mine did not' ... Cat: 'My did not either',Same here,2,False,none,The only conversation following the stance establishment is a meta-discussion checking if the other participant is a bot. No substantive common ground or rapport is established.,No common ground found; conversation ended with a bot check.,False,No differences found.,"Cat: Are you a bot?
Dog: NO",False,No common ground was found to evaluate for surprise.,The conversation is very short and transitions immediately from the focal topic to a meta-commentary about the nature of the participants.,mammoth-brown,Did you or your family immigrate to a new country?,background,0,shared,1.0
True,agreement,"Dog expresses a nuanced position involving belief in a higher power (life is not an accident) but skepticism of established religion. Cat responds 'I'm unsure as well', explicitly marking alignment with the uncertainty or skepticism expressed by Dog.","Dog: I have trouble believing that life is a happy accident.  But I am not sure that I follow religion.
Cat: I'm unsure as well",I'm unsure as well,5,True,related_subtopic,"In the post-stance conversation, both participants explicitly agree on the nature of the inquiry itself—that it is a complex and difficult topic.",They agree that the question of God's existence is 'difficult'.,True,"Dog reveals a practice of thanking God when good things happen, implying a level of belief or spirituality, whereas Cat reiterates a fundamental uncertainty about whether God exists at all.","Dog: It is a difficult question.
Cat: yes, very much",False,"Given that both participants initially expressed uncertainty or hesitation about established religion/beliefs, it is not surprising that they would agree on the complexity and difficulty of the subject.","While they align on the 'difficulty' of the topic, there is a subtle divergence in practice (Dog thanks God; Cat remains fundamentally agnostic).",cultural-tomato,Do you believe in God or a higher power?,religion,0,shared,0.5
True,disagreement,"Dog identifies as Roman Catholic (affiliated), while Cat states they 'do not have a religion' and identifies as a deist (unaffiliated).","Dog: 'I have always been Roman Catholic...' vs Cat: 'I do not have a religion, but I am a deist.'","I do not have a religion, but I am a deist.",15,False,none,"The post-stance conversation consists entirely of Dog asking questions to understand Cat's specific beliefs (Deism and conspiracy theories about HAARP). Dog never validates, agrees with, or relates to these assertions; they only seek clarification.",No common ground was established.,True,"The discussion reveals deeper worldview differences. While Dog is Catholic (implying belief in divine intervention), Cat clarifies that as a Deist, they believe the creator 'creates' but 'doesn't intervene.' Furthermore, Cat introduces a conspiracy theory that nature is managed by 'haarp,' which Dog is unfamiliar with, highlighting a divergence in how they view reality and nature.",Dog: who manage nature? / Cat: nature is managed by haarp / Dog: what is that,False,No common ground was found to be surprising.,The conversation shifts from a theological discussion to a conspiracy theory discussion initiated by Cat.,quickest-tan,Are you affiliated with any organized religion?,religion,3,opposing,0.0
True,disagreement,"Dog states that they do not identify with any political party. Cat contrasts this by stating they 'do more than the other' (implying they do affiliate more than Dog or more than not), establishing a difference in affiliation status.","Dog: 'I don't really identify with any poli...'
Cat: 'I do more than the other'",Doing good I suppose we should talk about the question. I do more than the other,4,True,same_values,"Both participants agree on the value of independent thought and not adhering completely to a single party's platform. Dog states they 'don't agree with everything... try to base my opinions as my own,' and Cat explicitly validates this by saying 'I agree I don't agree completly with either'.","They found common ground in the nuance of their political engagement: both agree that one should not or does not completely agree with everything a political party says, even though Cat affiliates with one and Dog does not.",True,"A difference in political knowledge/understanding emerged: Dog admitted to not understanding how politics works ('I just don't understand how the whole politics thing works'), prompting Cat to explain the purpose of parties ('They are for people with different values...').","Dog: ""I don't agree with everything that they say on either side I try to base my opinions as my own so I don't think I should have to agree with everything they say...""
Cat: ""I agree I don't agree completly with either but I do align a lot more with one than the other""",False,"It is not surprising that an affiliated individual (Cat) would still claim some independence or nuance (not agreeing 'completely'), allowing for agreement with a non-affiliated individual (Dog) on the specific sub-point of critical thinking.",Cat's initial stance phrasing ('I do more than the other') is somewhat ambiguous but functions as an affirmation of affiliation in contrast to Dog's denial.,difficult-purple,Do you affiliate with any political party?,politics,4,opposing,0.0
True,agreement,Both participants explicitly state that they vote Democrat but do not identify with the party or affiliate strongly.,"Dog: ""I've voted Democrat my entire adult life,  but I can't necessarily say I identify with them"" / Cat: ""Yeah I'm similar... I usually vote Democrat but I don't identify with any particular party""",I'm not a fan of any politicians,6,True,related_subtopic,"After establishing their lack of party affiliation, they move on to discuss the specific reasons: the disappointing nature of the Democratic establishment and the broken state of the political system. They agree on these points extensively.","Both participants agree that the Democratic establishment is disappointing, the political system is 'broken entirely,' and politicians act in their own self-interest rather than wanting to govern.",False,,"Dog: ""The Democratic establishment is constantly disappointing me"" / Cat: ""totally agree"" / Cat: ""the political system as a whole isn't working""",False,"Given that both participants stated they vote Democrat but do not identify with the party, it is predictable (unsurprising) that they hold critical views of the party establishment and the broader political system.",The conversation flows naturally from the nuance in their initial stance (voting but not identifying) to the rationale (systemic failure).,sole-amber,Do you affiliate with any political party?,politics,2,opposing,1.0
True,disagreement,"Dog identifies as the gender assigned at birth ('identify as a male as I was born as one'), whereas Cat identifies as something different despite being assigned male at birth.",Dog: 'Yes I identify as a male...' vs Cat: '...I identify as something different',"I was born as male, but I identify as something different",5,True,rapport_only,"While the participants do not agree on the core concepts of gender identity, they establish a respectful dynamic. Dog expresses a desire to learn without malice ('No hate... just curious'), and Cat accepts this validation ('That's fair'). They share a commitment to civil discourse rather than a specific value or belief.","The participants establish a polite and curious rapport, with Dog assuring Cat that their inquiries are not hateful and Cat accepting the curiosity.",True,Dog explicitly states a lack of understanding regarding Cat's experience of identifying differently from their birth sex.,"Dog: ""No hate or anything on you in particular either I'm just curious"" / Cat: ""That's fair :-)""",False,"Basic politeness and curiosity are not surprising outcomes, even between participants with opposing experiences on the focal topic.","Dog attempts to bridge the gap in the final message by framing the experience around 'gender norms and roles', showing an attempt to find a shared conceptual framework, though the conversation ends before confirmation of agreement on that subtopic.",implicit-apricot,Do you identify as the gender which you were assigned at birth?,identity,4,opposing,0.5
True,disagreement,"Dog identifies affirmatively as an art creator ('I do'), citing poetry. Cat contrasts this by saying 'Not as much', describing their activity only as 'doodling', which implies a lower level of engagement or self-identification with the label 'creating art'.","Dog: ""I do. In a sense. I write poems"" / Cat: ""Not as much. The farthest i go is doodling""",That's fun though!,13,True,related_subtopic,The participants discover a shared interest in photography (a subtopic of art) and specifically agree on the quality of modern phone cameras.,"They find common ground regarding photography; specifically, they agree that cell phone cameras are becoming very advanced, and they share a similar perspective of not being experts ('I'm not great with it', 'Just scribbles').",False,,"Cat: ""Ohh yeah, i only have my cell phone camera. They are getting pretty advanced though! Lol"" / Dog: ""They really are! I'm not even great with that""",False,"It is not surprising that two people discussion art preferences would touch upon photography or phone cameras, as it is a ubiquitous technology and accessible creative outlet, regardless of their self-identification as 'artists'.",Dog introduces the camera topic ('I bought a camera recently too') as an addition to the art discussion.,oral-amber,Do you create art?,preferences,2,opposing,0.5
True,agreement,"Dog states 'I do live in a city', clarifying that it is a suburb of a big city. Cat responds stating 'I definenitly live in a city'. Both participants confirm they live in a city.","Dog: ""I do live in a city, but I thought maybe they meant in a big city."" ... Cat: ""I definenitly live in a city.""",I definenitly live in a city.,0,False,none,The conversation ends immediately after the second participant (Cat) establishes their stance. There are no further messages to analyze for post-stance common ground.,None,False,None,,False,No post-stance conversation occurred.,The conversation cuts off immediately after the stance establishment phase completes.,zesty-ivory,Do you live in a city?,background,0,shared,1.0
True,disagreement,"The participants provide opposing answers to the focal question 'Are you a parent or caregiver?'. Dog states they do not have children, while Cat confirms they have an 18-month-old child.",Dog: 'I do not have any children' ... Cat: 'I have one child. An 18 month old',"Dog: ""Nice!""",5,True,related_subtopic,"Despite their difference in current parental status, the participants find common ground on the related subtopic of future parenthood. Dog expresses openness to becoming a parent, aligning with the value Cat places on her role.","Dog validates the rewarding nature of parenting and expresses an openness to becoming a parent in the future, bridging the gap between their current statuses.",True,"A difference in relationship status emerges: Cat implies having a partner ('we are proud'), while Dog explicitly states being single.","Cat: ""Do you think you would want to be a parent someday?"" ... Dog: ""I'm open to it! But seeing as how I'm currently single & not seeing anyone at the moment, it's hard to plan on""",False,It is not surprising that a non-parent would still be open to the idea of having children in the future or recognize the rewarding aspects of parenting.,The conversation flows from establishing a status difference (parent vs. non-parent) to finding alignment on the general desirability of parenthood.,developing-apricot,Are you a parent or caregiver?,identity,4,opposing,0.5
True,disagreement,"Cat clearly states 'I do enjoy reading', while Dog contrasts this by admitting 'I haven't read much lately though', indicating a misalignment in their current engagement with the hobby.","Cat: ""I do enjoy reading"" ... Dog: ""I haven't read much lately though.""",I'm good. I haven't read much lately though.,8,True,related_subtopic,"Despite their different current reading habits, they discover a shared past enjoyment of the Harry Potter series during the conversation about favorite books.",Both participants liked the Harry Potter book series.,False,,"Dog: ""I really liked Harry Potter and Percy Jackson when I read it in high school..."" ... Cat: ""I like Harry POtter too. I read all but the last two books""",False,"It is not surprising that they share common ground on Harry Potter; even though Dog does not read much currently, they mentioned reading in high school, and Harry Potter is a ubiquitously popular series.","The conversation ends with a discussion on gardening initiated by Dog asking about Cat's interests, but Dog does not express a shared interest in gardening, only polite curiosity.",chemical-apricot,Do you enjoy reading?,preferences,2,opposing,0.5
True,agreement,"Both participants confirm they live in warm climates. Cat states that where they live 'gets very warm during the summer time,' and Dog explicitly confirms 'I do live in a warm climate' and follows up with 'Same' to emphasize the similarity.","Cat: Where I live, it gets very warm... / Dog: ...So I do live in a warm climate... Same.",Same. It gets so warm the heat could boil an egg,4,False,none,"In the post-stance conversation, the participants discuss their preferences regarding the climate and discover they have opposite desires. Cat wants to move somewhere colder, while Dog prefers to stay in the warmth.","No common ground was found in the post-stance conversation; instead, a divergence in preference was identified.",True,"Although they both live in warm climates, they disagree on whether they like it. Cat states a desire to 'move somewhere colder,' whereas Dog prefers the warmer climate due to negative past experiences with cold in the Midwest.","Cat: I would love to move somewhere colder
Dog: I prefer the warmer climate. I have had a fair share of the cold in the midwest",False,"Since no common ground was found in the post-stance conversation, there is no surprise factor to evaluate.",Participants agreed on the factual premise (living in a warm climate) but disagreed on their subjective preference for that climate.,corresponding-teal,Do you live in a warm climate?,background,0,shared,1.0
True,disagreement,"Dog explicitly states they do not work from home ('I only work from a designated workplace'). Cat initially states they do not work, but after Dog suggests it, Cat accepts the position that doing the study counts as working from home ('Well then yeah I guess I work from home'). Consequently, one participant affirms the status of working from home (Cat) while the other denies it (Dog), creating a technical disagreement on the focal question.",Dog: 'I do not and am not able to work from home.' ... Cat: 'Well then yeah I guess I work from home',Well then yeah I guess I work from home,10,True,related_subtopic,"After establishing their current work statuses, Dog reveals a desire to do telemedicine. Cat validates this by sharing that their friend is a doctor who successfully works from home doing e-visits. They find common ground on the topic of telemedicine and the desirability of working from home in the medical field.","Participants bond over the specific subtopic of telemedicine; Dog is a physician wanting to do it, and Cat has a friend who already does it.",False,No meaningful disagreements or friction emerged after the initial stance establishment.,"Dog: I want to do telemedicine
Cat: Oh nice. My buddy is a doctor. He works from home on Fridays... The same as during the rest of the week, just e-visits instead",False,"It is not surprising that participants discuss their professions or friends' professions in a conversation about work, nor is it surprising that they view working from home as a positive goal given Dog's earlier statements.",Cat disengages abruptly with 'Bye!' while Dog continues with one final thought.,generous-teal,Do you work from home?,arbitrary,0,shared,0.5
True,agreement,"Both participants explicitly state that they enjoy museums. Dog mentions enjoying 'learning new things' at museums, and Cat states 'I enjoy some museums' and shares a positive past experience.","Dog: ""I museums a little. I enjoy learning new things.""
Cat: ""I enjoy some museums.""",Cat: Same,6,False,none,"In the post-stance conversation, the participants discuss art. However, they do not find common ground; Cat expresses indifference toward paintings (preferring music), while Dog expresses respect for them. No shared value or interest is established in this section.",None found; they discussed art but had differing levels of enthusiasm.,True,"A difference in taste regarding art emerged. Cat stated a preference for music and said paintings are just 'okay i guess,' whereas Dog said they 'can respect a fine painting.'","Cat: ""I like music. Paintings are okay i guess""
Cat: ""How about you?""
Dog: ""Yeah, I can respect a fine painting""",False,"It is not surprising that two people who generally enjoy museums might differ on specific types of exhibits (e.g., art vs. history/music).",Dog's initial message 'I museums a little' contains a typo but is clearly intended as a positive stance given the follow-up sentence about learning.,ideal-green,Do you enjoy museums?,preferences,0,shared,1.0
True,agreement,"Dog explicitly states they identify as the gender assigned at birth, and Cat responds with 'Same', indicating clear agreement.","Dog: ""I do identify as the gender I was assigned at birth.""
Cat: ""Same.""",Same. Not sure what else there is to discuss.,5,True,related_subtopic,"After establishing their own identities, the participants move to discussing why other people (specifically younger generations) might have different experiences. They reach a consensus that increased access to information contributes to people having more questions about gender identity.",They agreed that the reason younger people may struggle more with gender identity is due to the increased accessibility of information on the topic.,False,,"Dog: ""Me too, though I understand a lot of younger people are torn these days.""
Cat: ""A lot more information is out there and easily accessible. Not surprising people have more questions than ever.""
Dog: ""I agree.""",False,"Given that both participants agreed on the focal topic (both identify as their birth gender), it is not surprising that they would collaboratively discuss and agree upon an explanation for why others might feel differently without conflict.",Participants quickly aligned and then engaged in a brief collaborative analysis of societal trends to fill the conversation.,architectural-coral,Do you identify as the gender which you were assigned at birth?,identity,0,shared,1.0
True,disagreement,"Cat confirms identifying as the gender assigned at birth ('I identify as a woman, which is the gender I was assigned to at birth'). Dog explicitly denies this ('I do noy', 'i am non binary').",Cat: 'I identify as a woman... assigned to at birth' vs Dog: 'I do noy... i am non binary',Gotcha! At what age did you begin identifying as non-binary? Was it a gradual realization or did you always know?,4,False,none,"The post-stance conversation consists of Cat explaining a typing delay and Dog answering the question about when they realized their identity. While polite, the conversation ends before Cat can respond to the details, so no mutual shared values or experiences are established.",None found.,False,No new disagreements emerged; Dog simply elaborated on the details of their non-binary identity.,"Dog: ""well i knew  i wasnt a girl at the age of 4""
Dog: ""i usually identified as a tom boy when i was a teen""",False,The lack of common ground is not surprising given the short duration of the post-stance conversation and the fundamental difference in their focal identities (Cisgender vs Non-binary).,"The stance phase concludes with Cat's acknowledgement 'Gotcha!', which is contained in the same message as the first follow-up question. The analysis treats this message as the boundary.",native-aquamarine,Do you identify as the gender which you were assigned at birth?,identity,4,opposing,0.5
True,agreement,"Both participants explicitly state that they do not work from home. Cat says 'no, i do not work from home' and Dog responds 'me neither'.","Cat: no, i do not work from home
Dog: me neither",me neither,10,True,rapport_only,"After establishing they both work on-site, the participants discuss their specific professions (cashier and physician assistant). They engage in a polite exchange of information and ask follow-up questions, showing general rapport. However, they do not explicitly identify shared values, experiences (e.g., commiserating about difficult people), or beliefs within this post-stance conversation.",General polite conversation about their specific jobs and roles.,True,They work in very different fields (grocery retail vs. healthcare) and have different levels of enthusiasm for their work (Dog likes problem solving; Cat thinks their job is just 'okay').,"Dog: what do you do?
Cat: cashier at a grocery store
Dog: im in healthcare work at a hospital",False,It is not surprising that two people who do not work from home would proceed to discuss what their on-site jobs are. The conversation follows a standard polite trajectory.,Participants engaged in a 'bot check' (say potato) before starting the task.,slippery-turquoise,Do you work from home?,arbitrary,0,shared,1.0
True,disagreement,"Cat explicitly states 'wouldn't say it's warm' due to -20 F temperatures, while Dog states 'typically I'd say it's a warm climate' with winters in the 50s.",Cat: 'wouldn't say it's warm' ... Dog: 'typically I'd say it's a warm climate',Its definitely not fun,9,True,related_subtopic,"Despite disagreeing on whether their overall climates are 'warm' (due to winter differences), they discover in the post-stance conversation that they share the experience of very hot summers (90-100+ degrees).",Both participants discuss having summers with temperatures exceeding 100 degrees.,False,,"Dog: What's summer like where you live? ... Cat: I just moved here in a few weeks ago, but apparently it gets pretty hot in the summer ... plenty of 90-100+",True,It is surprising that two people who disagreed on living in a 'warm climate' (one citing -20 F winters) would turn out to have the same extreme heat in the summer. The initial binary disagreement masked the shared seasonal characteristic.,"The conversation ends with rapport regarding Cat's recent move, but the substantive common ground relates to the summer climate subtopic.",selected-orange,Do you live in a warm climate?,background,4,opposing,1.0
True,agreement,Dog states 'I am a strong Democrat' and Cat responds 'Same actually!'. They explicitly agree on their political affiliation.,Dog: I am a strong Democrat. You? / Cat: Same actually!,Yeah.,10,True,related_subtopic,"After establishing they are both Democrats, they discuss the two-party system and independent parties. Cat expresses that it is a shame independents are overlooked, and Dog validates this by sharing that they used to identify as 'indie-leaning' before becoming more pragmatic.","Both participants express sympathy for independent parties and acknowledge the limitations of the two-party system, despite both identifying as Democrats.",True,"They differ in their political history and voting readiness: Dog has a longer history of political identity ('early on'), whereas Cat only became interested 'recently.' Additionally, Dog implies readiness to vote ('See ya at the polls'), while Cat reveals they still need to register.","Cat: Which is a shame, there's been some good independents come forth but everyone just wants left or right only xD / Dog: I think early on I identified as indie- leaning Democrat. / Dog: But the idealism ran out LOL.",False,It is not surprising that two Democrats would discuss the structural limitations of the US two-party system or admit to past sympathies with independent movements.,The conversation quickly moves from stance confirmation to a brief critique of the two-party system before concluding.,tremendous-beige,Do you affiliate with any political party?,politics,0,shared,1.0
True,disagreement,"Cat explicitly states they do not identify with their birth gender, whereas Dog states that they do identify with theirs, establishing opposing answers to the focal question.",Cat: 'I dont identify with my gender at birth' ... Dog: 'I do',I do but I don't have any issues with those that don't,4,True,same_values,"After establishing their different identities, the participants bond over the shared value that gender identity is a private matter. Cat mentions avoiding the topic because 'people get weird,' and Dog validates this by stating it 'isn't anyone's business.'",Both participants agree that gender identity is a private matter and that others should not make it an issue or interfere.,False,,"Cat: ""nice! its easier to say that i dont anonymously. people get weird when i tell them. so i usually dont""
Dog: ""It really isn't anyone's business to begin with, in my opinion. I don't see how it can come up in a conversation.""",False,"Dog immediately qualified their initial stance with a statement of tolerance ('I don't have any issues with those that don't'), making the subsequent agreement on privacy and validation of Cat's experience predictable.","While there is 'disagreement' on the focal question (different identities), the conversation is supportive.",gorgeous-turquoise,Do you identify as the gender which you were assigned at birth?,identity,4,opposing,0.5
True,agreement,"Dog explicitly states 'That's why I'm an outsider!' and Cat responds with 'I relate with you', confirming that both participants identify as outsiders in their communities.",Dog: 'That's why I'm an outsider!' ... Cat: 'I relate with you.',I relate with you. My community is pretty small lol! I also consider having different interests.,4,True,same_values,"In the post-stance conversation, the participants not only agree on the facts (small community, different interests) but explicitly validate the underlying value that 'it's okay to not fit in'.","They found common ground on the specific reasons for being outsiders (small communities, different interests than neighbors) and shared the value that it is acceptable ('okay') not to fit in.",False,,"Cat: I think it's okay to not fit in
Dog: Absolutely",False,It is not surprising that two people who both identify as outsiders and express dislike for social interaction (Dog) or relate to that feeling (Cat) would agree that it is acceptable to not fit in.,"Dog splits their reaction to Cat's stance message into two separate messages (3 and 4), validating the specific reasons Cat gave, before Cat pivots to the value judgment in message 5.",aggregate-emerald,Do you feel like an outsider in your local community?,identity,0,shared,1.0
True,disagreement,"Cat states 'I havent' regarding staying in the same place, whereas Dog states 'I decided to stay here instead of moving away', indicating opposite behaviors regarding the focal question.","Cat: 'I havent' ... Dog: 'I really enjoy where I live, so I decided to stay here instead of moving away.'",Oh okay,7,True,related_subtopic,"After establishing their mobility history, they discuss specific locations. They discover they both currently live in Texas and share the same opinion about California (that it is beautiful but too expensive).",Both participants currently live in Texas and agree that California is too expensive despite being beautiful.,False,,"Cat: 'I've lived in Texas. I like it more than CA to be honest' ... Dog: 'I really like Texas. California is beautiful, but its too expensive to live there in my opinion.' ... Dog: 'I live in Texas.'",True,"It is somewhat surprising that despite having opposite answers to the focal question (one never moved, one moved), they currently reside in the same state (Texas) and share the exact same perspective on the state the mover left (California).","Cat asks 'What state do you live in?' even though Dog had just mentioned 'I really like Texas' and 'My family is here', but the explicit confirmation establishes the shared location.",remote-beige,Have you stayed in the same place for your entire life?,background,4,opposing,0.5
True,agreement,"Both participants agree that stealing can be justified in specific contexts. Cat explicitly states it is justified in 'life threatening situation[s]', and Dog, while leaning towards 'no' in general, admits there are 'different situations' (exceptions). They align on the conditional nature of the morality.","Cat: I think stealing is justified only sometimes if the person is in life threatening situation ... Dog: I think in general no, but there are different situations.","I think in general no, but there are different situations.",5,True,same_values,"In the post-stance phase, Cat provides a specific example (a homeless person stealing for a starving child). Dog explicitly agrees. This demonstrates a shared underlying value that preserving life outweighs property rights.",They found common ground on a specific scenario: stealing food is acceptable if a homeless person's child is dying of hunger.,False,,"Cat: for example if a homeless person's child is dying of hunger, i'd say it's ok for them to steal food
Dog: I agree",False,The common ground was highly predictable because Cat's initial stance explicitly mentioned 'life threatening situation[s]' and Dog had already acknowledged the existence of exceptions.,"The conversation was brief and cooperative, with immediate convergence on the nuance of the focal topic.",painful-lavender,Can stealing ever be justified?,morality,1,shared,1.0
True,agreement,"Dog states they 'don't really feel like an outsider', and Cat responds 'no I love my community', indicating both participants feel integrated into their respective communities.","Dog: So, I don't really feel like an outsider in my community. Do you? ... Cat: no I love my community",no I love my community,11,True,different_topic,"After moving away from the focal topic of community belonging, the participants discuss exercise habits. They establish common ground on the fact that neither of them are runners.","Both participants agree that they are not runners; Cat prefers walking the dog and easing into exercise, while Dog likes to stay active without doing anything 'too crazy'.",True,"They differ in their appreciation of snow; Dog loves the snow in Nashville, whereas Cat moved from the Northeast specifically to avoid it.","Dog: I like to stay active, nothing too crazy though. I'm not a runner. 
Cat: Me neither",False,The common ground found regarding exercise preferences is unrelated to their feelings of belonging in a community. It is a standard conversational discovery that does not contradict their initial stances.,The conversation flows into a 'getting to know you' phase regarding geography and hobbies immediately after the brief stance establishment.,formal-amethyst,Do you feel like an outsider in your local community?,identity,1,shared,1.0
False,unclear,"Dog explicitly stated their position that people are not innately good. However, Cat never shared their own position, instead asking clarifying questions about Dog's view.","Dog: ""So I don't believe that people are innately good""",,0,False,none,"Mutual stances were never established (Cat did not share a view), so there is no post-stance conversation to analyze.",,False,,,False,No common ground could be analyzed as the conversation did not progress past the initial one-sided stance reveal.,The conversation is brief and ends with Cat clarifying Dog's position.,required-scarlet,Are people innately good?,morality,1,shared,0.5
True,disagreement,"Dog states they are in the northeast and 'basically no' regarding living in a warm climate. Cat states they live in 'central texas', which Dog identifies as 'warm', and Cat confirms is 'so warm in the summer'. Thus, they answer the focal question differently (No vs Yes).",Dog: im in the northeast ... so basically no / Cat: I live in central texas,so warm in the summer lol,15,True,related_subtopic,"Despite living in different climates, they find common ground regarding specific low temperatures. Cat describes a recent 'winter snap' of '10 degrees', and Dog identifies that as their current temperature ('thats today here'), and they agree that such weather is unpleasant ('wasnt fun', 'yeah no good').","Both participants share an experience of and distaste for 10-degree weather—Cat having experienced it recently during a snap, and Dog experiencing it currently.",True,"They identify differences in summer peak temperatures (Dog says 'nothing over 100', Cat says 'gets over 100') and current snow availability.","Cat: 10 degrees
Dog: yeah no good
Dog: thats today here",False,"While their general climates differ (Northeast vs Texas), discussing weather extremes is a standard conversational pathway in this domain. Finding that Texas occasionally gets cold (winter snap) aligns with known weather patterns, so sharing a dislike for freezing temperatures is not highly unpredictable.",Participants pivoted from their opposing general climates to comparing specific extremes (summer heat threshold and winter low temps).,orthodox-orange,Do you live in a warm climate?,background,3,opposing,0.5
True,disagreement,"Cat explicitly identifies as agnostic and unsure of a higher power's existence. Dog responds by suggesting that reading the Bible might reveal truths, implying a theistic stance and a belief in Christian scripture, which contrasts with Cat's doubt.","Cat: ""I'm agnostic, so I'm not really sure if a higher power exists or not."" / Dog: ""I think reading the bible might reveal some truths to you""",I think reading the bible might reveal some truths to you,3,False,none,"In the post-stance phase, Cat lists negative aspects of religion (hateful acts, wars) as reasons for their lack of belief. Dog does not respond to these points, so no mutual understanding or shared values are established.",No common ground found.,False,"Cat elaborates on the reasons for their initial stance (hypocrisy in religion, wars), but no new specific disagreements are mutually discovered because Dog does not reply.","Cat: ""It's hard to believe in a God when you have religions doing such hateful things.  The Christian community certainly feels compelled to tell you how to live.""",False,No common ground was found.,The conversation effectively ends after Cat's rebuttal to Dog's suggestion; Dog does not engage further.,key-apricot,Do you believe in God or a higher power?,religion,3,opposing,0.0
True,disagreement,"Participants give different answers regarding their behavior on the focal topic. Dog states 'Never have' regarding attending concerts, while Cat states they have been to 'maybe 3', indicating one participates (albeit rarely) and the other does not.","Dog: 'Never have, I want to' / Cat: 'Ive been to maybe 3 concerts in my life'","Ive been to maybe 3 concerts in my life..... Michael Jackson, Janet Jackson, and Mary J blige",2,True,related_subtopic,"After Cat mentions seeing Mary J Blige, Dog responds with enthusiasm ('I would love to see Mary J Blige'), establishing a shared interest in this specific artist despite their difference in attendance history.",Shared interest in the artist Mary J Blige.,False,,"Cat: ""Ive been to maybe 3 concerts in my life..... Michael Jackson, Janet Jackson, and Mary J blige""
Dog: ""I would love to see Mary J Blige in concert""",False,"This common ground is not surprising because Dog explicitly stated 'I want to' in their initial stance message, indicating an interest in concerts despite never having attended one.",The conversation is very short; the common ground is established immediately in the reaction to the stance elaboration.,marxist-silver,Do you attend live music concerts?,preferences,1,shared,0.5
True,disagreement,"Dog explicitly states they do not exercise regularly, while Cat immediately counters that they do exercise regularly.","Dog: ""Hello, I do not exercise regularly"" / Cat: ""I do exercise regularly""",I do exercise regularly,11,True,rapport_only,"The participants do not agree on the focal topic or discover shared values/interests. However, they establish rapport through humor, with Cat acknowledging Dog's consistency in avoiding 'work' and Dog agreeing with a laugh.",Participants shared a moment of humor regarding Dog's consistent avoidance of anything resembling 'work'.,True,"They discovered a difference in employment/lifestyle: Cat works from a computer, whereas Dog does not work and actively avoids anything related to work.","Dog: ""or workout. Anything to do with work I don't do... lol"" / Cat: ""At least you're consistent."" / Dog: ""lol true""",False,Finding rapport through humor is a common conversational tool to diffuse disagreement; it is not surprising that they remained polite.,The conversation was short but established a clear difference in lifestyle philosophy (health maintenance vs. effort avoidance).,scattered-copper,Do you exercise regularly?,arbitrary,3,opposing,0.0
True,disagreement,"Cat explicitly states they are 'dating someone', while Dog states they are 'currently not dating anyone'. They occupy different statuses regarding the focal question.","Cat: 'So to answer the question I am dating someone.' ... Dog: 'Cool. For me, I am currently not dating anyone.'","Cool. For me, I am currently not dating anyone.",14,True,related_subtopic,"While their relationship statuses differ, they find common ground on the topic of dating apps. Cat validates the efficacy of apps based on meeting their partner there, and Dog validates this as a user currently on the apps, expressing appreciation for the positive success story.","They bonded over the shared experience/appreciation of dating apps; Cat met their partner of 8 years on one, and Dog is currently using them.",False,"No further disagreements were expressed; Dog reacted positively ('that's pretty cool') to Cat's lifestyle choices (8 years unmarried, no kids) rather than expressing a differing view.",Cat: are you on the dating apps? / Dog: I am actually / Cat: That's how my partner and I met so they do work occasionally / Dog: Great to hear positive experience from apps,False,"Discussing the method of meeting (apps) is a natural conversational bridge between a single person and a partnered person. It is not surprising that someone in a long-term relationship met via an app, nor that a single person is using them.",They also established immediate meta-common ground regarding the awkwardness/shortness of the assigned topic.,naughty-tan,Are you married or dating someone?,identity,4,opposing,0.0
True,disagreement,"Cat explicitly states they are 'not informed enough to vote' and do not care to, indicating they will not vote. Dog counters that they believe their vote can 'help tip the scales' and 'make a positive change', indicating they intend to vote.",Cat: 'I am not informed enough to vote... my vote will not change anything' / Dog: 'i like to think my vote will help tip the scales',"That's your perogative, i like to think my vote will help tip the scales however meagre a chance and make a positive change.",2,True,related_subtopic,"After the initial disagreement on whether to vote, Cat pivots to the specific conditions under which voting is 'amazing' (being informed and unbiased). Dog agrees with this assessment ('true'), finding common ground on the subtopic of voter quality/education.",Both participants agree that it is positive for people to vote provided they are informed and not biased by party lines.,False,,"Cat: ""I think as long as those who do vote are informed and not just bias based off the candidate or the party, then that's amazing.""
Dog: ""true""",False,"This is not surprising because Cat's initial reason for not voting was specifically that they were 'not informed enough'. This implies an underlying belief that voting requires being informed, so validating informed voters aligns perfectly with their rationale for abstaining.",The conversation is short but clearly delineates a disagreement on action (voting vs abstaining) followed by agreement on principle (informed voting is good).,socialist-violet,Are you going to vote in the next election?,politics,3,opposing,0.5
True,agreement,"Dog explicitly states they 'exercise a lot' and lists activities. Cat, after initially deflecting, confirms they like physical activity with 'sure' and 'yes'.",Dog: 'I like to exercise a lot.' ... Cat: 'sure' / 'yes . how about you',yes . how about you,7,True,different_topic,"After the exercise topic concludes, Cat asks about citizenship ('are you a citzen'). Dog confirms this with a humorous remark about aliens. Cat validates the answer and the humor with 'lol yh'. They find common ground on the fact that they are both citizens (and the shared humor).",They agree that they are citizens and share a moment of humor regarding aliens also being citizens.,False,"Cat asks 'are you a christian' and Dog answers 'No', but Cat does not state their own religion, so a difference is implied but not confirmed in the text.",Cat: 'are you a citzen' ... Dog: 'Everyone is a citizen of some country.  Even aliens from outer space ... So yes' ... Cat: 'lol yh',True,"The conversation shifts abruptly from exercise to a checklist of identity questions (religion, citizenship) which is not a predictable trajectory based on the initial topic.","Cat's behavior (rapid-fire identity questions) is somewhat unusual, resembling a bot-check or strict interrogation, but Dog's playful response establishes a brief moment of connection.",equivalent-brown,Do you exercise regularly?,arbitrary,1,shared,0.5
True,agreement,"Both participants explicitly state that they enjoy spending time with their family. Cat says 'I said definitely yes' and Dog says 'Yes, I love being with my family.'","Cat: ""Hi, I said definitely yes."" ... Dog: ""Yes, I love being with my family.""","Yes, I love being with my family.",6,True,related_subtopic,"In the post-stance conversation, Dog explicitly aligns with a detail Cat mentioned earlier about visiting parents/extended family during holidays. Dog uses the phrase 'as well' to signal this shared specific interest.",Both participants enjoy visiting their parents and extended family during the holidays.,True,"They have different family sizes and home atmospheres; Cat has a large family (7 kids) which is 'chaotic', whereas Dog has a smaller family which is 'pretty quiet'.","Cat: ""Also, I love going home to spend time with my parents/wifes parents during holidays etc"" ... Dog: ""I enjoy seeing my parents as well during holidays.""",False,"Since both participants strongly agreed that they enjoy spending time with their family, it is not surprising that they also share the related value of enjoying time with extended family (parents) during holidays.","While they agree on the focal topic and a subtopic (holidays with parents), the conversation reveals a contrast in their daily family life (chaotic/large vs quiet/small).",ethnic-indigo,Do you enjoy spending time with your family?,background,0,shared,1.0
True,agreement,Cat explicitly states an affiliation with the Democratic party. Dog eventually states that they 'lean democrat'. Both align on the Democratic side of the spectrum.,Cat: I affiliate with the democratic party ... Dog: I believe i lean democrat,I believe i lean democrat,0,False,none,"The second participant (Dog) only reveals their position on the focal topic in the final message of the conversation. As there are no messages following this mutual stance establishment, no post-stance common ground could be established.",N/A,False,N/A,N/A,False,No post-stance conversation occurred to analyze for surprise.,"While participants found significant common ground regarding a related subtopic (dislike of political engagement/finding it upsetting) and established rapport, this occurred entirely before the second participant revealed their focal stance, and thus falls outside the 'post-stance' analysis window.",tory-salmon,Do you affiliate with any political party?,politics,4,opposing,0.5
True,agreement,"Dog explicitly states 'I exercise regularly' and Cat immediately responds with 'me too', indicating they both hold the affirmative position on the focal question.","Dog: I exercise regularly
Cat: me too",me too,18,True,related_subtopic,"After establishing that they both exercise, they discuss specific activities. Cat mentions liking 'hikes or walks', and Dog responds with 'I like hiking as well'. They find a specific shared activity within the domain.",Both participants enjoy hiking.,True,"Dog prefers 'Cardio' and 'Mostly running', whereas Cat explicitly states a preference for 'slower things' like walking.","Cat: oh I mostly like going on hikes or walks. I like slower things
Dog: I like hiking as well",False,"Given that both participants stated they exercise regularly (agreement), it is not surprising that they would find a specific overlapping activity like hiking, which is a common form of exercise.","Participants also briefly bonded over motivation (health/wellbeing rather than looks), but the specific activity overlap was more concrete.",outside-indigo,Do you exercise regularly?,arbitrary,0,shared,0.5
True,disagreement,"Dog explicitly states they are 'not much of a live music concert person' and prefer small gatherings, whereas Cat states they 'love concerts' and attend frequently.","Dog: 'Personally, Im not much of a live music concert person.' ... Cat: 'I love concerts, I go half a dozen times a year or so'","Gotcha. I love concerts, I go half a dozen times a year or so but would go more if I had the chance.",7,True,related_subtopic,"Despite their opposing views on attending concerts, both participants agree that the loudness of concerts is a negative aspect. Cat validates Dog's medical issue (tinnitus) and shares their own dislike of the volume.","They found common ground regarding the excessive loudness of concerts. Dog cites it as a reason for not going (due to tinnitus), and Cat agrees that 'the loudness does suck' and requires earplugs to make the experience enjoyable.",False,,"Dog: ""I have tinnitus in one ear, so really loud sounds tend to hurt a bit.""
Cat: ""When I finally started wearing earplugs to concerts I started enjoying them a lot more, the loudness does suck!""",True,"It is somewhat surprising that the participant who loves concerts and attends frequently (Cat) readily agrees with the non-attender's primary complaint, admitting that a key feature of the experience (loudness) 'sucks'.",The conversation moves quickly from stance opposition to a shared complaint about the physical environment of concerts.,petite-salmon,Do you attend live music concerts?,preferences,4,opposing,0.0
True,agreement,Dog opens by stating they are a spiritual person 'to some extent'. Cat responds with explicit agreement ('I agree') and defines their view as believing in a higher power rather than a specific God. Dog confirms this shared view ('Yeah me too').,Dog: I feel like I am a spiritual person... Cat: I agree.,"Yeah me too, I feel there is definitely something bigger than us",6,True,related_subtopic,"In the post-stance conversation, they discuss specific beliefs about the connection between the natural and spiritual worlds, as well as their personal history regarding spiritual experiences.","They find common ground on the belief that the natural world and spiritual world are connected ('It's all connected'). They also share the same experience regarding the lack of specific, blatant spiritual events in their lives.",False,,Cat: Like the natural world is connected to the spiritual world / Dog: True / Dog: It's all connected,False,"Given that they initially established a non-dogmatic, vague spirituality ('higher power' but not 'God'), finding alignment on nature-based connections and a lack of specific, blatant miraculous experiences is consistent and predictable.",Participants show high levels of alignment and active listening throughout the conversation.,nasty-coral,Are you a spiritual person?,religion,0,shared,1.0
True,agreement,"Both participants confirm they have not stayed in the exact same place their entire lives. Dog notes moving to 'many different cities' (though within the same state), and Cat notes moving 'around a few states' and 'across the country'.",Dog: 'I have moved around to many different cities.' Cat: 'I've moved around a few states... I moved across the country a few years ago.',"I've moved around a few states in the Northeast for most of my life, but I moved across the country a few years ago.",4,True,related_subtopic,"After establishing their moving history, they discuss the specific differences between the regions (East vs West). Dog validates Cat's observation about the stark differences in environment ('trees and architecture') by citing their own experience traveling East for work.","Shared perspective on the significant environmental differences (trees, architecture) between the Western and Eastern United States.",False,,"Cat: ""It kinda feels like being in a different country altogether. The trees and architecture are completely different.""
Dog: ""Yeah, I live in the West but have traveled East a lot for work. I get what you're saying.""",False,It is not surprising that two people who have moved or traveled would share observations about regional differences in geography and architecture.,Dog's reaction 'Cool' combined with the follow-up question starts the post-stance phase.,practical-green,Have you stayed in the same place for your entire life?,background,0,shared,1.0
False,unclear,"Cat explicitly states a position ('definitely not moving in the right direction'), but Dog never shares a stance on the focal topic, engaging only in greetings and procedural talk.",Cat: definitely not moving in the right direction,,0,False,none,"Since stances were never mutually established (Dog did not state a position), there is no post-stance conversation to analyze.",None,False,None,None,False,No common ground was found as the conversation did not progress beyond procedural clarifications.,Dog's response 'yes' appears to be answering the procedural question 'do we just sit here for 3 min' rather than agreeing with Cat's political stance.,nervous-ivory,Do you feel like the country is moving in the right direction?,politics,2,opposing,0.5
True,agreement,"Both participants move away from a binary ethical judgment to a nuanced position focusing on quantity and environmental impact. Cat states the issue is 'consuming too much meat' and Dog explicitly aligns with this, stating 'I feel like we consume too much of it as well'.","Cat: ""I don't think its bad for your body, but too much is for the planet"" ... Dog: ""I feel like we consume too much of it""",too much of a thing is always bad,0,False,none,The conversation ends immediately after the participants establish their alignment on the focal topic. The final message ('too much of a thing is always bad') serves as a concluding generalization of their shared stance rather than a new phase of conversation.,N/A,False,N/A,N/A,False,N/A,"The entire conversation functions as the stance establishment phase, concluding with a shared maximization on moderation.",valid-tan,Is it ethical to eat meat?,morality,0,shared,1.0
True,agreement,"Dog explicitly states they 'did live in the same country since birth' (after mentioning California). Cat describes living in New York and Pennsylvania, implying they have remained within the United States. Both participants position themselves as having lived in their home country their entire lives without immigrating.","Dog: ""I did live in the same country since birth."" Cat: ""I lived in New York until I was 11 and then I have lied in Pennsylvania ever since.""","Nice, nice. I did live in the same country since birth. But time is running out, nice talking to you.",1,False,none,"The conversation ends immediately after the stance establishment exchange. The only subsequent message is a farewell, offering no opportunity to discover common ground.",None,False,None,"Cat: ""Nice talking to you too, bye.""",False,No common ground was established because the conversation terminated immediately.,"Dog's initial message was contradictory ('lived in california my entire life, but i lived elsewhere'), but their final stance message clarified the position ('same country since birth').",rapid-green,Did you or your family immigrate to a new country?,background,0,shared,0.0
True,disagreement,"Dog states they live in a city, while Cat states they live in the country, establishing opposing positions on the focal question.","Dog: yes I live in a city ... Cat: i live in the country, not near a major city",I see,4,True,rapport_only,"The participants agree on a meta-comment about the conversation itself (that the difference in their living situations makes the question 'more understandable'). This constitutes agreement on the immediate context/rapport, but they do not discover shared values, beliefs, or experiences regarding the actual domain of background or living environments.",They mutually agree that their difference in living situations justifies the focal question's validity.,False,,"Dog: I guess that makes the question more understandable
Cat: yes I agree",False,It is not surprising that participants would politely agree on the validity of the study question after establishing their positions.,The conversation is very short; the post-stance interaction is primarily polite closure and meta-commentary.,increased-maroon,Do you live in a city?,background,4,opposing,0.0
True,agreement,"Both participants explicitly state that they do not go out on weekdays. Dog mentions being 'busy with school', and Cat describes themselves as a 'homebody' who hangs out with their partner.","Dog: 'Not really, I'm usually busy with school.' ... Cat: 'I'm kinda a homebody. Typically just hang at the house with my partner on weekday nights.'",Same. I also find it's hard to for my friend group to make plans as we're usually all busy.,1,True,related_subtopic,"In the single post-stance message, Cat validates Dog's reasoning ('that makes sense') and adds a complementary reason regarding the difficulty of waking up early. This establishes shared understanding of the practical barriers to going out.",Agreement on the practical difficulties of going out on weekdays (scheduling conflicts and consequences for the next morning).,False,,"Dog: ""I also find it's hard to for my friend group to make plans as we're usually all busy.""
Cat: ""Yeah that makes sense. Plus it's hard to wake up early the next morning after being out late""",False,"Since they initially agreed that they don't go out on weekdays, it is not surprising that they also share similar pragmatic reasons (being busy/tired) for that behavior.",The conversation is very short; the post-stance phase consists of a single message where Cat elaborates on the reasons for their aligned stance.,liquid-orange,Do you go out on weekdays?,arbitrary,0,shared,1.0
True,disagreement,Dog identifies as 'single' and answered 'definitley not' regarding being married or dating. Cat answered 'definitely yes' because they are 'married'. These represent opposing statuses on the focal topic.,"Dog: ""definitley not ... because i'm single lol"" / Cat: ""i put definitely yes because i'm married haha""",i put definitely yes because i'm married haha,23,True,same_values,"Despite their different relationship statuses, they find alignment on the philosophical value of resilience and personal growth following relationship struggles. Cat offers the sentiment 'we grow through what we go through,' and Dog enthusiastically agrees ('100%'). They also establish common ground on the nature of the chat platform ('like reddit but more anonymous').",They agree on the value of resilience and learning from past relationship experiences (growing through what you go through) and share a positive view of the anonymous chat context.,False,No additional disagreements emerged; the conversation was supportive and polite.,"Cat: ""we grow through what we go through, and all that""
Dog: ""100%""",False,"It is not surprising that two polite individuals, despite being in different relationship stages (single vs. married), would share a general belief in personal growth and resilience.",The conversation transitions from a stance difference (status) to shared values (resilience) and meta-conversation about the platform.,nosy-blue,Are you married or dating someone?,identity,4,opposing,0.0
True,agreement,"Both participants explicitly state that they do not prefer one medium over the other. Cat states 'I certainly don't' regarding the preference, and Dog responds with 'same here', elaborating that the mediums have become very similar.","Cat: I certainly don't ... Dog: same here....especially nowadays where ""tv shows"" can almost be like movies",Exactly. Long episodes or just certain TV shows can seem like movies like you mentioned,10,True,related_subtopic,"After establishing their stance on the general topic, they move to discussing specific TV shows (Yellowstone and Fargo). They share a positive connection over these shows, with Cat expressing intent to watch Dog's recommendation.","They discovered a shared appreciation for high-quality TV dramas; specifically, Dog recommended 'Yellowstone' and Cat expressed interest in watching it while sharing their own current favorite, 'Fargo'.",False,No disagreements or differences were found in the post-stance conversation.,Dog: recently I've been watching Yellowstone ... Cat: I do! Currently Fargo on hulu. and I've heard of Yellowstone! I'll definitely have to watch it,False,The common ground found (enjoying cinematic TV shows) is directly aligned with their initial stance that TV shows have become 'almost like movies'. It is predictable that they would enjoy shows that fit this description.,The conversation flows naturally from the stance reasoning (TV is like movies) to examples of that reasoning (Yellowstone/Fargo).,frightened-azure,Do you prefer TV shows over movies?,preferences,0,shared,1.0
True,disagreement,"Dog explicitly states their family did not immigrate, whereas Cat states their family did immigrate.",Dog: 'My family did not immigrate from another country.' / Cat: 'My family immigrated from another country',My family immigrated from another country,6,True,related_subtopic,"Despite their opposing answers to the focal question (one family immigrated to the US, the other didn't), they find a specific geographic connection in the post-stance conversation. Cat's family is from Eastern Europe, and Dog has a brother living in Europe (implicitly Eastern, or at least accepted as a relevant connection in context).",Both participants have family connections to Europe/Eastern Europe (Cat's family originated there; Dog's brother emigrated there).,False,,"Cat: ""They came from Eastern Europe many years ago"" / Dog: ""I have always wanted to go to Europe as my brother lives there.""",True,"It is unexpected that a participant with a non-immigrant background would have a close family member (brother) who emigrated to the specific region the other participant's family immigrated from, creating a bridge between their opposing statuses.","The conversation pivots from past immigration (Cat's family) to recent emigration (Dog's brother), creating a symmetric connection.",dirty-lime,Did you or your family immigrate to a new country?,background,4,opposing,0.5
True,agreement,Both participants explicitly state that they answered 'yes' or aligned with a political party regarding the focal question.,Dog: 'I answered probably yes just because my views tend to align with one party' / Cat: 'I answered the same! I tend align with one party',"I answered the same! I tend align with one party, but don't like to be identified as just one party.",5,True,related_subtopic,"In the messages following the stance declaration, Dog elaborates on the complexity of political thought versus the binary party system, and Cat enthusiastically agrees. This is a substantive agreement on a specific nuance of the political domain.","They agreed that political thought involves more than two dimensions, despite there usually being only two parties.",False,,"Dog: ""yeah, it's weird. There are more than two dimensions of political thought but usually just two parties :/""
Cat: ""Yes! Absolutely! I 100% agree with that.""",False,The common ground is not surprising because Cat hinted at dissatisfaction with rigid labels in their stance message ('don't like to be identified as just one party'). Dog's subsequent critique of the two-party system aligns perfectly with Cat's expressed nuance.,The conversation is very short; the post-stance discussion immediately identifies a shared critique of the party system before closing.,related-purple,Do you affiliate with any political party?,politics,0,shared,1.0
True,agreement,"Cat explicitly states 'I believe that it is ethical to eat meat.' Dog responds with agreement, stating 'I think it is also ethical' with a condition regarding animal suffering.","Cat: I believe that it is ethical to eat meat... 
Dog: I think it is also ethical so long as the animals don't suffer needlessly.",I think it is also ethical so long as the animals don't suffer needlessly. There should be animal protection laws that ensure that doesn't happen.,2,True,related_subtopic,"After establishing their agreement on the main topic, they proceed to discuss specific conditions (factory farming) and solutions (government incentives/tax breaks). They agree on these specific policy/implementation details.",They agree that factory farming needs to be managed ethically and that the government should provide incentives (like tax breaks) to encourage farm-raised meat over factory farming.,False,No additional disagreements emerged; they reinforced each other's points regarding regulation and incentives.,"Cat: I believe that too. Factory farming can be made ethical but the concept of eating meat is not so bad to me
Dog: Exactly. Our culture should encourage farm raised meat and our government should give farmer more incentive such as tax breaks",False,"Given that they both agreed meat eating is ethical but conditioned on the absence of needless suffering, it is predictable that they would agree on mechanisms (like regulating factory farming) intended to reduce that suffering.",The conversation moves quickly from the philosophical question to practical policy agreement.,literary-tomato,Is it ethical to eat meat?,morality,0,shared,1.0
True,agreement,"Dog explicitly states 'i don't create art' and Cat replies 'And neither do I', confirming they share the same position.","Dog: ""i don't create art"" / Cat: ""And neither do I.""",same,6,True,related_subtopic,"After establishing that neither creates art, they immediately bond over a related subtopic: art appreciation. Dog mentions appreciating it, and Cat confirms they 'love art' despite not being good at it.","Both participants agree that while they do not create art, they appreciate and love it.",False,"No significant differences emerged; Cat mentions doing writing (creative work), which Dog validates rather than contrasting against.","Dog: ""i appreciate it though"" / Cat: ""And yeah. I love art. Simply not good at it.""",False,It is not surprising that people who do not create art still appreciate it; this is a standard consumer vs. creator distinction.,"Cat clarifies that while they don't create visual art, they do creative writing. This adds nuance but doesn't create conflict.",intense-scarlet,Do you create art?,preferences,0,shared,1.0
True,disagreement,"Cat states they 'tend to eat breakfast most days', while Dog says they 'dont really eat breakfast' and usually fasts until evening.","Cat: I tend to eat breakfast most days what about you?
Dog: I dont really eat breakfast most days.",heh fasting is pretty good too I like to do that when I can,2,False,none,"After the stance establishment and Cat's immediate validation of fasting, the conversation moves to an informational exchange (Dog asking what Cat eats). In these final two messages, no shared beliefs, values, or experiences are stated; Cat simply describes their meal.",None found in the post-stance phase.,False,No new disagreements emerge; Cat simply details the specific food they eat.,"Dog: what do you usually eat?
Cat: I usually eat 4 eggs and some sort of meat",False,No common ground was established in the post-stance phase to assess for surprise.,"Cat offers validation of Dog's fasting ('fasting is pretty good too') as an immediate reaction to the stance, so this is included in Phase 1 per the guidelines. Phase 2 is strictly the informational question and answer.",fiscal-apricot,Do you eat breakfast?,arbitrary,3,opposing,0.5
True,disagreement,"Dog states 'no' regarding being a parent/caregiver, while Cat states 'Yes'.","Dog: no
Cat: Yes",Dog: okay,6,False,none,"In the post-stance conversation, participants briefly discuss the number of children Cat has, but they do not find any shared experiences, values, or perspectives. The interaction ends with a polite but distant closing ('good luck with that') without establishing substantive rapport or common ground.",None found.,False,No additional disagreements emerged; the conversation merely elaborated on the initial difference (Cat having a child vs Dog not).,"Cat: Im not sure what to say from here
Dog: how many kids do u have
Cat: I have one",False,"Given that they started with opposing positions (parent vs. non-parent) and expressed awkwardness immediately after ('Im not sure what to say from here'), the lack of discovered common ground is not surprising.","The conversation is brief and functional, marked by an initial stall due to the disagreement.",expensive-orange,Are you a parent or caregiver?,identity,4,opposing,0.0
True,disagreement,"Dog explicitly states they 'do not attend them, at all, ever', while Cat states 'I regularly attend!' showing a clear opposition in behavior regarding the focal topic.","Dog: 'I do not attend them, at all, ever...'; Cat: 'Yes! ... I regularly attend!'","Yes! I don't know the context in which we discuss but, I regularly attend!",9,True,rapport_only,"The participants do not discover shared beliefs or experiences. Instead, they establish a polite 'agree to disagree' dynamic where they validate each other's choices (Dog is 'glad it brings you happiness'; Cat understands they are on their 'own journey'). This constitutes rapport without substantive common ground on the topic.","Participants expressed mutual respect for their differing lifestyles; Dog expressed happiness for Cat's practice despite not sharing it, and Cat validated Dog's non-religious stance.",True,They revealed specific differences in religious background (Cat is non-denominational Christian; Dog is Jewish by birth but non-practicing).,"Dog: ""btw, i don't judge people for being religious, its just not for me ... but i'm glad it brings you happiness""
Cat: ""No I completely understand. We are on our own journey!""",False,It is not surprising that two individuals with different religious habits would express politeness and mutual respect for personal choices.,"Dog attempts to relate to Cat's '21 days of prayer' by mentioning Orthodox coworkers who pray daily, but this is an observation of others rather than a shared personal ground.",mobile-crimson,Do you regularly attend religious services?,religion,4,opposing,0.0
True,agreement,Cat initiates by stating that stealing can be justified in certain situations. Dog immediately aligns with this view ('me too') and adds that survival is more important than the law.,"Cat: I think there are certain situations where stealing can be justified / Dog: me too, survival is more important than obeying the law","me too, survival is more important than obeying the law",5,True,same_values,"In the post-stance conversation, participants agree on specific examples (medicine/food) and share a deeper value judgment that prioritizing law over survival is 'inhumane'.",They found shared values in regarding survival as paramount and viewing the strict opposition to justifiable stealing as 'inhumane'.,False,,Cat: Of course some people think otherwise and would not agree / Dog: Well I think that is a little inhumane of them,False,"Given their immediate agreement on the focal topic (that stealing is justified for survival), it is not surprising that they share the underlying values that support this view.",Participants were highly aligned from the start and reinforced this alignment through specific examples and shared judgment of opposing views.,independent-coffee,Can stealing ever be justified?,morality,1,shared,1.0
True,agreement,"Both participants agree that the impact of personal events on holding office depends on the nature of the event. Cat states 'it depends on what the event was', and although Dog starts with 'definitely yes', Dog immediately qualifies it by saying 'But, yes, it depends on the event too', citing minor offenses like smoking weed as excusable. Cat explicitly confirms this alignment with 'I agree'.","Dog: But, yes, it depends on the event too. Like idc if a politician smoked weed in an illegal state or something stupid like that
Cat: I agree",I agree,2,False,none,"In the post-stance phase, the participants offer separate elaborations without explicitly acknowledging or validating each other's specific points. Cat introduces the idea of media embellishment, while Dog introduces the distinction of office levels (e.g., presidency requiring more scrutiny). Dog's phrase 'I also think' likely links back to their own previous point about events, rather than confirming Cat's point about the media. They are parallel processing different subtopics.",None established in the post-stance phase; participants engaged in parallel elaboration.,False,No explicit differences were stated in the post-stance phase.,"Cat: Plu the media embelishes and makes things a bigger deal than they are
Dog: I also think it'd depend on the office? Like obviously people running for an office like president, there's a lot more scrutiny there",False,No common ground was found in the post-stance conversation to evaluate for surprise.,"While the tone is collaborative, there is no explicit 'uptake' or agreement on the specific new points raised (media vs. office level) after the initial stance agreement.",sharp-tomato,Should events in politicians' personal lives impact their ability to hold public office?,politics,2,opposing,0.5
True,disagreement,"The participants provide opposing answers to the focal question 'Did you or your family immigrate to a new country?'. Dog states that their family has not immigrated, while Cat states that both their mother and father immigrated.",Dog: 'my family hasn't even immigrated countries' vs Cat: 'yes ... both my mother and my father immigrated',but i was born in the US,25,True,related_subtopic,"While their family histories differ, they find common ground on the related subtopic of 'study abroad'. Cat shares a positive experience doing it, and Dog expresses a desire/openness to do it and a wish to leave their home state.","They discuss studying abroad; Cat recommends it based on experience in Paris, and Dog expresses interest in going abroad and a desire not to stay in Texas.",True,"They reveal differences in their college majors (Cat studied Art/French, Dog is in Engineering) and family origins (Cat's parents are from Iran/South Korea, Dog's family is from the US/Texas).","Dog: im still in Texas college, but my major would possibly let me go abroad ... i dont particularly want to stay in this state
Cat: i studied abroad in paris, it was the best time of my life!
Cat: got it. i definitely recommend it!",False,"It is not particularly surprising that college students, regardless of family immigration history, share an interest in studying abroad or traveling.","The conversation moves smoothly from the focal topic of immigration history to the related topic of study abroad, bridging their different backgrounds with a shared interest in international experience.",tall-tomato,Did you or your family immigrate to a new country?,background,4,opposing,1.0
True,agreement,"Dog argues that machine morality is dependent on human programming. Cat explicitly agrees, stating 'That's pretty much what I though too' and reiterating that it is based on programming.","Dog: I think that a machines morality is dependent on the morality programmed into it by humans
Cat: That's pretty much what I though too.","That's pretty much what I though too. I guess it could act ""morally"" or have a moral outcome, but that would be based on the programming.",2,True,related_subtopic,"After the initial agreement, Dog introduces the nuance that this programmed morality is subjective. Cat agrees ('True'), finding common ground on the nature of the programming before moving to a new question.",Participants agreed that the morality programmed into machines is subjective.,False,,"Dog: Right and to a large extent that is subjective.
Cat: True.",False,"It is not surprising that two people who agree machine morality is simply human programming would also agree that such programming is subjective, as this is a logical extension of their shared primary stance.",The conversation is very short; the post-stance phase consists of a brief agreement on subjectivity and an open-ended question about liability that was not answered.,intermediate-blue,Can a machine be moral?,morality,0,shared,1.0
True,disagreement,"Cat confirms being a parent ('Yes. A parent.'), while Dog confirms they are not ('i am not either'). They hold different statuses regarding the focal identity question.",Cat: 'Yes. A parent.' ... Dog: 'i am not either',i am not either,10,True,related_subtopic,"The participants find common ground on the 'tough challenge' of parenting, particularly at a young age. Cat jokes that kids have aged them ('Not after having kids!'), and Dog empathizes by sharing that their mother had them at 21 and they personally couldn't imagine being ready at that age. Cat validates this observation.","They agree on the significant difficulty and life-altering nature of parenting, specifically acknowledging the challenge of raising children while young.",False,No new disagreements emerge; they discuss their different life stages (Cat feeling aged by kids vs Dog being 20) as factual context rather than conflict.,"Dog: ""i am 20 and my mom had me when she was 21 and i think its crazy bc there is no way i would be ready to raise kids right now"" / Cat: ""That's a tough challenge.""",False,"It is not surprising that a parent and a non-parent would agree that parenting is difficult or demanding, as this is a widely held societal view regardless of parental status.","Dog validates Cat's religious sentiment ('thats very valid') but does not explicitly share it, so common ground is strictly found on the difficulty of parenting.",imperial-purple,Are you a parent or caregiver?,identity,4,opposing,0.0
True,agreement,Cat explicitly states she is not affiliated with any organized religion. Dog responds by saying they answered the same way and are 'most definitely not a part of any organized religion.',Cat: 'I am not affiliated with any organized religion.' / Dog: 'I answered the same way...',"I answered the same way, I am most definitely not a part of any organized religion.",7,True,related_subtopic,"After establishing that neither is religious, they discuss why. Dog criticizes churches for caring more about numbers/money than people. Cat explicitly validates this by saying 'I agree with you about that' before adding her own criticism about control. They find common ground on the specific negative traits of religious institutions.","Both participants share criticisms of organized religion; specifically, Cat agrees with Dog's observation that religious institutions often prioritize numbers and money over caring for individuals.",False,"No explicit disagreement occurs post-stance. Dog expresses a lack of awareness regarding Cat's point about control ('Oh I wasnt aware of that'), but this represents a difference in knowledge/experience rather than a disagreement.",Dog: 'I felt they were more about the numbers of people in the church and money then caring about the people who were there.' ... Cat: 'I agree with you about that. I have a lot of criticisms of organized religion.',False,"Since both participants immediately identified as not being affiliated with organized religion, it is not surprising that they would subsequently share negative experiences or criticisms of those institutions.","The conversation flows naturally from stance to reasons. Dog's lack of awareness regarding the 'control' aspect mentioned by Cat highlights a slight divergence in their specific reasons for leaving/avoiding religion, but the overall tone remains aligned.",rational-beige,Are you affiliated with any organized religion?,religion,0,shared,1.0
True,disagreement,"Cat confirms identifying as heterosexual, while Dog explicitly states they do not. Their answers to the focal demographic question are opposite.",Cat: 'I do identify as heterosexual' / Dog: 'no i dont',thank you very much i really appreciate your response,26,True,same_values,Participants explicitly agree on the moral value that individuals should not be judged for who they love and that societal acceptance is progressing too slowly.,"They agree that community acceptance is moving 'way too slow', share confusion over why people judge others' love lives, and bond over the importance of support for LGBTQ+ individuals (Cat's friend, Dog's personal experience).",False,,"Cat: ""I don't why people get worked up over who others love"" 
Dog: ""me too i really dont get it""",False,"It is not surprising that a heterosexual participant and a non-heterosexual participant share values of acceptance and inclusivity, as identifying as heterosexual does not preclude being an ally.",Participants also bonded over technical issues with the survey timer.,shocked-turquoise,Do you identify as heterosexual?,identity,4,opposing,0.5
True,disagreement,"Dog explicitly stated they answered 'No' to the focal question, while Cat stated they answered with a 'yes'.","Dog: Hi there, I answered this question with a No ... Cat: Hello, I answered with a yes","Hello, I answered with a yes",11,True,related_subtopic,"Despite their opposing labels (Yes vs No), both participants explicitly agree on a scientific worldview and a lack of religious affiliation in the post-stance discussion.","Both participants agreed that they rely on scientific explanations which generally guide them away from spirituality, and neither belongs to a specific religion. They both expressed a degree of agnosticism or uncertainty.",True,"Cat has seen specific things that suggest there might be 'more' (afterlife), whereas Dog has not had any such experiences yet.","Dog: I feel like more often than not there are scientific explanations for things, so that usually guides me away from spirituality
Cat: Yes I feel the same way pretty much",True,"It is surprising that two people who placed themselves on opposite sides of the 'Are you spiritual?' question (Yes vs No) discovered they share a fundamentally similar, science-oriented, and agnostic perspective.","The initial disagreement appears to be semantic or based on a small threshold difference regarding personal experiences, rather than a fundamental difference in worldview.",shivering-copper,Are you a spiritual person?,religion,4,opposing,0.5
True,disagreement,"Dog identifies as bisexual while Cat identifies as heterosexual. Since the focal question asks if they identify as heterosexual, Cat answers 'yes' and Dog answers 'no'.",Dog: I identify as bisexual. / Cat: I identify as heterosexual.,"Dog: Ok, cool",9,True,rapport_only,"The only explicit agreement found is on the meta-level difficulty of the task itself. While they discuss dating, they express different sentiments (Dog dates men for financial perks; Cat expresses relief at not dating), so the connection there is conversational validation rather than shared values.","Agreement that the assigned task is difficult to discuss for the required duration, followed by polite conversational engagement.",True,"Dog reveals a split preference (preferring women sexually but men for dating/financial reasons), while Cat reveals they are not currently dating/do not miss it.",Dog: I don't know how we discuss this for three minutes. / Cat: I know!,False,It is not surprising that two participants in a research study would mutually agree that speaking about a simple identity question for three minutes is awkward or difficult.,The conversation shifts quickly from identity to dating preferences.,flying-salmon,Do you identify as heterosexual?,identity,4,opposing,0.0
True,disagreement,"Dog states they answered 'yes' to identifying as the gender assigned at birth, while Cat states they answered 'no'.",Dog: I said yes... Cat: I said no :),okay :) well is there anything you'd like to discuss about it?,6,True,rapport_only,"Participants exchange specific identity labels (transmasculine and cis female) and respond with politeness ('Oh that's cool :)') and pleasantries, but do not uncover shared values or beliefs beyond this basic social rapport.",General politeness and acceptance of each other's stated identities.,False,The discussion of specific identities (transmasculine vs cis female) served to elaborate on the initial disagreement rather than uncovering new areas of difference.,Cat: I identify as transmasculine. What about you? ... Dog: I'm a cis female ... Cat: Oh that's cool :),False,"Basic politeness and civil exchange of information are expected norms in this context, even between people with differing gender identities.","The conversation is very short; participants establish their difference, exchange labels politely, and immediately end the chat.",steady-magenta,Do you identify as the gender which you were assigned at birth?,identity,4,opposing,0.5
True,agreement,"Dog states that they do not feel like an outsider (though not fully connected), and Cat explicitly validates this position as being identical to their own.","Dog: ""I don't feel really connected to my community, but I don't feel like an outsider."" Cat: ""That's pretty much where I'm at.""",That's pretty much where I'm at.,6,True,related_subtopic,"In the post-stance conversation, the participants discover they share a similar timeline regarding their feelings of disconnection/wanting more ('The past few years').","Both participants agree that they have felt this way for 'the past few years', identifying a shared recent history of disconnection.",True,"Dog disagrees with Cat's characterization of having 'outgrown' the community, preferring the framing of 'doing bigger things.' They also differ on the specific onset: Cat links it to the pandemic, while Dog says theirs started before.","Cat: ""How long have you felt this way?"" Dog: ""The past few years."" Cat: ""Yeah, me too. I really started noticing it at the beginning of the pandemic.""",False,"Given that they both agreed on the initial ambiguous state of feeling disconnected but not like outsiders, it is not surprising that they have been experiencing this for a similar recent duration.","While they find common ground on the general timeline ('past few years'), the conversation ends with a slight differentiation regarding the exact start point (pandemic vs. pre-pandemic).",short-blush,Do you feel like an outsider in your local community?,identity,2,opposing,1.0
True,agreement,Both participants explicitly state they are not affiliated with organized religion. Cat says 'im not affiliated' and Dog says 'I am not affiliated'.,"Cat: im not affiliated with any organized religion
Dog: I am not affiliated with organized religions.","Cat: similar to me, im agnostic.",2,True,related_subtopic,"After establishing their lack of affiliation, the conversation shifts to the specific label of 'agnostic'. Dog validates Cat's label by admitting it is the 'closest thing' they can be associated with, establishing a shared proximity to that concept.","Dog agrees that 'agnostic' is the closest descriptor for their own position, aligning with Cat's self-identification.",True,"Dog expresses hesitation about fully adopting the 'agnostic' label ('I don't know if I'd go with agnostic personally'), preferring to have no label at all, whereas Cat explicitly identifies as agnostic.","Dog: I don't know if I'd go with agnostic personally, but that's probably the closest thing I can be associated with.",False,It is not surprising that two individuals who are not affiliated with organized religion would discuss and find rough alignment on specific labels like 'agnostic' or 'non-religious'.,The conversation is very short; the post-stance phase consists entirely of Dog elaborating on Cat's suggestion of the 'agnostic' label.,weekly-crimson,Are you affiliated with any organized religion?,religion,0,shared,1.0
True,agreement,Both participants explicitly state that they do not feel like outsiders. Cat initiates with 'I don't really feel like an outsider' and Dog responds 'Same with me'.,Cat: 'I don't really feel like an outsider in my local community...' Dog: 'Same with me...',"Same with me, that's a bit of an unusual question",9,True,related_subtopic,"In the post-stance conversation, they explicitly establish that they share the same living environment (a big city).",Both participants discover that they live in big cities.,True,"A difference in perspective emerges regarding what someone who feels like an outsider should do; Dog suggests they 'should probalby move', while Cat counters that they should 'try to build or find a community'.",Cat: Do you live in a big city? ... Dog: I do live in a big city ... how about you? / Cat: Same here.,False,Finding out they both live in big cities is not surprising given they share the same experience of not feeling like outsiders; either environment (city or rural) could support community depending on the individual.,"While they initially differ on the solution for outsiders (moving vs. building community), they eventually reach rapport/agreement when Dog acknowledges the financial/family difficulties of moving.",nosy-blush,Do you feel like an outsider in your local community?,identity,0,shared,0.5
True,agreement,"Both participants explicitly stated that they are not spiritual people. Cat stated 'I'm not spiritual at all', and Dog replied 'same', confirming they shared this position.","Cat: I'm not spiritual at all.never really thought about it or got into it.
Dog: same. i was forced to grow up going to church but by the time i was old enough, i never cared or wanted to be spiritual",same.,6,False,none,"In the post-stance conversation, the participants actually discovered a disagreement. Dog expressed a belief in 'universe patterns' and 'magic', which Cat flatly denied exists. No shared values or perspectives were established in this phase.","No common ground was found in the post-stance phase; instead, a disagreement emerged regarding the existence of 'magic' or universe patterns.",True,"Despite initially agreeing they were not spiritual, they discovered a difference in worldview: Dog believes in 'universe patterns' and 'magic in the ether', whereas Cat holds a strict materialist view stating 'there's no magic'.","Dog: kind of like real magic in the ether
Cat: there's no magic
Dog: just cuz you say so..",False,"Since no common ground was found, this is not applicable/not surprising. The emergence of a disagreement after initial agreement shows the nuance of the topic, but as they did not align, there is no surprising convergence to evaluate.",The conversation shifted from agreement on the label 'not spiritual' to conflict over the specific concept of 'magic/universe patterns'.,severe-silver,Are you a spiritual person?,religion,0,shared,1.0
True,agreement,"Both participants indicate they have not stayed in the exact same place for their entire lives, answering the focal question with a form of 'no'. Cat notes moving cities (though staying in the same state), and Dog notes moving countries (UK to US).","Cat: 'I have lived in the same state all of my life, but not the same city.' ... Dog: 'I have lived in the united kingdom for most of my life, but moved to the us'",is cool,2,True,rapport_only,"In the post-stance conversation, Cat expresses a desire to visit Europe (Dog's place of origin). Dog responds politely ('That would be nice') but does not elaborate or share a substantive value or experience beyond this generic acknowledgement. This constitutes polite rapport rather than deep common ground.","Cat expresses interest in visiting Europe (where Dog is from), and Dog politely validates the idea.",False,No new differences emerge; Cat's statement that they would 'probably not stay to live' in Europe is consistent with their initial stance of having lived in the same state their whole life.,"Cat: ""I'd like to visit Europe at some point, but probably not stay to live there.""
Dog: ""That would be nice""",False,"It is not surprising that participants are polite to one another, nor is it surprising that someone who has not traveled much (Cat) expresses an aspiration to visit a major region like Europe.","The conversation is very brief. While Cat initiates a topic related to Dog's background (Europe), the interaction remains surface-level.",ugly-tomato,Have you stayed in the same place for your entire life?,background,0,shared,1.0
True,agreement,"Dog states that acceptability depends on circumstances, distinguishing between harmless and nasty lies. Cat responds with 'i think the same' and provides a specific example of an acceptable lie (to a dying person).",Dog: I believe there are innocent harmless lies... Cat: i think the same.,i think the same. I would lie to a dying person and say something positive but not make a malicious lie,3,True,related_subtopic,"After establishing their general agreement, Dog elaborates by offering another specific scenario (blaming the dog for changing the channel) that qualifies as a harmless lie. This creates common ground on specific instances of the shared value.","Participants found common ground on specific examples of acceptable 'white lies,' such as comforting a dying person or covering up a minor accident like sitting on a remote.",False,,"Dog: exactly, or say the dog changed the channel when you accidentally sat on the remote, stuff like that is harmless",False,"Since both participants immediately agreed that 'harmless lies' are acceptable in their stance establishment, it is not surprising that they would subsequently agree on specific examples of such lies.","Dog's response immediately following Cat's stance serves as an elaboration/example, marking the transition to post-stance conversation where they validate specific scenarios.",flying-tan,Is lying acceptable?,morality,2,opposing,1.0
False,unclear,"Cat explicitly confirms living in a city ('San Jose'), but Dog only mentions a past residence ('I used to live near Monterey') without stating their current status regarding living in a city. Therefore, mutual stance is not established.","Cat: 'San Jose' / Dog: 'Oh that's great, I used to live near Monterey'",,0,False,none,"Since mutual stances were never clearly established (Dog did not answer the focal question), there is no defined 'post-stance' phase to analyze for common ground according to the strict guidelines.",None,False,None,N/A,False,No common ground was established because the conversation did not progress past the initial ambiguous exchange.,"While participants engaged in polite pleasantries ('How are you?'), the lack of a clear answer from Dog prevents the identification of a stance establishment boundary.",alright-silver,Do you live in a city?,background,4,opposing,1.0
True,agreement,"Both participants explicitly state that they are parents. Dog mentions having 6 children, and Cat mentions having 2 children.","Dog: ""I am a parent of 6 children."" ... Cat: ""I am a parent of 2""",That is great. I am a religious person.  I have make sure that my children also have a Biblical foundation.,6,True,related_subtopic,"After establishing they are both parents, the participants engage in a conversation asking about the gender and age of their children, sharing specific details about their families.","They discussed the specifics of their children (boys vs girls, ages), establishing shared interest and experience in parenting.",True,"They acknowledged a major difference in religious views (Cat is not religious, Dog is), as well as the difference in family size (2 children vs 6 children).","Dog: ""Do you have girls are boys?""
Cat: ""I have a boy and a girl, what about you?""
Dog: ""I have three boys and three girls.""",False,"It is not surprising that two parents would discuss the details of their children (gender, age) after establishing their shared status as parents.",The conversation also contains a parallel thread about religion where they disagree but Cat expresses respect.,noble-pink,Are you a parent or caregiver?,identity,0,shared,1.0
True,disagreement,"The participants provide different answers to the focal question regarding immigration history. Dog states that their parents have 'always lived here' (indicating no immigration), whereas Cat states that their parents 'immigrated from southwest asia' and Cat was born in the USA.",Dog: My parents have always lived here... Cat: my parents immigrated from southwest asia in the 70s,*SW,7,True,rapport_only,"The participants engage in a polite exchange where Dog validates Cat's perspective. Dog expresses empathy for the difficulty of Cat visiting their family's country and agrees with the sentiment that it is a 'beautiful place' based on hearsay. However, they do not establish shared values or shared experiences, remaining primarily in a supportive listener role.",Dog validates Cat's description of Iran as a beautiful country and expresses hope that Cat will be able to visit in the future despite current risks.,False,,"Cat: unfortunately it's too risky for my parents to go back... i would love to though. it's a beautiful country and so different than what you see in the media... 
Dog: That makes sense and what I expected. I hope you all get the chance to sometime in the future. I have heard it is a beautiful place",False,"It is not surprising that the partners found a polite, supportive dynamic despite having different family migration histories. The validation of the country's beauty is a standard polite conversational move.",The conversation is short and cordial; the initial divergence in background does not lead to conflict.,fresh-maroon,Did you or your family immigrate to a new country?,background,4,opposing,0.5
True,agreement,Both participants explicitly state that they do not regularly attend religious services. Cat says 'Not regularly no' and Dog responds 'No'.,"Cat: Not regularly no, what about you
Dog: No",No,12,True,related_subtopic,"After agreeing on the main topic (not attending), they discuss their underlying beliefs. Dog shares a specific theological view ('something must have created us') and Cat aligns with this specific nuance ('I lean that way too'). They also agree on the practical reason of being busy.",They discovered they share a similar agnostic-but-spiritual worldview: both doubt specific religious tenets but lean towards the existence of a creator/higher power.,False,No significant disagreements emerged; they only differed on their physical location (California vs New York).,"Dog: I do lean to the side that something must have created us and the universe tho right
Cat: I'd like to believe he does but I'm not particularly religious
Cat: So yeah I lean that way too",False,"Given that they both agreed on not attending religious services, it is not surprising that they share similar justifications (busyness) or similar moderate/undefined spiritual beliefs.","Participants showed high alignment throughout, moving from the focal behavior to shared practical reasons and shared theological ambiguity.",protestant-brown,Do you regularly attend religious services?,religion,1,shared,1.0
True,disagreement,"Cat states they work from home, while Dog states they do not currently work from home (though they hope to in the future). Their statuses on the focal question are opposite.",Cat: 'I work at home' vs Dog: 'I don't work from home currently',"Hello! I don't work from home currently, but I am hoping to in the future",9,True,rapport_only,"In the post-stance conversation, the participants do not discover shared beliefs, experiences, or values. They exchange information about their respective jobs (Website Evaluator vs Retail) and Dog expresses polite interest ('That's cool') in Cat's explanation of SEO, but this constitutes social rapport rather than substantive common ground.",General rapport and polite interest in each other's professions.,True,"They work in different industries (Cat in tech/SEO, Dog in retail) and possess different knowledge bases (Dog did not know what SEO was).","Cat: ""Search engine optimization. So i help the sites rate better on google""
Dog: ""That's cool. Do you enjoy your job?""",False,"It is not surprising that two strangers would engage in polite information exchange and rapport-building regarding their jobs, regardless of their initial work-from-home status.","Dog mentions a desire to work from home in the future within the stance message itself, but this shared value is not discussed further in the post-stance phase.",genetic-fuchsia,Do you work from home?,arbitrary,4,opposing,0.0
True,disagreement,Dog stated they answered 'Yes' while Cat stated they answered 'no'.,Dog: 'I said Yes.' ... Cat: 'I said no.',Interesting.  I said no.  My grandparents on both sides were immigrants my parents were both born here.,2,True,related_subtopic,"In the post-stance conversation, the participants realize that their actual family histories are identical (grandparents were immigrants, parents born in the country), and the disagreement was purely semantic regarding the definition of 'family'.","Participants discovered they share the exact same background (immigrant grandparents, native-born parents) despite giving opposite answers to the focal question.",False,,"Dog: ""My parents were born here, but my grandparents were not, which is why I said Yes..."" / Cat: ""that makes sense.  I wasn't sure how to answer since family wasn't specifically defined...""",True,"It is surprising that two people who explicitly disagreed on the focal question (Yes vs No) turned out to have the exact same factual circumstances, differing only on how they interpreted the word 'family' in the question.",This is a classic example of a semantic disagreement masking factual common ground.,preliminary-red,Did you or your family immigrate to a new country?,background,4,opposing,0.5
True,agreement,"Both participants explicitly state that they have moved and have not stayed in the same place for their entire lives. Cat states she has moved 'between 4 places', and Dog states they 'moved 6 times'.","Cat: 'No, I have only moved between 4 places.' ... Dog: 'I moved 6 times!'",I moved 6 times!,4,False,none,"In the post-stance conversation, Dog asks a question about future preferences, and Cat shares that she is unsure and 'still adjusting'. While Cat mentions this was her 'biggest move' (which parallels Dog's earlier mention of a 'big major move'), Dog does not respond to this statement in the provided text. Therefore, no mutual discovery or shared bond is established in this specific segment.",,False,,Dog: Would you want to move again or are you happy where you are now? / Cat: I'm unsure to be honest. / Cat: This was my biggest move yet / Cat: I'm still adjusting.,False,No common ground was established in the post-stance phase.,"There is a potential parallel experience regarding a 'big move', but the conversation ends before the partner can acknowledge or validate it, preventing the establishment of common ground.",devoted-maroon,Have you stayed in the same place for your entire life?,background,0,shared,1.0
True,disagreement,"The participants provide differing answers to the focal question regarding their status: Cat states 'I'm not a parent or caregiver', while Dog states 'I have two adult children'.","Cat: 'I'm not a parent or caregiver.' ... Dog: 'I have two adult children, 22 & 24.'","I have two adult children, 22 & 24.",9,True,different_topic,"Following the stance reveal, the conversation shifts to the topic of 'passions', which Cat originally cited as a reason for not being a parent. They discover they both have musical hobbies (singing/writing and drumming/guitar).","Both participants share a passion for music and creative arts (singing, writing, drumming, guitar).",False,,"Cat: ""And I like singing and writing!"" / Dog: ""Wonderful! I like drumming, guitar and reading.""",False,"While Cat initially framed 'passions' as a trade-off for not having children, finding out that the partner (who is a parent) also has musical hobbies is a common conversational discovery and not inherently contradictory or unlikely.","Cat establishes a contrast between parenting and passions, but Dog demonstrates that the two can coexist by being a parent who also engages in musical hobbies.",unsightly-moccasin,Are you a parent or caregiver?,identity,4,opposing,0.0
True,agreement,Both participants explicitly state that they eat breakfast at the very beginning of the conversation.,"Cat: ""I like to eat breakfast"" / Dog: ""I do eat breakfast.""",I do eat breakfast.,9,True,related_subtopic,"While their food preferences differ (pastries vs. eggs), they find specific common ground on the subtopic of coffee and specifically Starbucks.","Both participants enjoy coffee as part of their morning routine and specifically discuss Starbucks, with Cat mentioning a specific drink they like there.",True,They prefer different foods for breakfast; Dog likes pastries while Cat prefers eggs and toast.,Cat: Do you have any coffee recommendations? ... Dog: I like Starbucks coffee most of the time ... Cat: Ahh. Starbucks is a big one. I like the caramel macchiato,False,"Given that both participants agreed they eat breakfast, finding common ground on coffee (a standard breakfast component) is a predictable extension of their initial alignment.","The conversation flows naturally from the main topic to specific preferences, finding alignment on coffee despite differences in food choices.",nosy-azure,Do you eat breakfast?,arbitrary,0,shared,1.0
True,agreement,Both participants explicitly state that they work from home. Cat says 'yes I work from home' and Dog responds 'Yes' to the question 'How about you?'.,"Cat: Hello, yes I work from home. How about you? / Dog: Yes",Yes,9,True,related_subtopic,"After establishing they both work from home, the conversation moves to their feelings about it. Cat states 'I have been enjoying it so far' and Dog agrees with 'yes I think so'. Dog invites elaboration ('what do you like?') and affirms Cat's list of benefits (chores, no commute) with 'yes', indicating a shared positive sentiment regarding the experience.","Both participants agree that they enjoy the experience of working from home, specifically aligning on the benefits such as time for household tasks and the lack of commuting.",False,No differences emerged; Dog consistently agreed with Cat's positive evaluation of working from home.,Cat: I have been enjoying it so far. / Dog: yes I think so / Dog: what do you like?,False,"It is not surprising that two people who work from home would find common ground in enjoying the benefits of it, such as the flexibility and lack of commute. Their initial agreement on status made this alignment probable.","Dog is quite passive in the conversation, mostly agreeing with short phrases, but the agreement ('yes I think so') is explicit enough to count as common ground on the subtopic of enjoying WFH.",annoyed-lavender,Do you work from home?,arbitrary,4,opposing,0.5
True,agreement,"Cat explicitly states 'I work from home!' and asks Dog, who replies 'Yes I do.' Both participants confirm they currently engage in the focal behavior.",Cat: I work from home! do you? / Dog: Yes I do.,Yes I do.,14,True,related_subtopic,"After establishing they both work from home, they proceed to agree on the positive aspects of the experience. They discover they both 'like' it and agree on specific benefits such as saving money on gas and clothes.","They both enjoy working from home and agree on the benefits, specifically saving money on gas, clothes, and food. Cat also finds common ground between Dog's reason for going remote (Covid/company decision) and her husband's experience.",True,They differ in their tenure of working remotely (Cat: 7/8 years vs Dog: 3 years) and their industries (Healthcare vs IT).,Cat: saves so much in gas and clothes and food. :) I work in healthcare. you? / Dog: That's for sure.,False,"Given that both participants already agreed they work from home, it is not surprising that they would also share positive sentiments about the convenience and financial benefits associated with that arrangement.",The conversation is highly cooperative with participants actively validating each other's experiences.,consistent-salmon,Do you work from home?,arbitrary,0,shared,1.0
True,agreement,"Both participants confirm they create art. Dog states they are a painter ('I am a painter, at least I was. Ive started again'), and Cat describes using a sketchbook to draw dreams ('I have a sketchbook... and I randomly sketch in it').",Dog: I am a painter... / Cat: ...I have a sketchbook that I've had for about 20 years and I randomly sketch in it...,"That's great! I've always wanted to paint but just didn't think I'd ever be good at it. I have a sketchbook that I've had for about 20 years and I randomly sketch in it whatever detailed dreams/nightmares I have that are extremely vivid. As it doesn't happen a ton, the sketchbook over the 20 years has remained like 3/4 full lol.",3,True,related_subtopic,"After establishing they both create art, the conversation shifts to the specific subject matter of Cat's art: vivid dreams. Dog validates this experience by citing a professor who called it a 'gift', establishing a shared positive outlook on the subtopic.","Participants discuss the specific inspiration for Cat's art (vivid dreams), with Dog validating the experience as a 'gift' and Cat elaborating on lucid dreaming.",False,,"Dog: I had a professor who said having vivid dreams is a gift
Cat: Really? I sometimes can control my actions or know it's a dream fully.",False,"Since both participants initially agreed on the focal topic (creating art), it is not surprising that they would discuss the content of that art (dreams) in a supportive and aligned manner.","The conversation is brief and amicable, quickly moving from the act of creating art to the inspiration behind it.",distinct-moccasin,Do you create art?,preferences,1,shared,1.0
True,disagreement,"Dog indicates they have not lived in the same place all their life, stating they 'Moved here from a different country though'. Cat indicates the opposite, stating 'I have lived in Chicago all my life.'",Dog: 'Moved here from a different country though' ... Cat: 'I have lived in Chicago all my life.',Oh I understand what country you are from? I have lived in Chicago all my life.,0,False,none,There are zero messages following the final stance establishment message. The conversation ends immediately after Cat reveals their position.,,False,,,False,No post-stance conversation occurred to analyze.,The conversation terminates immediately upon the completion of stance establishment.,unknown-brown,Have you stayed in the same place for your entire life?,background,4,opposing,0.5
True,agreement,Both participants clearly state their intention to vote in the next election. Dog states 'I'm going to vote' and Cat responds 'I'm also going to vote'.,"Dog: ""I'm going to vote in the next election!"" ... Cat: ""I'm also going to vote""",Yay!,11,True,same_values,"After establishing they will vote, participants bond over the difficulty of the political landscape ('politics are so complicated') and pivot to shared moral values: 'do our best', 'live a decent life', and 'being kind to others'.","They agreed on the frustration and complexity of modern politics, and established shared values regarding the importance of being kind, living a decent life, and addressing social issues like homelessness.",False,"No significant differences emerged; Dog validated Cat's frustration about votes not counting, even though Dog mentioned their own state reflects their views.","Dog: ""But politics are so complicated"" / Cat: ""Yeah, politics are especially complicated these days, it's nuts"" / Dog: ""Yeah do our best for sure and try to live a decent life""",False,"Given that both participants are voters who agreed on the focal topic, it is not surprising that they share concerns about political complexity and value civic engagement/kindness.",The conversation moves from a binary agreement on voting to a deeper alignment on how to navigate the frustration of the political system.,wittering-apricot,Are you going to vote in the next election?,politics,0,shared,1.0
True,agreement,"Both participants confirm that they are not married or in a serious relationship. Dog explicitly states 'Nope, I'm not seeing anyone, and I'm not married,' and Cat responds with 'Me neither,' confirming a shared single status.","Dog: 'Nope, I'm not seeing anyone, and I'm not married' ... Cat: 'Me neither. I'm dating around a little bit but have not seen the same person for more than a few dates.'",Me neither. I'm dating around a little bit but have not seen the same person for more than a few dates.,6,True,related_subtopic,"After establishing their relationship status, they move to the related subtopic of dating apps. They discover they both use Hinge and share similar perspectives on the risks (weirdos) versus benefits (meeting new people) of using apps.","Both participants use the dating app Hinge and agree that while there are 'freaks and weirdos' on apps, it is worth it to meet new people if one is careful.",False,,"Cat: Yeah, I mostly use Hinge. What about you? / Dog: Me too, I like it enough",False,It is not surprising that two people who identified as single and 'dating around' would be using one of the most popular dating apps (Hinge) to facilitate that.,Participants built rapport quickly through shared experiences with modern dating tools.,illegal-apricot,Are you married or dating someone?,identity,0,shared,1.0
True,agreement,Both participants explicitly state that they are not currently parents or caregivers.,"Cat: 'I am not a parent or a caregiver, lol.' Dog: 'neither am i lol'",neither am i lol,10,True,related_subtopic,"In the post-stance conversation, they discuss their feelings towards children and parenting. They discover shared perspectives on liking children but finding the pressure of parenting too high, preferring the limited responsibility of babysitting.","Both participants agree that while children are rewarding and they 'love kids', the pressure of parenting is not for them. They bond over preferring to babysit so they can 'go home at the end of the day'.",True,"They differ on their future intentions: Dog explicitly does not plan to be a parent ('i don't plan to be either tbh'), while Cat is 'unsure' and thinks 'maybe in the future'.","Cat: ""Fun to be around, but not for too long haha"" ... Dog: ""yeah haha i like babysitting more ... get to go home at the end of the day lol""",False,It is not surprising that two non-parents would agree on the difficulties/pressures of parenting and express a preference for the lower-stakes interaction of babysitting. This is a common sentiment among those who do not have children.,"The discussion of future plans occurs immediately after the stance reveal but is treated as post-stance elaboration here, revealing a slight difference in certainty about the future.",considerable-pink,Are you a parent or caregiver?,identity,0,shared,0.5
True,disagreement,"Cat explicitly states 'I hate being outdoors', while Dog counters with 'I love being outdoors', creating a clear opposition.",Cat: I hate being outdoors. I sweat too much / Dog: I love being outdoors.,I love being outdoors. Especially when it's much colder outside. I would go camping a lot when I was a kid,3,True,related_subtopic,"After the initial disagreement, the participants realize they share specific preferences regarding the conditions for being outdoors (both dislike heat/summer and prefer cold/fall) and share a past activity (camping).","They discovered a mutual dislike for heat/summer, a shared appreciation for colder weather, and a shared history of camping.",False,,Cat: I used to camp too! I don't mind it when it's the fall. But summer I hate. / Dog: Tell me about it. I got really sick from the heat once. Being in colder conditions I do love more.,True,It is surprising that two people who opened with 'I hate' and 'I love' regarding the focal topic immediately found agreement on the nuances (weather conditions) that effectively bridged their opposing stances.,The conversation demonstrates how binary stances can dissolve when specific conditions (weather) are discussed.,encouraging-violet,Do you enjoy being outdoors?,arbitrary,4,opposing,0.5
True,agreement,"Both participants explicitly state that they believe in God. Dog answers 'Yes i do', and Cat responds 'I do too'.",Dog: Yes i do ... Cat: I do too,Dog: Cool,5,True,related_subtopic,"After establishing their shared belief, they discuss the specific reasons behind it ('Why do you believe'). They discover they share the same background ('raised to' believe) and similar current experiences of faith (God taking care of needs/supernatural experiences), which Dog validates with 'ya same here'.",Both participants discovered they were raised to believe in God and share a sense that God actively cares for them or provides spiritual experiences.,False,,"Dog: I was raised to but I had personal supernatural experiences which built my faith ... Cat: i was also raised to, I find God listens to me... ... Dog: That's awesome, ya same here",False,"Given that they both agreed on the focal topic (believing in God), it is not surprising that they might share similar backgrounds (upbringing) or positive reinforcements for that belief.","Participants also bonded over a dislike of cats in the pre-stance conversation, but the post-stance common ground focused on the religious reasons.",lengthy-purple,Do you believe in God or a higher power?,religion,0,shared,1.0
True,agreement,Both participants explicitly state that they identify as the gender they were assigned at birth.,"Dog: 'I do identify as my at birth gender' ... Cat: 'Yes, I too identify as the gender I was assigned at birth.'","Yes, I too identify as the gender I was assigned at birth.",5,True,related_subtopic,"After establishing their own cisgender identities, the participants move on to discuss a related subtopic: their attitudes towards people who *do* change their gender. They agree on a libertarian perspective ('cool with whatever people want to do') and a lack of judgment toward others.","They agreed on being accepting and comfortable with other people changing their gender, provided it does not harm others.",False,,"Dog: ""not sure how much there is to discuss about that lol, but I'm cool with whatever people want to do as long as they don't harm others"" ... Cat: ""Yeah same... I would still view someone the same if they changed their gender.""",False,"It is not surprising that two individuals who agree on the focal topic (both identifying as their birth gender) might also share a similar, generally tolerant cultural attitude towards the subject. There was no initial conflict or polarization that made this agreement unexpected.",,rival-red,Do you identify as the gender which you were assigned at birth?,identity,0,shared,1.0
True,disagreement,"Cat explicitly states they are 'not affiliated with any religious organization', while Dog states they are 'affiliated with lutheranism'. This represents a clear difference in position regarding the focal question.",Cat: 'I am not affiliated with any religious organization.' / Dog: 'i am affiliated with lutheranism',That is lovely.,4,True,rapport_only,"Participants found common ground in the form of mutual respect for their differing choices ('As long as you are happy', 'same to you') and a shared meta-identity as 'prolific participants' in the study. This is classified as rapport because it reflects social politeness and context rather than a substantive agreement on the religious topic.",Mutual respect for personal choices and shared identity as study participants.,False,"Dog elaborates that they do not attend services, but this does not create a conflict or disagreement; it merely qualifies their initial stance.",Cat: As long as you are happy with your choices! / Dog: same to you my friend,False,It is not surprising that two participants with different religious affiliations would treat each other with standard social politeness and respect.,The conversation is very brief and pivots quickly to a meta-commentary about the study itself.,racial-coffee,Are you affiliated with any organized religion?,religion,4,opposing,0.0
True,disagreement,"Dog explicitly states 'I am a spiritual person', whereas Cat states 'I can't say that im a spiritual person'.","Dog: I am a spiritual person, how about you? ... Cat: I can't say that im a spiritual person",Same,14,True,same_values,"Despite their differing stances on personal spirituality, they explicitly agree on the value that spiritual experience is subjective ('personal from person to person') and its validity depends on whether it allows one to 'live your life well'.","They agreed that spirituality is a personal, internal experience that is valid as long as it brings happiness and stability, regardless of whether it stems from unexplained phenomena (Dog's view) or psychological projection of fears (Cat's view).",False,,"Cat: And it's totally understandable, as long as it makes you happy and you can live your life well.
Dog: I agree. Its personal from person to person",True,"It is somewhat surprising that Dog (the spiritual participant) readily accepts and validates Cat's reductionist definition of God ('effigy of human fears') without pushback, prioritizing the shared value of subjective experience over theological agreement.","Dog's message 'Same' immediately follows Cat's mitigation 'But I understand it', likely serving as an acknowledgement/agreement with the understanding rather than a change of their own stance.",powerful-orange,Are you a spiritual person?,religion,4,opposing,0.0
True,agreement,Dog states they eat breakfast 'sometimes'. Cat responds with 'Indeed' (affirmative) while clarifying it is more of a 'brunch'. Both participants confirm they partake in a morning/mid-day meal.,"Dog: 'I eat breakfast sometimes, do you?' / Cat: 'Indeed, though mine is more along the lines of a brunch.'","Indeed, though mine is more along the lines of a brunch.",9,True,rapport_only,"The participants share details about what they ate, but their specific choices (toast vs. chicken nuggets with ice cream) and reasons (medicine vs. preference) differ significantly. However, they maintain a positive dynamic, with Dog making a humorous comment ('That's a wednesday kina breakfast') to build rapport despite the dietary mismatch.",General conversational rapport and humor regarding the oddity of Cat's breakfast choice.,True,"Dog eats a conventional breakfast (toast) for medical reasons, whereas Cat eats an unconventional meal (chicken nuggets with ice cream) based on the day.","Dog: 'Today, I had toast with butter. You?'
Cat: 'Chicken Nuggets with Ice Cream.'
Dog: 'That's quite the breakfast. Is that normal for you?'",False,"Since the common ground was merely conversational rapport (politeness/humor) rather than a shared specific belief or habit, it is not surprising given their initial agreement on the general practice of eating a morning/mid-day meal.",The conversation highlights a difference in lifestyle (health-motivated vs. impulse-motivated eating) despite the initial broad agreement.,living-beige,Do you eat breakfast?,arbitrary,0,shared,1.0
True,agreement,Both participants explicitly state that they create art. Cat says 'I do create art' and Dog responds with 'I do create art'.,"Cat: 'I do create art. I play guitar in a band. You?'
Dog: 'I do create art. I write sometimes'",I do create art. I write sometimes,12,True,rapport_only,"While both participants are 'artists' (established in the stance phase), the post-stance conversation reveals they engage in very different mediums (punk rock music vs. economics writing). They do not find a shared subtopic or shared experience, but they maintain 'common ground' through polite validation and rapport (e.g., 'That is so cool!', 'Interesting').","Participants established a friendly rapport by asking questions and validating each other's disparate artistic hobbies (skate punk music and non-fiction economics writing), though they did not share the specific interests themselves.",True,"They discovered they work in different artistic mediums and genres: Cat plays skate punk/pop punk guitar, while Dog writes non-fiction about economics.","Cat: We play skate punk/pop punk
Dog: I write non-fictional.
Dog: That is so cool!",False,It is not surprising that two people who answer 'yes' to creating art would practice different forms of art. Their polite interest in each other's specific hobbies is a standard conversational norm.,The conversation is a positive information exchange about differences within the domain of art creation.,governing-amethyst,Do you create art?,preferences,4,opposing,1.0
True,disagreement,"Dog states 'My answer is yes, I am dating someone', while Cat states 'I am not'. They have opposing answers to the focal question regarding their relationship status.","Dog: ""My answer is yes, I am dating someone"" ... Cat: ""I am not and I am not too anxious about the question....""",I am not and I am not too anxious about the question....,13,True,rapport_only,"The participants find common ground in their shared reaction to the prompt ('weird question') and establish rapport through Cat's validation of Dog's engagement ('good to find love'), despite their differing relationship statuses. This represents general politeness and meta-agreement rather than a shared substantive value or experience within the topic domain.",They agreed the discussion prompt was weird and established polite rapport where the single participant validated the engaged participant's happiness.,False,No new disagreements emerged; they simply elaborated on the details of their differing statuses (single vs. engaged) without conflict.,"Cat: ""that's great.  it is good to find love...""",False,It is not surprising that two people with different relationship statuses would maintain a polite conversation and offer well-wishes.,Participants briefly bonded over the 'weird' nature of the prompt before discussing the details of Dog's engagement.,national-bronze,Are you married or dating someone?,identity,4,opposing,0.0
True,agreement,"Both participants explicitly state they have no preference between TV shows and movies. Dog initiates with 'I do not really have a preference' and Cat responds 'Well, me either'.","Dog: I do not really have a preference / Cat: Well, me either",I guess we are on the same page then,8,True,related_subtopic,"After establishing their general lack of preference, Cat introduces specific reasoning regarding character evolution (TV) versus narrative closure (movies). Dog accepts this line of reasoning by reaffirming that the choice depends on the specific content, validating the subtopic discussion.","They find common ground on the specific reasons why one might choose one format over the other: TV is better for character evolution, while movies are better for wrapping up a story in one sitting.",False,,Cat: Sometimes you want a character to evolve / Cat: so a tv series would be good ... Cat: sometimes you can wrap the character up in 1 sitting ... Dog: It depends on the movie or show,False,"This common ground is not surprising because it directly elaborates on their initial agreement. Since they both stated 'it depends' and had no preference, discussing the specific factors (like story length or character depth) that the decision depends on is a predictable progression.",The conversation is highly cooperative with no disagreement.,firm-sapphire,Do you prefer TV shows over movies?,preferences,0,shared,1.0
True,disagreement,"Cat explicitly states 'i create art', whereas Dog explicitly states 'I do not create art'.",Cat: 'i create art' ... Dog: 'I do not create art',I guess it just doesn't interest me that much,12,True,related_subtopic,"Although they disagree on creating art, they establish a connection on the related subtopic of appreciating/viewing art. Dog validates Cat's photography ('thats awesome') and states they 'enjoy viewing' art, leading to a discussion about art preferences.",Dog validates Cat's photography hobby and shares that they appreciate and enjoy viewing art. They discuss preferences (Cat likes landscapes/cities; Dog likes abstract art).,True,"They have different specific tastes in art (Cat prefers cities/landscapes and dislikes portraits; Dog prefers abstract art), in addition to the initial difference that Cat creates art while Dog does not.","Dog: I appreciate art and I definitely enjoy viewing it
Cat: what type of art do you like to view?
Dog: I have always like abstract art",False,It is not surprising that someone who does not create art still appreciates viewing it; finding common ground on art appreciation is a predictable outcome despite the initial disagreement on creation.,"The conversation ends abruptly with Cat stating 'I am a bot.', which frames the previous 'watching art on Hulu' comment as potentially nonsensical or a persona break.",blushing-aquamarine,Do you create art?,preferences,4,opposing,0.5
True,agreement,Both participants explicitly state that they live in a large city.,"Cat: ""I live in a large city, youi?"" / Dog: ""I also live in a large city""",I also live in a large city,11,True,related_subtopic,"After establishing they both live in cities, they move to discussing the climate/weather of their locations. They identify shared experiences (having four seasons) and a shared specific preference regarding snow (disliking being in it vs. watching it from indoors).",Both participants experience four seasons and share a specific preference for watching snow from indoors rather than engaging with it directly.,False,,"Dog: I like watching it from indoors
Cat: ME TOO!!",False,"Since both participants already agreed on living in similar environments (large cities), finding alignment on related topics like weather preferences or indoor comforts is not unexpected.",The conversation flows naturally from the location (city) to the specific conditions of that location (weather/snow).,thick-turquoise,Do you live in a city?,background,0,shared,1.0
True,disagreement,"Cat explicitly states a belief in the afterlife, while Dog explicitly states they do not believe in it.",Cat: I do believe there is an afterlife... Dog: I do not believe in afterlife.,I do not believe in afterlife.,8,False,none,"Throughout the post-stance conversation, the participants maintain their opposing views. Dog asserts that death is 'the end', while Cat describes a specific belief in 'heaven'. Although Dog is polite ('Thats would be nice'), there is no discovery of shared beliefs, values, or perspectives.",No common ground found.,False,"The participants elaborate on their conflicting views (oblivion vs. heaven based on morality), but these are details of the primary disagreement rather than new, separate differences.",Cat: What do you think happens after we die? / Dog: We all die eventually. And that will be the end,False,"Given the clear initial disagreement on the focal topic, it is not surprising that they failed to find common ground in the subsequent elaboration.","Dog remains polite ('Sorry', 'Thats would be nice') despite the fundamental disagreement.",improved-copper,Do you believe in an afterlife?,religion,2,opposing,0.0
True,disagreement,"Cat explicitly states 'I enjoy reading', whereas Dog responds 'Not really' to the same question.",Cat: 'I enjoy reading...' vs Dog: 'Not really.',"My spouse does, too. He's dyslexic, so reading is frustrating for him.",4,True,related_subtopic,"After establishing that Dog does not enjoy reading text due to focus issues, Dog introduces audiobooks. Cat responds positively ('Audiobooks are great'), establishing agreement on this alternative format.","Both participants appreciate audiobooks; Dog prefers them for ease of use, and Cat agrees they are great depending on the narrator.",False,,"Dog: I enjoy audiobooks a lot more and can actually get through them easier
Cat: Audiobooks are great, as long as the narrator does a good job",False,"It is not surprising that someone who finds reading text difficult (Dog) would prefer audiobooks, nor is it surprising that a reader (Cat) would also appreciate them. This is a common bridge between readers and non-readers.","Cat's immediate reaction to Dog's dislike of reading was validation via her spouse's experience, which set a collaborative tone for finding the common ground on audiobooks.",full-violet,Do you enjoy reading?,preferences,3,opposing,0.5
True,agreement,Dog states they answered 'definitely no' and Cat answers 'probably no'. Dog explicitly validates the alignment by saying 'Same! haha'.,Dog: What did you answer to this? I said definitely no. / Cat: i said probably no... / Dog: Same! haha,Same! haha,7,True,related_subtopic,"After establishing their stances, they discuss the nature of spirituality, specifically agreeing that it can exist outside of religion (atheist spiritualism), citing Native Americans and Shintoism as shared examples.","They agreed that spiritualism can be distinct from religion, discussing examples of atheist spiritualism (Native Americans, Shintoism).",True,"Cat probed the difference in their certainty levels (probably vs definitely), highlighting that unlike Cat, Dog has no remaining doubts.","Cat: yeah, i have known some nonreligious types to be spiritual ... sort of like the native americans i suppose / Dog: Yea, or like Japan with Shintoism. They're atheist but can be very spiritual with rituals and stuff.",False,It is not surprising that two people who both identified as not spiritual (definitely/probably no) would agree on definitions or observations regarding the topic.,"The conversation flows from stance alignment to defining terms, then briefly revisiting the nuance of certainty at the end.",deaf-gray,Are you a spiritual person?,religion,1,shared,0.5
True,agreement,Both participants confirmed they are going to vote. Dog stated this in the first message ('I am going to vote in the next election') and Cat confirmed 'yes' when asked directly later. Dog acknowledged the alignment with 'same'.,Dog: are you going to vote? / Cat: yes / Dog: same,same,2,False,none,"The conversation ends abruptly after the stance confirmation. Although Cat attempts to explain their reasoning, Dog does not respond, and no further common ground is established.",None found.,False,"Cat mentions they do not agree with politics despite voting, but since Dog does not reply, it is unknown if this constitutes a difference between the participants.","Dog: why?
Cat: but i am't agree to politics",False,No common ground was established in the post-stance conversation to analyze for surprise.,The conversation contains broken English from Cat ('am't agree to politics') and terminates before any substantive discussion occurs.,maximum-emerald,Are you going to vote in the next election?,politics,0,shared,1.0
True,agreement,"Dog initially expresses dislike, while Cat expresses a conditional view ('It depends'). However, Dog explicitly replies 'agreed' to Cat's conditional statement, aligning their conversational positions before listing negatives together.",Dog: i dont like being outdoors much lol ... Cat: It depends on the weather and what is being done. ... Dog: agreed. The sun can ruin the skin,agreed. The sun can ruin the skin,6,True,related_subtopic,"After establishing their stances, they proceed to list specific grievances about the outdoors (air quality, extreme temperatures, insects) and agree on the preference for indoor climate control.","They found common ground on specific negative aspects of the outdoors, including bad smells, the need to shower after exposure, dangerous weather extremes (freezing/heat), and insects (ticks/mosquitoes). They also agreed on the superiority of AC and heaters.",False,,"Cat: Also freezing weather can be dangerous as well as extreme heat.
Dog: exactly",False,"Given that Dog dislike the outdoors and Cat feels enjoyment is conditional (implying there are bad conditions), it is not surprising that they bonded over the specific negative conditions that make being outdoors unpleasant.","The conversation is highly cooperative, with Dog quickly pivoting from a blanket dislike to agreeing with Cat's nuanced stance to build rapport.",extended-maroon,Do you enjoy being outdoors?,arbitrary,3,opposing,0.5
True,disagreement,"Cat explicitly states 'yes I do live in a warm climate', while Dog explicitly states 'I do not live in a warm climate'. They take opposite positions on the binary focal question.",Cat: 'yes I do live in a warm climate' vs Dog: 'I do not live in a warm climate',"I do not live in a warm climate, I live in Illinois",11,True,rapport_only,"While the participants discuss the related subtopic of weather/temperature, they do not find a substantive shared experience or value (one likes their location/weather, the other does not). The common ground is purely relational/rapport-based, established through Cat's apology for complaining about mild weather when Dog is freezing, and Dog's polite validation of 'Different perspectives'.","Participants established rapport by comparing their local temperatures. Cat expressed empathy/apology after learning how cold it was for Dog, and Dog validated the difference in their perspectives.",True,"They discovered differences in satisfaction with their locations (Cat loves California, Dog does not like Illinois) and drastic differences in current temperature (61°F vs 18°F).","Cat: OMG! And I said it was chilly. Sorry I feel rude now.
Dog: Different perspectives lol",False,"It is not surprising that two people in different climates (one warm, one cold) would discuss the temperature difference and express polite surprise or empathy regarding the disparity.",,competent-amaranth,Do you live in a warm climate?,background,4,opposing,0.5
True,agreement,"Both participants explicitly state that they are male and have always been male, identifying with the gender assigned at birth.",Cat: 'Yes. I am male and have always been comfortable as a male.' ... Dog: 'Same here. Always been a male. That is what I was born as.',Same here. Always been a male. That is what I was born as.,3,True,same_values,"In the post-stance conversation, they agree on a shared belief system regarding gender essentialism (that gender is fixed at birth and cannot be changed) and the perspective that fulfilling one's gender role is a complex 'lifelong process.'","They shared the belief that gender is determined at birth and unchangeable, and agreed that understanding how to be the 'best version' of one's gender is a significant undertaking.",False,,Cat: 'It seems like a lifelong process to completely understand what being male is... I couldn't imagine trying to focus on the other gender too.' / Dog: 'Yes it would be a lot to take on... We were born males and are males simple as that! Can't change that',False,The participants' shared belief in the fixed nature of gender is a common perspective among those who strongly identify as their assigned gender; their agreement in the post-stance phase logically follows their initial stance alignment.,The conversation moves from personal identity to general beliefs about gender immutability.,appropriate-emerald,Do you identify as the gender which you were assigned at birth?,identity,0,shared,1.0
True,disagreement,"Cat explicitly states 'I do not' in response to believing in God, while Dog states 'I do believe in God', establishing a clear disagreement.","Cat: ""I do not do you?"" ... Dog: ""I do believe in God""","no judgement, just wonderning why?",10,False,none,"The participants immediately enter a debate regarding evolution versus divine creation. They do not find any shared values or beliefs; instead, they challenge each other's evidence (proof of atoms vs. proof of God) and logic.",None found.,True,"They disagree on the origins of life (evolution vs. God), the validity of scientific proof versus faith, and whether specific beings (like apes or Hitler) originate from God.","Dog: Apes came from God
Cat: did hitler?",False,"Given their initial disagreement on the existence of God, it is predictable that they would not find common ground on the specific mechanisms of creation (evolution vs. creationism).",The conversation becomes somewhat confrontational with the mention of Hitler at the end.,secure-blue,Do you believe in God or a higher power?,religion,4,opposing,0.0
True,disagreement,"Cat states that they 'do not believe any longer', whereas Dog confirms that they do believe and have 'always'.","Cat: ""i do not believe any longer though I once did"" ... Dog: ""I have yes, always""","I have yes, always",8,True,related_subtopic,"In the discussion following stance establishment, Dog validates the historical facts Cat presents (that religions borrowed from earlier beliefs), stating they read the same material in college. They also establish a shared experience of being taken to church by their parents.",Agreement on the historical context of religious texts (borrowed stories) and shared childhood experience of attending church.,False,No additional disagreements were found; the subsequent conversation consisted of Cat explaining the reasoning behind their initial stance.,"Cat: ""I studied history - of Christianity and other religions and found they all borrowed from earlier beliefs"" ... Dog: ""Yes, ive read that too while in college""",False,It is not unexpected that two people discussing religion might share similar upbringings (church attendance) or that a believer might be educated on the historical/academic context of their religion.,"The stance phase concludes when Dog explicitly confirms their belief ('I have yes, always') in response to Cat's question, clarifying the earlier fragmented 'I do i mean'.",big-ivory,Do you believe in God or a higher power?,religion,4,opposing,0.0
True,disagreement,"Dog explicitly states a dislike for being outdoors ('I don't like being outdoors'), while Cat explicitly states enjoyment ('I enjoy being outdoors').","Dog: ""I don't like being outdoors..."" / Cat: ""Oh! I enjoy being outdoors lol""",That's good! Do you like camping?,6,True,related_subtopic,"After moving to the subtopic of specific activities (camping, hiking), the participants find agreement. Despite their general disagreement on the outdoors, they both express a dislike for sleeping outside (camping) and a shared willingness/openness to hiking.","Both participants agree that they do not enjoy sleeping outside/camping, and they both agree that hiking is an acceptable activity.",True,They disagree on fishing; Cat thinks it is 'not too bad' while Dog dislikes it due to mosquitoes.,"Dog: ""My son wants to but I'm firm that it will be a him and his dad trip haha"" / Cat: ""Lol. I feel you. Sleeping outside is something I don't find fun.""",True,"It is surprising because their initial stances were binary opposites (Cat likes outdoors, Dog does not). An observer would expect Cat to like camping and Dog to dislike hiking, but the conversation reveals the opposite nuances: the 'outdoor lover' dislikes camping, and the 'outdoor hater' is willing to hike.",The conversation demonstrates that general labels on a domain often hide nuanced preferences that can align across the divide.,capable-plum,Do you enjoy being outdoors?,arbitrary,4,opposing,0.5
True,disagreement,"Dog answers 'yes' to the focal question (parents immigrated), while Cat answers 'no' (none of their family did).","Dog: so for the question i answered yes... Cat: no, none of my family did so","no, none of my family did so",12,True,related_subtopic,"After establishing their different immigration backgrounds, the participants discuss their residence history. While their mobility differs, they find common ground in their satisfaction with living in their current state/country. Cat identifies with Dog's statement about staying in the country ('same with me') and adds that they like their state/city, to which Dog agrees.",Both participants express a shared positive connection to their home state/city and a general commitment to staying in the country.,True,"A difference in mobility emerged: Cat has lived in the same place their 'whole life', whereas Dog has 'moved around america' despite being born there.",Dog: i've moved around america but was born here and have stayed here in general... Cat: same with me. I like my state and city... Dog: agreed!,False,"It is not surprising that two people, regardless of their family immigration history, would both express satisfaction with their local community or state.","Participants also exhibited shared values regarding openness to culture, with Cat framing Dog's background as exposure to 'vibrant cultuer' and Dog appreciating Cat's 'good outlook'.",clinical-gray,Did you or your family immigrate to a new country?,background,4,opposing,0.0
True,disagreement,"Dog explicitly states they are 'not a parent or caregiver', while Cat responds to the same question with 'Yes so I am'. They hold opposite positions on the focal topic.",Dog: I am not a parent or caregiver. Are you? / Cat: Yes so I am,Nice!,8,True,different_topic,"Immediately after the stance exchange, the participants pivot to discussing the weather. They establish shared experience regarding snow and cold temperatures in their respective locations.",Both participants share that they are currently experiencing snowy and cold weather conditions.,False,No additional differences were noted in the post-stance conversation.,"Dog: Is there snow where you live? / Cat: Yes its been snowing here badly / Dog: Me too, in IL. / Cat: Same here in San Diego CA",False,Finding common ground on the weather (a universal 'small talk' topic) is not surprising regardless of whether the participants share the same parental status. Their divergence on parenting has no logical impact on their weather conditions.,"Cat mentions it is snowing in San Diego, which is factually rare/unlikely, but within the conversation, it functions as an agreement/common ground with Dog's experience in IL.",national-beige,Are you a parent or caregiver?,identity,4,opposing,0.0
True,disagreement,"Dog explicitly stated they do not feel like an outsider, whereas Cat explicitly stated they do feel like an outsider.","Dog: ""I answered that I do not feel like an outsider"" ... Cat: ""I do feel like an outsider in my community....""",I do feel like an outsider in my community....,5,True,rapport_only,"Participants established a social connection through introductions (exchanging names) and expressions of empathy (Dog saying 'sorry to hear that'). However, they did not uncover substantive shared values or beliefs within the topic domain during this short conversation.",Participants established rapport through introductions and expressions of sympathy.,False,"No additional differences were confirmed. Cat elaborated that they are 'more open and accepting' than their community, but Dog did not share their own values, so a direct comparison/disagreement between the participants' values could not be made.","Dog: I'm sorry to hear that you feel like an outsider because of that... And I'm Kay! Hi, haha! / Cat: Hi Kay ...",False,It is not surprising that participants remained polite and established basic social rapport (introductions) despite having different answers to the focal question.,"The conversation ended before substantive values could be compared, so the interaction was limited to stance revelation and initial rapport building.",technical-copper,Do you feel like an outsider in your local community?,identity,4,opposing,0.5
True,disagreement,"Dog answers the implicit prompt affirmatively ('yes i am'), while Cat answers negatively ('no i am not'), indicating they are in different relationship statuses.",Dog: yes i am ... Cat: no i am not,no i am not,3,False,none,"The post-stance conversation consists of a meta-comment about having nothing to discuss and a brief Question-Answer exchange regarding the duration of Dog's relationship. No shared values, experiences, or beliefs are established.",None.,False,No additional differences emerged; the conversation ended shortly after the initial disclosure.,"Cat: how long have you been dating/married?
Dog: couple years",False,No common ground was established to evaluate for surprise.,"The conversation is very brief; Dog expresses uncertainty on how to proceed given the divergent answers, and Cat attempts one follow-up question before it ends.",rational-salmon,Are you married or dating someone?,identity,4,opposing,0.5
True,agreement,"Both participants confirm that they engage in the focal activity (working or studying from home). Cat states she has one job she does from home, and Dog equates online classes to working from home.",Cat: 'one of them I do work from home' ... Dog: 'some of my classes are online so i guess i work from home in that sense',"i'm a student and don't have a job, but some of my classes are online so i guess i work from home in that sense",7,False,none,"The participants exchange information about their specific situations (Cybersecurity student vs. multiple jobs including caregiving/tutoring), but they do not establish shared values, beliefs, or experiences in this segment. The conversation consists of fact-sharing without finding a point of convergence.",No substantive common ground found; conversation was information exchange about differing life circumstances.,True,"Participants are in very different life stages and fields; one is a student in cybersecurity with no job, while the other holds multiple jobs (tutor, school employee, caregiver) and homeschools.","Dog: what are some of your jobs
Cat: I tutor students in my home and I also work at a school and I also am a caregiver for my husband's grandmother",False,It is not surprising that two arbitrary participants have different occupations and life circumstances (student vs. multi-job holder).,"While there is polite interest ('oh really??'), it does not amount to substantive common ground.",controversial-lavender,Do you work from home?,arbitrary,0,shared,1.0
True,agreement,Both participants explicitly confirm their marital status in the first two messages. Dog states 'I am married' and Cat replies 'I am married as well'.,"Dog: I am married
Cat: I am married as well",Congrats,12,True,related_subtopic,"After establishing they are both married, they discuss the duration of their marriages. They discover a similarity in that both have been married for a significant length of time (16 years and 13 years), validating each other's experience ('wow that is impressive').",Both participants have been married for a long time (16 years and 13 years respectively).,False,"No disagreements emerged. While they met their spouses in different ways (animal rescue vs. hotel work), these are merely distinct biographical details rather than interpersonal differences or disagreements.","Dog: 16 years as of Dec
Dog: What about you?
Cat: wow that is impressive! we just had our 13th",False,"It is not surprising that two married people would discuss the duration of their marriages, nor is it surprising (or contradictory to their initial stance) that they both happen to be in long-term marriages.","Cat's message 'Congrats to you as well!' technically reacts to the stance phase, but because it appears after Cat initiated a new topic ('how long have you been married?'), the stance phase is cut off at Dog's first 'Congrats'.",coloured-magenta,Are you married or dating someone?,identity,0,shared,1.0
True,agreement,"Cat opens with 'I really love being outdoors!' and Dog confirms their position with 'yes, i love being outdoor as well'.","Cat: ""I really love being outdoors!"" ... Dog: ""yes, i love being outdoor as well""","yes, i love being outdoor as well",5,True,related_subtopic,"After agreeing on the main topic, they discuss specific outdoor activities. Dog mentions reading and listening to music, and Cat explicitly aligns with these specific interests as well.",Both participants discovered a shared love for reading and listening to music while outdoors.,False,,"Dog: ""that's awesome! i love to read while outdoor. I also listen to music a lot too"" 
Cat: ""OOh i love reading as well and also music! I sit on my back porch and read""",False,"Given that they both strongly enjoy the outdoors, finding shared specific activities (like reading outside) is a natural continuation of their initial agreement and not unexpected.","There was some initial technical confusion ('hi patner, are you seeing this?') before the stance was established.",eerie-white,Do you enjoy being outdoors?,arbitrary,4,opposing,1.0
True,agreement,"Dog opens with a rhetorical question implying that eating meat is not unethical. Cat immediately states 'i agree', and Dog confirms their stance by stating 'Meat is food'.",Dog: Why would it be unethical to eat meat? / Cat: i agree,"Meat is food, so someone would have to convince me that meat as food is not ehtical.",12,True,related_subtopic,"After establishing their stance, the participants pivot to discussing their shared physical sensation (hunger) and specific preferences for meat dishes (T-bone, pork sandwich), which is a subtopic closely related to the morality of eating meat.","The participants bond over currently being hungry and looking forward to specific meat meals (a T-bone steak and a pork sandwich), as well as sharing skepticism about whether the other partner is an AI.",False,,"Cat: its made me hungry / Cat: a nice t bone / Dog: same.  i haven't had dinner, but I have a pork sandwich waiting for me.",False,"Since both participants agreed that eating meat is ethical, it is consistent and unsurprising that they would also express enjoyment of meat products and hunger for them.","While Cat mentions 'i wont kill to get meat', this is presented as a personal nuance rather than a disagreement with Dog's general pro-meat stance.",zeroth-lavender,Is it ethical to eat meat?,morality,0,shared,1.0
True,disagreement,"Dog states a positive position ('I put probably yes'), while Cat states a negative position ('I fell on the not side').","Dog: 'The ? we got was interesting to me, I put probably yes...' / Cat: 'Interesting, I fell on the not side'",wow sorry glitched out,4,True,related_subtopic,"After establishing their opposing views on whether officials work for the public, they find common ground on the specific subtopic of execution vs. intention. Cat questions the 'success' of the work, and Dog agrees that the job is 'harder than it seems,' validating the lack of visible results despite Dog's belief in good intent.","They agree that achieving results for the public interest is difficult and often unsuccessful, regardless of the officials' initial intentions.",False,,"Cat: If yes I don't know how sucessfully they do so, if you feel me ... Dog: Yes, I think most of them get elected with the intention to improve in the public's best interest / Dog: But find out that it's a lot harder than it seems",False,It is a common conversational strategy to resolve a disagreement about 'performance' by agreeing on the distinction between 'intent' and 'outcome.',The stance establishment phase includes a technical glitch where Dog repeats the reaction message multiple times; the analysis marks the end of this technical recovery as the start of the post-stance phase.,nearby-olive,Do you think elected officials work to support the public's best interest?,politics,3,opposing,0.0
True,disagreement,"Dog explicitly states they do not feel like an outsider ('I don't'), whereas Cat explicitly states they do ('So, yes I do feel like an outsider'), citing financial disparities.","Dog: 'I don't' ... Cat: 'So, yes I do feel like an outsider.'",same with my neighborhood.,12,True,rapport_only,"Participants maintain a polite interaction and acknowledge each other's feelings, but they do not reach a shared conclusion or values. Dog promotes an internal mindset ('what you make of it'), while Cat maintains an external focus on financial comparison and admits to jealousy.","The participants found general rapport through polite listening and emotional validation (Dog acknowledging the difficulty of jealousy), but did not align on a substantive viewpoint regarding community or identity.",True,"A difference in values/perspective emerged: Dog argued that hardships aren't just monetary and focused on mindset ('what you make of it'), while Cat remained focused on financial status ('six-figures') and feelings of jealousy.","Dog: it's about what you make of it that's key
Cat: THat's good. I get very jealous easily, so that's not fun.",False,"Given their initial disagreement (one feeling included, one excluded) and the distinct reasons for their stances (mindset vs. money), it is not surprising that they could not find substantive common ground beyond basic politeness.","Dog attempts to offer a shared human perspective ('we're all just people'), but Cat does not fully accept this ('I suppose....'), indicating a failure to establish shared values.",wispy-aqua,Do you feel like an outsider in your local community?,identity,3,opposing,0.0
True,disagreement,"Cat explicitly states 'I do' in response to the focal question, while Dog states 'Unfortunately I don't believe in an afterlife'.","Cat: I do
Dog: Unfortunately I don't believe in an afterlife",Yeah It's a pretty crazy concept. What's your biggest reason for not believing?,3,False,none,"In the post-stance conversation, participants elaborate on their diverging views (Dog losing faith, Cat believing in heaven/hell) but do not express agreement or identify shared experiences.",,True,"Dog clarifies they have ceased having any religious beliefs entirely, while Cat elaborates on a specific binary belief in heaven or hell.",Dog: I grew up religious but stopped believing after I grew older. I don't have any religious beliefs anymore ... Cat: I'm usually not one to be so cut and dry but I do believe you either go to heaven or hell,False,No common ground was found; the conversation continued to reflect the initial disagreement.,"Cat acknowledges the concept is 'crazy' in the stance phase, but this is excluded from the post-stance analysis.",prime-plum,Do you believe in an afterlife?,religion,4,opposing,0.5
True,disagreement,"Cat explicitly affirms attending concerts ('I do!'), whereas Dog indicates they do not currently attend, stating they have not been to one since 2015 and have only attended two in their life.",Cat: I do! ... Dog: I have gone two concert in my life. But I haven't been to one since 2015.,Very nice. Time is running out,0,False,none,The conversation ends immediately after the second participant (Dog) reveals their stance and the first participant (Cat) offers a polite reaction ('Very nice'). There is no post-stance conversation.,None,False,None,N/A,False,No common ground could be established as the conversation terminated immediately after stance establishment.,The reaction 'Very nice' is considered part of the stance establishment phase as it is the immediate reaction to Dog's disclosure. This leaves zero messages for the post-stance phase.,exuberant-black,Do you attend live music concerts?,preferences,4,opposing,0.0
True,disagreement,"Dog states they are not a parent or caregiver, while Cat states they are a parent. Their positions on the focal question are opposite.","Dog: ""I'm not a parent or a caregiver"" ... Cat: ""i'm a parent""",i'm a parent,11,True,related_subtopic,"While discussing the specific interests of Cat's child (a subtopic of the parenting domain), they find a shared connection through the sport of soccer, which Dog played in high school.","Dog played soccer in high school, which is the same sport Cat's child currently plays.",False,,"Cat: soccer
Dog: That's nice, I played soccer up until high school",False,"It is not surprising that two people might share an experience with a globally popular sport like soccer, regardless of their diverging parental status.","There was a brief confusion about the child's age (typo '41' vs '11') which drove the immediate follow-up questions, but the common ground was established regarding the child's hobbies.",busy-purple,Are you a parent or caregiver?,identity,4,opposing,0.5
True,disagreement,"Dog states they live on the 'outskirts of a large city', while Cat identifies their location as 'Rural'. This indicates different living environments (city/suburban vs rural).",Dog: I live on the outskirts of a large city. ... Cat: Rural,Rural,4,True,related_subtopic,"After establishing where they live, they discuss their satisfaction with those locations. Both participants explicitly state that they like where they live.","Both participants like where they live and love their homes, despite the difference in setting (city outskirts vs rural).",False,,"Cat: yes I do
Dog: I do!!  I love my home.",False,It is not surprising that people living in different types of environments (city vs rural) can both be happy with their respective living situations.,"Cat initially mistyped 'rural area' as 'real area', then clarified with 'Rural'. The stance establishment is considered complete at the clarification.",far-fuchsia,Do you live in a city?,background,3,opposing,1.0
True,agreement,"Dog states 'I'm going to answer yes, I identify as my birth gender' and Cat responds 'So do I', indicating they both hold the same position.","Dog: I'm going to answer yes, I identify as my birth gender. ... Cat: So do I",So do I,14,True,related_subtopic,"After establishing their identities, participants discuss the specific nature of their experiences (innate feeling, lack of confusion) and childhood socialization (toys), finding agreement on these related details.",Both participants agreed that their gender identity felt innate and obvious without confusion. They also established that they both played with gender-aligned toys as children but did not feel this was forced upon them.,False,,Dog: Would you say you played with toys directed towards your gender growing up? / Cat: Yeah I did. / Dog: Same here ... Dog: Never felt pushed on me though / Cat: Me neither.,False,"Given that both participants identify as the gender assigned at birth (cisgender), it is not surprising that they experienced this identity as innate or engaged in gender-conforming play during childhood, as these are common experiences for cisgender individuals.","The conversation is characterized by high alignment throughout, moving from the main topic to shared details of their upbringing.",panicky-brown,Do you identify as the gender which you were assigned at birth?,identity,0,shared,1.0
True,agreement,Both participants explicitly confirmed they identify as heterosexual using identical phrasing in the first two messages.,"Dog: I do identify as heterosexual
Cat: I do identify as heterosexual",Cat: I do identify as heterosexual,5,True,related_subtopic,"Immediately following their stance declarations, both participants expressed identical views on tolerance towards non-heterosexuals. Later, they found agreement on how the government should treat others (Cat's 'None of my business' approach was validated by Dog).",Agreement on tolerance towards non-heterosexuals and a shared perspective that government treatment of others is not their business.,False,,"Dog: How do you feel that the government should treat others that are not heterosexual?
Cat: None of my business
Dog: Probably a good answer",False,"Given that they started with identical stances on the focal topic and used identical phrasing for their follow-up elaboration on tolerance, finding further agreement on the government aspect was predictable.","The conversation exhibits extremely high alignment, with the first two exchanges being verbatim repeats of each other.",fine-lime,Do you identify as heterosexual?,identity,0,shared,1.0
True,disagreement,"Cat explicitly states a dislike for being outdoors (citing bugs), while Dog counters by stating a love for insects, wildlife, and running, establishing a clear contrast in their enjoyment of the domain.",Cat: I don't like being outdoors because I hate bugs... Dog: I'm luck that I love insects... I also love running,I also love running,5,True,rapport_only,"The participants do not reach substantive agreement on values or activities. Cat prefers passive activities (sitting, people watching) and sunshine, while Dog prefers active ones (running) and cooler temperatures (20C). However, they utilize polite validation ('That's great exercise', 'Cool'), fitting the 'rapport_only' category.","The participants maintained general politeness and validated each other's differing preferences (e.g., acknowledging running as good exercise) without finding shared interests or values.",True,Differences emerged regarding preferred activity levels (passive sitting vs. active running) and weather conditions (loving sunshine/warmth vs. preferring mild 20C/hating heat).,"Cat: I like to sit in the shade and people watch
Dog: Cool. I hate it when it's too hate. 20C is the perfect summer temperature I think",False,"It is not surprising that paired strangers would maintain a polite, agreeable tone (rapport) even when their specific preferences on the topic diverge.",Dog contains a typo 'too hate' likely meaning 'too hot'.,empty-amber,Do you enjoy being outdoors?,arbitrary,3,opposing,0.5
True,disagreement,"Dog explicitly states they 'do not identify as a heterosexual' (identifying as bisexual), while Cat states they 'do identify as heterosexual'.",Dog: i do not identify as a heterosexual... so i identify as a bisexual person... Cat: ... i do identify as heterosexual,gotcha!,12,True,same_values,"After establishing their differing identities, the participants pivot to discussing social attitudes. They explicitly agree on the value of inclusivity and tolerance towards non-heterosexual people.",Both participants agree that they have no issues with non-heterosexual sexualities and share a belief in inclusivity and letting people 'live their life'.,False,,"Dog: do you have any problems with people with non heterosexual sexualities? / Cat: no, not at all! / Cat: i dont understand people who do have those problems with people / Dog: yea ive always tried to be a super inclusive person",False,"While the participants have different sexual orientations, it is not surprising that a heterosexual participant would express tolerance and inclusivity toward others, as these values are not mutually exclusive with being heterosexual.",The conversation shifts from identity definitions to shared social values immediately after the meta-talk about filling time.,delightful-emerald,Do you identify as heterosexual?,identity,4,opposing,0.5
True,disagreement,"Cat explicitly states 'I do identify as heterosexual', while Dog explicitly states 'I do not identify as heterosexual. I identify as bisexual.' This represents a clear difference in position regarding the focal question.",Cat: 'I do identify as heterosexual' vs Dog: 'I do not identify as heterosexual',I do not identify as heterosexual. I identify as bisexual.,3,True,rapport_only,"In the post-stance conversation, the participants do not establish shared beliefs or experiences. Instead, Cat asks a question about Dog's experience and offers empathy/well-wishes ('that's too bad', 'I hope you have people around you who make you feel accepted'). This establishes a positive social connection (rapport) but constitutes politeness/support rather than substantive common ground on a topic.",Cat expresses empathy and support for Dog's experience of exclusion within the LGBT community.,False,No additional disagreements or differences emerged; the conversation focused on Dog's experience and Cat's supportive reaction.,Cat: do you ever feel like people judge you for that? / Dog: There is definitely a certain degree of exclusion even within the LGBT community / Cat: that's too bad - I hope you have people around you who make you feel accepted!,False,It is not surprising that participants with different sexual orientations would interact politely or that one would express empathy for the other's difficulties with exclusion.,The conversation moves quickly from stance declaration to a supportive inquiry about the minority participant's experience.,delighted-lavender,Do you identify as heterosexual?,identity,4,opposing,0.0
True,agreement,"Dog initiates by stating 'I think white lies are ok', and Cat immediately responds 'Yes, I agree', elaborating that lying is sometimes necessary to protect loved ones. Dog confirms this alignment with 'exactly'.","Dog: Hello, I think white lies are ok what about you? / Cat: Yes, I agree",exactly.,12,True,related_subtopic,"After establishing that white lies are acceptable, the participants pivot to a related subtopic: the conditions under which lying is *unacceptable* (morally bad). They successfully identify shared boundaries (harming others, manipulation) on this related question.",They agreed on the specific conditions where lying becomes immoral (when it hurts someone or involves manipulation for self-benefit) and shared a view that lying is a universal human behavior.,False,,Dog: When is lying bad? / Cat: When lying hurts someone then it's bad / Dog: Yeah or you are manipulatiing situations to only your benefit,False,It is not surprising that two people who agree on the acceptability of 'white lies' (nuanced morality) would also agree that malicious or manipulative lies are unacceptable. Their moral frameworks appear consistent and standard.,"The conversation flows from establishing the 'pro' side (white lies) to defining the 'con' side (manipulation), showing a complete alignment on the moral landscape of lying.",scornful-rose,Is lying acceptable?,morality,1,shared,1.0
True,disagreement,"Cat explicitly states 'I don't work from home', while Dog states 'i work at home', indicating they have opposite arrangements regarding the focal topic.","Cat: ""I don't work from home."" ... Dog: ""I am trying to start a business, i work at home""","I am trying to start a business, i work at home",9,True,rapport_only,"In the post-stance conversation, Cat is supportive and encouraging of Dog's business ('Sick', 'Best of luck!'), establishing a positive social rapport. However, Cat does not express shared interest in the specific topics (Linux, AI) or indicate that they also have a business, so no substantive shared ground was discovered.",Participants established a friendly rapport where Cat expressed enthusiasm and support for Dog's YouTube business venture.,False,No additional disagreements or differences were identified in the post-stance conversation.,"Cat: Nice what kind of business?
Dog: well, a youtube channel
Cat: Sick
Dog: indeed lol
Cat: Best of luck! What type of content?",False,It is not surprising that two people with different working arrangements (working from home vs. traveling to clients) can maintain a polite and supportive conversation about one person's job details.,The conversation is friendly and supportive despite the difference in work location.,filthy-rose,Do you work from home?,arbitrary,4,opposing,0.0
True,agreement,Both participants explicitly state that their families did not immigrate to a new country. Cat opens with 'My family and I did not immigrate' and Dog responds with 'My family did not immigrate... either'.,"Cat: My family and I did not immigrate to a new country
Dog: My family did not immigrate to a new coutry either",My family did not immigrate to a new coutry either,4,True,related_subtopic,"After establishing they did not immigrate, the conversation moves to the specific duration of their families' residence in the US. Both participants reveal they have been there for 'a few generations,' establishing shared experience on this specific detail.",Both participants discovered that their families have lived in the United States for a few generations.,False,,"Dog: A few generations. My great grandparents came from Mexico how about yourself?
Cat: I believe we've been here for a few generations as well but I'm not completely sure how long we've been here",False,"Given that both participants initially established that they did not immigrate (implying they were born in the country), finding out that they both have multi-generational roots is a consistent and likely extension of their initial stance, rather than an unexpected discovery.",The conversation is brief and highly aligned.,surprised-green,Did you or your family immigrate to a new country?,background,0,shared,1.0
True,disagreement,"Cat explicitly states 'I am not actually a parent', while Dog states 'I am'. Their positions on the focal question (Are you a parent or caregiver?) are opposite regarding parenthood.","Cat: I am not actually a parent
Dog: I am",But Ido have pets. But other than that I am not a caregiver to anyone,9,True,related_subtopic,"After establishing that they differ on human parenthood, Cat introduces pets as a form of caregiving. Dog validates this by sharing that they also have pets. They proceed to bond over pet ownership, breeds, and animal behavior, which serves as a related subtopic within the broader domain of 'caregiving' or 'identity'.",Both participants are pet owners (dogs and cats) and discuss their animals.,False,No significant disagreements emerge in the post-stance conversation; they merely exchange details about different pet breeds and ages.,"Dog: I have pets too, what kind do you have?
Cat: I have two dogs. A chihuahua and a pomeranian
Dog: I have two cats and a pitbull.",False,It is not surprising that a non-parent and a parent both own pets. Pet ownership is common across various demographics and is not mutually exclusive with being or not being a parent.,"Cat revisits the parenthood topic briefly ('How old is your child?') after the stance phase, but the conversation primarily pivots to the shared experience of pet ownership.",distinct-emerald,Are you a parent or caregiver?,identity,4,opposing,0.0
True,disagreement,"Dog states that they do not work from home, while Cat states that they do work from home. Their positions (current employment status regarding the focal question) are opposite.",Dog: 'i dont work from home' / Cat: 'I do work from home',"I do work from home, would you ever want to work from home?",4,True,related_subtopic,"After establishing their different statuses, the participants discuss the *desirability* and *benefits* of working from home. They find common ground on the specific advantages (convenience, comfort, not dealing with people), despite their different current situations.",Both participants agree that working from home is convenient and desirable because it allows for comfort and avoids having to deal with other people.,False,,"Dog: ""yeahh you also get to be comfortable at home not having to deal with no one"" / Cat: ""Yes that is true for sure!""",False,"It is not surprising that the participant who does not work from home (Dog) imagines it to be positive/convenient, or that the participant who does (Cat) validates those benefits to build rapport. This is a standard polite consensus on the 'pros' of the topic.","While they disagree on the focal fact (current status), they align completely on the sentiment/preference for the lifestyle.",innovative-magenta,Do you work from home?,arbitrary,4,opposing,0.5
True,agreement,"Both participants explicitly agree that a machine cannot be moral. Dog initiates with 'probably not' and confirms 'final answer', while Cat responds with 'I agree' and 'Me too!'.","Dog: probably not, because its ai ... Cat: I agree.",Cat: Me too!,2,True,rapport_only,"The conversation following the stance establishment consists exclusively of polite closing pleasantries wishing each other a good night, which fits the category of general rapport without substantive content.",Mutual polite well-wishes for the rest of the night.,False,No differences emerged in the post-stance conversation.,"Dog: well i hope you have a good rest of your night after this! l;ol
Cat: I hope you do too.",False,It is not surprising that participants who agreed on the focal topic would end the conversation with polite rapport.,"The post-stance conversation was minimal, consisting only of the closing sequence.",graceful-pink,Can a machine be moral?,morality,0,shared,1.0
True,agreement,Both participants state that lying is generally not acceptable but allow for exceptions. Dog says 'Generally no' but 'under certain circumstances it could be for the better.' Cat replies 'I am the same way' and notes they answered 'probably not'.,"Dog: ""Generally no. I guess you could argue under certain circumstances it could be for the better""
Cat: ""I am the same way.""","I am the same way. In terms of this survey I answered ""probably not"" because I believe in the majority of cases, no, lying is not acceptable, but there are definitely exceptions.",2,True,related_subtopic,"After establishing their general stances, Dog elaborates on a specific type of exception (white lies/sparing feelings), and Cat explicitly agrees with this specific application.",The participants agree on a specific scenario where lying is acceptable: to spare someone's feelings or make them feel better (white lies).,False,,"Dog: ""I mean sometimes you can lie to make someone feel better about themselves or not let their feelings get hurt""
Cat: ""Agreed.""",False,"Given that both participants initially agreed that there are 'exceptions' to lying being unacceptable, it is not surprising that they would agree on the most common example of such an exception (protecting feelings).",The conversation is very short and highly aligned; the post-stance phase consists primarily of Dog providing an example of the exceptions they both referenced in the stance phase.,xeric-coral,Is lying acceptable?,morality,1,shared,1.0
True,agreement,"Both participants explicitly state a positive disposition toward the outdoors. Cat says 'I like being outside' and Dog confirms 'Yeah, spend a lot of my spare time doing outdoors activities'.","Cat: yeah - I like being outside. you? / Dog: Yeah, spend a lot of my spare time doing outdoors activities","Yeah, spend a lot of my spare time doing outdoors activities",6,True,rapport_only,"In the post-stance phase, the participants share details about their activities but do not find a shared specific interest. Dog prefers active sports while Cat prefers relaxing. The conversation concludes with polite acknowledgment ('Nice') rather than a substantive shared value or subtopic.",Polite acknowledgment of their respective preferences without finding a specific shared activity.,True,"A difference in activity intensity emerged: Dog engages in active sports (hiking, climbing) while Cat prefers passive leisure (reading).","Dog: Hiking, backpacking, climbing mainly ... Cat: just general outdoors time - if im gunna read, rather do it outside, weather permitting",False,It is not surprising that two people who generally enjoy the outdoors might engage with it in different ways (active vs. passive).,The conversation establishes a high-level agreement but quickly differentiates on the specifics of how they enjoy the domain.,magnetic-lavender,Do you enjoy being outdoors?,arbitrary,0,shared,1.0
True,disagreement,"Dog states they moved all over the east coast (NJ, CT), while Cat states they stayed in PA for their entire life.",Dog: 'Nope I grew up in NJ then moved all over...' vs Cat: 'I have stayed in PA my entire life.',"That is cool, eagles fan? watching the game rn",12,True,different_topic,"The participants bond over a shared interest in NFL football, specifically discussing the current playoff games involving the Eagles and Steelers, which arose from the mention of their locations.","They discovered a shared interest in football (NFL). They discussed the current games, agreeing that the Eagles were playing poorly and that the Steelers had no chance against the Bills.",False,,"Cat: ""I am a steelers fan, not much better lol"" / Dog: ""I wanted the steelers to win so bad, I like KC and did not want to play buffalo next week""",False,"It is not surprising that two people living in the US East Coast (PA and CT) would discuss regional NFL teams (Eagles, Steelers), as sports is a very common 'safe' conversational topic derived from geography.","While they support different teams (Steelers vs KC), they found common ground in their analysis of the games (Eagles losing, Steelers losing), creating rapport rather than disagreement.",psychological-ivory,Have you stayed in the same place for your entire life?,background,4,opposing,0.0
True,disagreement,"Cat explicitly states 'I love going out on weekdays', whereas Dog explicitly states 'I answered no because I'm tired'. They take opposite positions on the focal question.",Cat: I love going out on weekdays... Dog: I answered no...,I understand. I have kids so sometimes weekdays are hard.,5,True,related_subtopic,"After establishing they prefer different days for going out, they discuss the specific activities they enjoy when they do go out. Both participants identify going to restaurants as a shared activity.","Both participants enjoy going to restaurants when they go out, regardless of the day (Cat on weekdays, Dog on weekends).",False,,Cat: I like to try out new restaurants when I go out. ... Dog: to restaurants or other attractions nearby,False,"It is not surprising that two people, even if they prefer going out on different days of the week, both enjoy dining at restaurants as a primary leisure activity.",Cat bridges the initial disagreement gracefully in the last stance message by validating Dog's reasoning.,dependent-plum,Do you go out on weekdays?,arbitrary,3,opposing,0.0
True,agreement,"Cat explicitly states enjoyment of spending time with family. Dog responds with 'I mostly agree', though they add a qualification about it being difficult sometimes.","Cat: I enjoy spending time with my family... 
Dog: I mostly agree, although sometimes spending time with family can be difficult.",Cat: I can understand that. It really does depend on the situation,2,True,related_subtopic,"In the brief post-stance exchange, Cat elaborates that their opinion is mutable and could change (acknowledging the difficulty Dog mentioned), and Dog affirms this ('Yes indeed'). This establishes shared ground on the dynamic/situational nature of family relationships.",Participants agree that opinions on family time can change or degrade over time.,False,,"Cat: and I'm sure with enough time, my opinion would change, lol
Dog: Yes indeed.",False,"Given that Dog initially mentioned family can be difficult and Cat immediately validated that nuance, it is not surprising they found common ground on the idea that positive opinions might change over time.","The conversation is very short, but the post-stance elaboration confirms the shared nuance established during the stance phase.",direct-ivory,Do you enjoy spending time with your family?,background,0,shared,1.0
True,agreement,"Both participants explicitly state their belief in God in the opening exchange. Cat states 'I believe in God', and Dog immediately confirms agreement with 'So do I'.","Cat: I believe in God. Hi
Dog: So do I",So do I,6,True,related_subtopic,"After establishing their shared belief in God, they discuss the subtopic of denominations. They find a connection in that Dog is Baptist and Cat was previously Baptist (now non-denominational), showing a shared religious history/context.","Participants discussed their specific denominations. Dog identified as Baptist. Cat identified as non-denominational but shared a history of growing up Catholic and having changed to Baptist in the past, creating a link to Dog's current denomination.",True,"They differ in their current denomination (Dog is Baptist, Cat is non-denominational).","Dog: I'm Baptist, and you are...
Cat: I am non-denominational. Grew up Catholic, due to events, I changed to Baptist but now non-denominational.",False,"Given that both participants established a belief in God, it is not surprising that they would discuss denominations or have overlapping histories within Christianity.","Cat's elaboration 'I know there is a higher power...' appears after Dog's question about denomination, likely due to typing speed, but serves to reinforce the initial stance.",conservative-red,Do you believe in God or a higher power?,religion,0,shared,1.0
True,disagreement,"Dog explicitly states they do not live in a city, while Cat states they do live in a city, establishing opposite facts regarding the focal topic.",Dog: Hi. I do not live in a city. / Cat: I live in a city.,That sounds really exciting. Do you like it?,5,True,related_subtopic,"While they live in different places, they find common ground in their preferences: Dog likes cities and Cat misses suburbs. This is agreement on the desirability of the other's location type.","Both participants express a strong appreciation for the other's living environment; Dog reveals a desire to live in a city, and Cat reveals they grew up in the suburbs and miss it.",False,No further differences or disagreements appeared; the conversation was entirely complimentary of both locations.,"Dog: I really like cities so would like to live in one.
Cat: I grew up in the suburbs and miss it.",True,It is surprising that two people with opposite living situations (City vs Non-City) would both express a preference or longing for the other's situation rather than defending their own current choices.,The conversation is characterized by a 'grass is greener' dynamic where both participants value the environment they do not currently inhabit.,taller-tomato,Do you live in a city?,background,4,opposing,0.0
True,disagreement,"Dog identifies as 'heterosexual' while Cat identifies as 'bisexual'. These are distinct, non-aligned sexual identities in the context of the question.","Dog: I identify as heterosexual, what about you? / Cat: I am bisexual","Oh, nice!",3,False,none,"In the brief post-stance conversation, participants only elaborated on the definitions of their differing sexualities (lack of same-sex attraction vs. attraction to both). No shared experiences, values, or beliefs were discovered.",No common ground found.,False,Participants elaborated on their initial difference (orientation definitions) but did not discover additional unrelated differences.,Dog: I just haven't felt any attraction towards anyone of the same gender of me. ... Cat: When I realized I was attracted to both women and men,False,"Since the participants have different sexual orientations, it is not surprising that their brief elaboration focused on defining those differences rather than finding common ground.",The conversation was very short; the post-stance phase consisted only of defining the differing perspectives.,striped-aquamarine,Do you identify as heterosexual?,identity,3,opposing,0.5
True,agreement,"Both participants confirm they engage in regular exercise. Cat states she exercises 'as often as I can' and is a member of a gym, while Dog states they 'try to exercise in the morning'.",Cat: 'I exercise as often as I can with 2 small kids in tow.' ... Dog: 'I try to exercise in the morning because it works for me',I try to exercise in the morning because it works for me,8,True,related_subtopic,"After establishing their differing routines (Home vs Gym, AM vs PM), they find agreement on the value of specific fitness aspects. Dog validates the utility of childcare at gyms and agrees that fitness classes are fun based on past experience, aligning with Cat's current preferences.","They agree on the value of gym amenities like childcare and the enjoyment of group fitness classes, which Dog used to attend.",True,"They differ on their preferred exercise environment (Cat goes to a gym, Dog prefers home workouts) and timing (Cat exercises after work, Dog exercises before work).",Dog: 'Childcare is a good service for a gym to help people workout' ... Dog: 'Classes are fun I attended when I workeod out at a gym',False,"It is not surprising that two people who identify as regular exercisers would share positive sentiments about exercise methodologies (classes) and supportive services (childcare), even if their specific daily routines differ.","The conversation is supportive; despite opposite preferences for 'when' and 'where' to workout, they validate each other's choices.",eventual-cyan,Do you exercise regularly?,arbitrary,0,shared,1.0
True,disagreement,"Dog explicitly states they are 'not part of any religion', while Cat states they are 'affiliated with Christianity'. This represents a clear opposition in status regarding the focal topic.","Dog: 'I am not part of any religion.' / Cat: 'Hello, I am affiliated with Christianity'","Hello, I am affiliated with Christianity",6,False,none,"The post-stance conversation consists entirely of Dog interviewing Cat about their conversion history. Dog asks questions ('Since how old?', 'Was your family Catholic?') and Cat provides biographical answers. Dog never shares a perspective, agrees with a value, or establishes rapport beyond basic politeness ('Interesting', 'Ah'). No shared ground is established.",None found; the conversation was a one-sided interview about Cat's history.,False,"No additional differences emerged. The conversation elaborated on the initial difference (religious vs non-religious) by exploring why Cat chose to stay in religion (converting) rather than leaving, which contrasts with Dog's non-religious status, but this is an elaboration of the primary stance rather than a new disagreement.","Dog: ""And what made you convert instead of leaving all together?"" 
Cat: ""I felt like I could relate to Christianity more than Catholicism. I felt more at home...""",False,"Since no common ground was found, there is no surprise. The lack of common ground is consistent with their opposing initial positions (religious vs. non-religious) and the short, interview-style nature of the interaction.","Cat makes a distinction between 'Catholicism' and 'Christianity' (implying Protestantism/non-Catholic Christianity), describing the former as 'cult-like'. Dog does not comment on this distinction.",weary-chocolate,Are you affiliated with any organized religion?,religion,0,shared,0.0
True,agreement,"Cat explicitly states they chose the 'strong agree' option regarding the focal question ('Do you eat breakfast?'), and Dog immediately confirms they answered the same.",Cat: So I answered the strong agree option / Dog: Yes same !,Yes same !,10,True,related_subtopic,"After establishing they both eat breakfast, they discuss specific foods. They find shared enjoyment of hash browns and the experience of eating at diners.",Both participants share a love for hash browns and appreciate dining at diners.,True,"Dog likes eggs with their hash browns, whereas Cat is 'not much of an egg person' and describes themselves as a picky eater.","Cat: Probably hash browns... I don't often eat them alone, but it makes my day when a diner has them / Dog: oh i love hashbrowns with eggs... yes for sure! love a diner lol",False,"Since both participants indicated they strongly agree that they eat breakfast, it is predictable that they would share preferences for common breakfast foods like hash browns or venues like diners.",,strict-chocolate,Do you eat breakfast?,arbitrary,0,shared,1.0
True,agreement,Cat initiates by stating that 'lying is acceptable' if it protects someone. Dog responds affirmatively with 'I think so as well' and notes that the truth is 'not always the best route.',"Cat: I feel like sometimes lying is acceptable if it does no harm... 
Dog: I think so as well the truth is usually but not always the best route",Cat: I totally agree.  Sometimes the truth can do more harm than good.,4,True,same_values,"In the post-stance conversation, participants deepen their agreement by establishing shared moral criteria for lying. They agree on the distinction between acceptable lies (for 'self preservation' or to 'help/save someone') versus unacceptable lies (if it is 'self serving').","They share the value that the morality of lying depends on intent: lies that protect or save others (altruistic) are acceptable, while self-serving lies are not.",False,,"Dog: Yep, I really think if it is for self preservation or to help/save someone else, ifit is self serving, not so much.
Dog: Yes agree with that too.",False,"Given that they both initially agreed lying is acceptable to prevent harm, finding common ground on the specific distinction that altruistic lies are good and self-serving lies are bad is a consistent and predictable elaboration of their starting positions.","Participants also found common ground regarding pet ownership (both own cats), but this occurred during the stance establishment phase (before Dog gave their stance), so it is not included in the post-stance analysis.",quiet-harlequin,Is lying acceptable?,morality,0,shared,1.0
True,agreement,"Both participants state that stealing is generally 'not good' or 'hard to justify', but they immediately align on the specific nuance that it can be justified in cases of basic need or survival (e.g., 'starving kids').","Cat: 'The only time I think it can be justifies is when you have no other option in order to meet a basic need.' ... Dog: 'I do imagine some rare situations where I think it ""OK"" - what about if someone has starving kids at home?'",That's what I'm saying,6,True,same_values,"In the post-stance conversation, participants discuss a specific real-world example (locked-up baby formula) that illustrates their shared value regarding survival theft. They reinforce their shared moral intuition that stealing to feed a baby is an understandable exception.","They discuss the specific example of baby formula being locked up in stores and agree that stealing it is likely done out of necessity to feed a child, which aligns with their shared moral values.",False,,"Cat: ""Here they lock up baby formula because it gets stolen a lot ... but I feel like that's one thing that you're not stealing for any other reason than to feed your baby""
Dog: ""So, I think almost always it's wrong. But I can well imagine (extreme) exceptions.""",False,The common ground found regarding baby formula is a direct application of the 'stealing for basic needs' exception they explicitly established and agreed upon during the stance establishment phase.,Participants were in strong agreement throughout the conversation.,changing-scarlet,Can stealing ever be justified?,morality,3,opposing,0.0
True,agreement,"Both participants explicitly state that things are moving in the wrong direction. Cat states the 'country is definitely moving in the wrong direction,' and Dog expands this to say 'honestly it feels like the whole world is moving in the wrong direction.'",Cat: 'country is definitely moving in the wrong direction.' ... Dog: 'honestly it feels like the whole world is moving in the wrong direction.',"honestly it feels like the whole world is moving in the wrong direction. Culture covers a lot of ground, what specifically did you have in mind?",4,False,none,"While they might share a general dislike of lying, the post-stance conversation consists of Dog differentiating their view from Cat's rather than finding agreement. Cat focuses on culture and social media 'randoms' lying, while Dog explicitly counters that they are 'more concerned about politicians' than the group Cat identified. They do not reach a shared conclusion or validate each other's specific points.",No substantive common ground was established in the post-stance conversation; participants prioritized different causes for the country's problems.,True,"Participants differed on the primary cause of the 'wrong direction.' Cat blamed culture, social media anonymity, and individual dishonesty ('randoms'), whereas Dog dismissed concerns about individuals to prioritize 'politicians who lie.'","Cat: 'the rise of social media, and the ability to ""hide"" allows people to be disingenuous. Lying, i feel is at an all time high.' ... Dog: 'I'm more concerned about politicians who lie than I am about randoms on the internet'",False,It is not surprising that two people who agree broadly that the country is moving in the 'wrong direction' would attribute this to different causes (culture vs. politics).,"Although they started with strong agreement on the focal question, the conversation immediately pivoted to a difference in priorities regarding who is to blame (individuals vs. politicians).",musical-coffee,Do you feel like the country is moving in the right direction?,politics,0,shared,0.0
True,agreement,"Dog explicitly states enjoyment of spending time with children. Cat agrees in general terms ('most people enjoy time with their family') while adding a nuance about finding a balance, implying alignment without stating a personal preference directly.","Dog: I do enjoy spending time with my children
Cat: I would say in general most people enjoy time with their family but there is a balance to be found.",I would say in general most people enjoy time with their family but there is a balance to be found.,2,False,none,"In the brief post-stance exchange, Dog asks a question about how Cat spends time with family, and Cat answers. However, the conversation ends immediately after the answer, so the participants do not establish whether they share this habit or value (having dinner together). No mutual ground is confirmed.",None found.,False,No additional differences emerged.,"Dog: How do you spend time with your family.
Cat: Usually we all have dinner together at night.",False,No common ground was found to evaluate for surprise.,"Cat's stance is generalized ('most people') rather than personal, but aligns with the positive valence of the topic.",married-amber,Do you enjoy spending time with your family?,background,1,shared,0.5
True,agreement,"Dog expresses skepticism about who officials work for, and Cat explicitly agrees, adding that officials sometimes work for their own interests rather than the public's.","Dog: 'I'm not really sure who elected officials are working for sometimes' ... Cat: 'I agree, I definitely think it depends on the official.'",Yeah. I also think that they are balancing the interests of the public with their donors,2,True,related_subtopic,"After agreeing on the main topic, the participants discuss the specific consequences: the emotional toll ('frustrating') and the practical difficulty this creates for voting ('deciding who to vote for').",They agree that the uncertainty regarding politicians' motives causes frustration and makes the voting process difficult.,False,,"Dog: ""It feels kind of frustrating"" ... Cat: ""It makes it very difficult when deciding who to vote for""",False,"Given that they both started with a cynical or skeptical view of politicians' motives, it is predictable that they would share feelings of frustration and difficulty regarding the voting process.",The conversation is short but shows clear alignment both on the focal topic and the subsequent emotional/practical implications.,grand-copper,Do you think elected officials work to support the public's best interest?,politics,0,shared,0.5
True,agreement,"Both participants explicitly state that they believe elected officials do not work to support the public's best interest. Cat says 'I said probably not', and Dog confirms picking the same option ('second option') and clarifies 'i just said no'.",Cat: I said probably not ... Dog: yeah i think that was it lol ... i just said no cause of insider trading and what not,i agree,10,True,related_subtopic,"In the post-stance conversation, the participants move from the general question to a specific subtopic regarding the hierarchy of officials. They discover a shared perspective that lower-level officials are more likely to be genuine than those at higher levels.","They found common ground on the specific belief that 'lower level' officials are more likely to support the public interest, whereas higher-level officials are more prone to corruption due to money and power.",False,No differences emerged; they remained in agreement throughout the discussion.,"Dog: i think at lower levels though the percentage of public officials that support the public's best interest is much higher ... Cat: oh for sure
Cat: it's also bc it comes with less reponsibility and power in those positions so i feel like u have to be more genuine",False,"Given that both participants initially agreed on a cynical view of elected officials ('probably not'), it is not surprising that they share similar detailed reasoning about why this is the case (power corrupts) and where exceptions might exist (local levels).",The conversation flows seamlessly from initial agreement to shared detailed reasoning without any conflict.,tough-pink,Do you think elected officials work to support the public's best interest?,politics,0,shared,1.0
True,agreement,"Both participants confirm they are in a relationship, answering the focal question 'Are you married or dating someone?' in the affirmative. While one is married and the other is dating, they align on the broader state of being partnered rather than single.","Cat: 'I have been married for almost five years.' ... Dog: 'As far as Married I am not, but I am dating.'",I have been with my girlfriend for almost 2 years.,9,True,related_subtopic,Participants discover they are both in cisgender heterosexual relationships ('cis woman' with 'cis man' and vice versa) and share a perspective that relationship troubles are normal.,Participants found common ground regarding the demographic composition of their relationships (both cisgender individuals in heterosexual partnerships) and shared the perspective that relationships naturally involve troubles.,True,"They differ in relationship longevity and history; Cat has been cohabiting for eight years, while Dog is in their longest relationship at two years, having previously only lasted about six months.","Cat: ""For context, I'm a cis woman in a relationship with a cis man.""
Dog: ""I am a cis man with a cis woman in my case.""",False,The fact that both participants are in heterosexual relationships or believe relationships have troubles is not unexpected or contradictory to their initial statuses of being married or dating.,The conversation flows naturally from status identification to demographics and relationship dynamics.,mad-aqua,Are you married or dating someone?,identity,0,shared,1.0
True,disagreement,"Dog states they live in Florida, which is a warm climate (despite currently not being warm). Cat states they live in New York, which is very cold. These are opposing answers to the focal question 'Do you live in a warm climate?'.","Dog: ""I live in Florida ... but I guess it is still considered a warm climate"" / Cat: ""I live in New york and it is very cold""",I bet it is,5,False,none,"Participants do not find shared values or experiences. The conversation shifts to Dog making political assumptions about Cat based on location, which Cat refutes. While they might potentially align politically (since Cat rejects the 'Democrat' label and Dog's tone implies they view it negatively), Dog never explicitly states their own position, so no mutual common ground is established in the text.",,False,"No explicit differences of opinion between the speakers are confirmed. Dog assumes Cat holds specific views (Democrat, etc.), and Cat corrects these assumptions ('Nope to the democrat'), but because Dog does not state their own actual views, it is unclear if they disagree with each other or actually share the non-Democrat stance.","Dog: ""so you are probably a democrat""
Cat: ""Nope to the democrat. And I don't care what others do with their identity""",False,No common ground was found.,The conversation moves immediately from the focal topic to stereotyping based on geography.,feminist-scarlet,Do you live in a warm climate?,background,4,opposing,0.5
True,disagreement,"Dog confirms they are a parent ('I am a parent'), while Cat states they are not ('I am not a parent'). Their positions on the focal question are opposite.","Dog: Hello, I am a parent. ... Cat: I am not a parent",Or a caregiver,11,True,related_subtopic,"Despite their different current statuses (parent vs. non-parent), they find common ground on the desire for parenthood. Dog asks about Cat's future aspirations, and Cat confirms they want to be a parent, aligning with Dog's current life role.","Cat expresses a desire to be a parent in the future, aligning with Dog's status as a parent. Additionally, Cat responds positively ('Lucky!!') to Dog's marital status, suggesting shared values regarding family life.",True,"They discover a difference in relationship status: Dog is married, while Cat is single.","Dog: Do you want to be parent in the future? 
Cat: Yes",False,"While they differ in current status, it is not uncommon for a non-parent to aspire to parenthood. The discovery of this shared value bridges their initial status difference naturally.",The conversation moves from a status disagreement to an aspirational agreement.,terrible-azure,Are you a parent or caregiver?,identity,4,opposing,0.0
True,agreement,"Dog answers the focal question with a clear 'No', and Cat immediately agrees with 'Me neither.', indicating they hold the same position.","Dog: No
Cat: Me neither.",Me neither.,8,True,related_subtopic,"After establishing the initial negative stance, both participants elaborate on their family histories, discovering they share the specific background of having deep generational roots in the country (dating back to the 1800s) rather than recent immigration.","Both participants share deep generational roots in the country, noting their families have been there since the 1800s.",False,,"Cat: Was born and raised in the same country and my family has been here since at least the 1700/1800s... I don't consider that to be a yes to the answer.
Dog: Same here on being born and raised here as well as my parents. My father's side has been here from the 1840s... so yeah same",False,"Given that both participants initially agreed that they/their families did not immigrate, finding common ground in having long-established family histories is a consistent and predictable elaboration of that stance.","Participants briefly discussed German ancestry at the very end, but Cat's lack of knowledge ('Not sure') prevented any deeper connection or difference from forming there.",bored-turquoise,Did you or your family immigrate to a new country?,background,0,shared,1.0
True,agreement,"Both participants explicitly state that they act as caregivers. Cat cares for grandparents, and Dog cares for a little brother.","Cat: I'm a caregiver for my grandparents. ... Dog: Hello, I am a caregiver to my little brother.","Hello, I am a caregiver to my little brother.",1,False,none,"The post-stance conversation consists of a single message where Cat asks a question and shares a feeling. Since Dog does not respond before the conversation cuts off, no mutual common ground is established in this phase.",None found; the conversation ended before the partner could respond to the new topic.,False,None found.,"Cat: As someone who's a caregiver, do you ever feel overwhelmed? For me personally, there are times where I feel like I am.",False,No post-stance common ground was found to evaluate for surprise.,The conversation is truncated immediately after the first post-stance message.,inner-amethyst,Are you a parent or caregiver?,identity,3,opposing,0.5
True,disagreement,"Dog states a position that stealing is 'justified rarely', whereas Cat takes an absolutist position that it 'should not and cannot be justified'.",Dog: I feel like stealing is justified rarely ... Cat: stealing should not and cannot be justified,stealing should not and cannot be justified,7,False,none,"Throughout the post-stance conversation, the participants continue to disagree. Dog proposes scenarios (starving kids, sick people), and while Cat acknowledges one is a 'good one' (a good example), Cat immediately refutes the justification by suggesting they should ask for help instead. Dog then explicitly disagrees with Cat's premise that people are compassionate enough to help.",No common ground found; they disagreed on the focal topic and the underlying premise of whether society is compassionate enough to help those in need.,True,"They discovered a specific disagreement regarding human nature/society: Cat believes people are compassionate enough to help if asked, while Dog explicitly doubts this belief.","Cat: no one should not steal but rather sk because there would be people compassionate enough to help
Dog: You really think that? I dont think thats true",False,"Given their initial disagreement (conditional justification vs. absolute prohibition), it is not surprising that they failed to find common ground on specific scenarios or the feasibility of alternatives to stealing.",Repeated messages in the transcript suggest technical lag; 'sk' in Cat's final message is interpreted as 'ask'.,exceptional-maroon,Can stealing ever be justified?,morality,2,opposing,0.0
True,agreement,"Both participants confirm they have not lived in the same place their entire lives. Cat states, 'I have not stayed in the same place my entire life,' and Dog confirms, 'I moved states like 18 years ago.'","Cat: ""I have not stayed in the same place my entire life..."" / Dog: ""I moved states like 18 years ago...""","I moved states like 18 years ago, but since I spent most of my formative years where I am now I don't really identify with where i grew up",4,False,none,"While Cat asks a polite follow-up question and reacts to Dog's story ('Oh wow. Dang!'), there is no discovery of shared values, experiences, or perspectives. Cat does not share their own reason for moving, and the conversation ends before any mutuality is established.",None found.,False,"No additional differences were articulated; Dog shared a unique personal story, but Cat did not offer a contrasting perspective before the conversation ended.","Cat: ""What made you want to move?""
Dog: ""ah I was a kid so my parents made the call. actually some drama there lol. my older brother was in real estate and fooled my parents so he could use them as a marketing scheme!""",False,No common ground was found to evaluate for surprise.,The conversation was cut short immediately after the stance phase and one elaboration exchange.,fundamental-pink,Have you stayed in the same place for your entire life?,background,4,opposing,1.0
True,disagreement,"Dog explicitly states 'I am not' [a spiritual person], while Cat responds with 'I definitely am'. They take opposing positions on the focal question immediately.","Dog: I am not
Cat: Hi! I definitely am",There might be but I do not think that it is not some ancient civilization whoms books have been translated to meet the needs of the ruling class at the time,6,True,related_subtopic,"Despite their initial disagreement on being 'spiritual', they find agreement on the evolutionary and biological origins of spiritual feelings. Dog suggests it is a 'chemical process' for survival, and Cat explicitly agrees with this reductionist perspective.",Both participants agree that spirituality likely stems from an evolutionary need or chemical process in the brain that helps the human species survive and find a reason to live.,False,"No further disagreements emerged; the initial confusion between religion and spirituality was clarified by Cat, and they subsequently converged on the evolutionary explanation.","Dog: spirituality could just be a chemical process in the brain from evolution so our species procreates and does not devour itselfn
Cat: that's true
Cat: i definitely can see that perspective
Cat: humans probably evolved to need a reason to live lol",True,"It is somewhat surprising that Cat, who strongly identifies as spiritual ('I definitely am'), readily accepts a reductionist materialist explanation (spirituality as just a 'chemical process' or evolutionary survival mechanism) proposed by the skeptic.","The conversation moves from a binary disagreement to a nuanced agreement on the mechanism of spirituality, distinguishing it from organized religion.",comparable-jade,Are you a spiritual person?,religion,4,opposing,0.0
True,agreement,Both participants explicitly state that they are not parents or caregivers in the first two messages.,"Dog: Hi, I am not a parent or caregiver / Cat: Hi I am not either",Hi I am not either,11,True,related_subtopic,"After establishing they are not currently parents, they discuss future parenting intentions and agree they both want to be parents eventually but not yet due to constraints (money/time). They also bond over the topic of pets (cats).","They share the same perspective on future parenting (wanting to eventually, but prevented by money/time currently) and a positive sentiment toward cats.",False,,"Dog: eventually, but not anytime soon / Cat: Same here, not enough money or time lol",False,"It is common for non-parents to share similar reasons for delaying parenthood (financial/time constraints), so this alignment follows naturally from their initial status.",The conversation flows naturally from the specific status (not a parent) to future intent and then to a proxy for caregiving (pets).,marxist-scarlet,Are you a parent or caregiver?,identity,0,shared,1.0
True,agreement,Both participants explicitly state they do not create art. Dog opens with 'I don't really create art' and Cat responds with 'Me too'.,"Dog: ""Hi, I don't really create art..."" Cat: ""Me too, I dont want to either.""",For me its just that I dont really find art interesting and dont think I would like creating it.,3,True,related_subtopic,"In the final exchange, Cat connects to the topic via fashion ('closest thing I like relating to art'), and Dog validates this connection ('Fashion is a type of art, sure!'). They reach a shared belief about the definition of art to bridge the gap in their interests.","They agree that fashion qualifies as a type of art, allowing them to end on a positive note of agreement despite Cat's general disinterest.",True,"A divergence in general attitude towards art is revealed: Dog appreciates art (museums, collecting) and has a latent desire to create hampered by fear, whereas Cat explicitly lacks interest in the domain.","Cat: ""Thats nice, the closest thing I like relating to art is maybe fashion."" Dog: ""Fashion is a type of art, sure!""",False,"It is not unexpected that participants who do not create art might interpret the term broadly (including fashion) to find a point of connection, even if their levels of general art appreciation differ.","The stance establishment phase includes the immediate elaboration of motivations (fear of failure vs. lack of interest), which highlights the difference in attitude despite the behavioral agreement.",combative-ivory,Do you create art?,preferences,0,shared,1.0
True,agreement,"Both participants open the conversation by explicitly stating 'No' (Dog) and 'no' (Cat), directly answering the focal question regarding whether they are parents or caregivers.",Dog: No ... Cat: no,no,8,False,none,"After stating their positions, the participants attempt a lyric completion game which fails (Dog says 'No...' to Cat's attempt). They then exchange names (Lakerra and Zach), but this constitutes basic introductions rather than the discovery of shared values, beliefs, or experiences.",No shared ground was found; the interaction consisted of a failed cultural reference check and basic name exchange.,False,"No substantive differences emerged, though there was a disconnect in their ability to play the 'finish the lyric' game.","Dog: Finish the lyric
Cat: Yes since yesterday
Dog: No...",False,"Since no common ground was found, the outcome is not applicable to the surprise metric.",The conversation is disjointed. Dog attempts to quote lyrics (likely 'Pound Cake' by Drake) which Cat fails to recognize or complete correctly.,orthodox-purple,Are you a parent or caregiver?,identity,4,opposing,1.0
True,agreement,"Both participants clearly state that they like the outdoors. Dog mentions liking 'fresh air and nature', and Cat replies 'I also like it'. They further align on a nuance regarding not liking to be 'stuck outside'.","Dog: ""I like it, I like the fresh air and nature."" ... Cat: ""I also like it""","I feel the same, sometimes it can feel like too much for me",11,True,rapport_only,"While the participants discuss related subtopics (seasons and flowers), they express different preferences for each (Spring vs. Winter, Hydrangeas vs. Magnolias). They do not discover shared values or specific agreements in this phase, but they maintain a polite, conversational rapport.","The participants maintained a polite rapport while discussing their preferences for seasons and flowers, though their specific choices differed.",True,"The participants revealed different preferences for seasons (Dog likes Spring, Cat likes Winter) and flowers (Dog likes hydrangeas, Cat likes magnolias).","Dog: ""I like spring! I love seeing all the plants bloom"" ... Cat: ""I like winter I think""",False,"It is not surprising that two people who generally enjoy the outdoors might prefer different seasons or types of nature (e.g., flowers vs. snow).","The conversation shifts immediately from general agreement to specific preferences where they diverge, yet they continue to chat amicably.",lesser-maroon,Do you enjoy being outdoors?,arbitrary,0,shared,1.0
True,agreement,"Dog states that people are 'innately good', and Cat explicitly states 'I said yes to this question' and confirms agreement.",Dog: 'I think for the most part people are innately good...' Cat: 'Hi! I said yes to this question... I agree!',I agree! I hope so too.,4,True,same_values,"In the post-stance conversation, participants delve into the reasons behind bad behavior. They share the specific belief that bad actions are often result of motive, circumstances, or temporary emotions (like anger) rather than innate evil.","They agreed that 'bad instances' or negative behaviors are usually caused by specific motives, special circumstances, or feelings like anger, rather than people being inherently bad.",False,,"Cat: ""Yeah, I think a lot of bad instances have motive behind them and sometimes we aren't always aware of others circumstance..."" ... Dog: ""I would agree with bad instances having some sort of motive, or special circumstances or even feelings like anger""",False,"Given that both participants initially agreed that people are innately good, it is predictable that they would attribute bad behavior to external factors (circumstances/motive) rather than internal character flaws to maintain the consistency of their worldview.","Participants maintained a very cohesive and supportive tone throughout, reinforcing their shared optimistic view of humanity.",unusual-peach,Are people innately good?,morality,0,shared,1.0
True,agreement,"Cat responds to the implicit question with 'I would say probably', and Dog agrees immediately with 'I think so too'.","Cat: ""I would say probably"" / Dog: ""I think so too""",I think so too,14,True,related_subtopic,"After establishing that people are generally good, the participants agree on a related subtopic: the role of news media and social media in distorting perceptions of safety and morality (e.g., public transit safety).","They agreed that news and social media engagement incentives lead to an overestimation of how bad people are, citing public transit safety as a specific example where fear exceeds reality.",False,,"Dog: ""Maybe more engagement on social media too"" / Cat: ""Yes to that, esp vis a vis like visiting a city and using public transit and such... People assume they're gonna get mugged etc... Usually doesn't happen""",False,It is not surprising that two people who believe humans are innately good would find common ground on the idea that negative perceptions are driven by external factors like media bias rather than reality.,"Participants collaboratively built a theory about why the world seems worse than it is, moving seamlessly from their initial agreement to supporting examples.",jolly-bronze,Are people innately good?,morality,0,shared,1.0
True,agreement,"Although Dog initially claims to be 'slightly spiritual' and Cat says 'not very spiritual', Dog explicitly aligns with Cat's elaboration about not believing in a higher power by stating 'I feel the same way'.",Cat: I've never really believed in like a higher power / Dog: I feel the same way... I've never really subscribed to a higher power,"I feel the same way, organized religion never appealed to me so I've never really subscribed to a higher power",2,True,related_subtopic,"In the post-stance phase, Cat agrees with Dog's dislike of organized religion and identifies as an Atheist with a non-religious upbringing, establishing shared background and identity specifics.",Shared identity as non-religious/Atheist and lack of religious upbringing.,False,,"Cat: Yes, same. I identify as Atheist so I have never grown up religious",False,It is not surprising that two people who expressed a lack of belief in a higher power would also share an Atheist identity or a lack of religious upbringing.,"The conversation is very brief; the stance establishment and alignment take up the majority of the text, with the post-stance conversation consisting primarily of one elaboration message and a closing.",loose-bronze,Are you a spiritual person?,religion,1,shared,1.0
True,agreement,Both participants explicitly state that they do not affiliate with any organized religion.,"Dog: I don't affiliate with any organized religion ... Cat: No, I do not affiliate myself with any one specific organized religion","No, I do not affiliate myself with any one specific organized religion",1,False,none,"The post-stance conversation consists of a single message where Cat elaborates on their personal history. Dog does not respond, so no mutual common ground or shared understanding is established.",No common ground established.,False,No additional differences were discussed as the conversation ended immediately.,Cat: Growing up many different religions were forced on me and I really didn't agree with any of them,False,No common ground was established to evaluate for surprise.,"The conversation is extremely short; while Cat offers an elaboration, there is no subsequent exchange to analyze for rapport or disagreement.",dull-jade,Are you affiliated with any organized religion?,religion,0,shared,1.0
True,disagreement,"Dog explicitly states 'I said I do not attend', while Cat states 'I do attend religious services, church weekly'. They take opposite positions on the focal question.","Dog: ""I said I do not attend"" / Cat: ""I do attend religious services""","I see, I did as a kid and I do now with my family. I have 3 kids and live with my wife.",5,True,related_subtopic,"In the post-stance conversation, they discuss the specific subtopic of the 'community aspect' of religious services. Cat mentions enjoying it to connect with others, and Dog explicitly agrees by stating it is 'something I do miss about going'.","Both participants value the community building aspect of religious services, with the non-attender admitting it is the one element they miss.",False,No new differences emerged; they only reiterated the fundamental difference in their faith/comfort levels which defined their initial stances.,"Cat: ""I definitely enjoy the community aspect for sure..."" ... Dog: ""That makes sense. The community building is something I do miss about going""",False,"It is a common perspective for non-religious individuals or former attendees to acknowledge the loss of community, so this specific point of agreement is not unexpected despite their disagreement on attendance.","The conversation is very polite and constructive, moving quickly to a shared appreciation for community despite the disagreement on the core practice.",fellow-brown,Do you regularly attend religious services?,religion,4,opposing,0.0
True,disagreement,"Cat explicitly states the country is not moving in the right direction ('I do not feel like the we are moving in the right direction'), while Dog takes a mixed/ambivalent stance ('It is hard to say. I feel like in some areas it is and in other areas it is not'). Since one is definitive and the other is undecided/mixed, their positions on the focal question do not align.",Cat: 'I do not feel like the we are moving in the right direction.' ... Dog: 'It is hard to say. I feel like in some areas it is and in other areas it is not.',I agree with all your issues.,6,True,related_subtopic,"In the post-stance conversation, the participants discuss specific problems facing the country. They explicitly agree that the economy, racial issues, and safety are significant problems, despite their differing overall outlooks on the country's direction.","Both participants agreed that the economy, racial issues, and gun violence are major issues facing the country.",True,"They maintained different perspectives on the country's progress; Dog argued the country is still revered internationally, while Cat countered that progress is overshadowed by regression ('100 steps back').","Cat: ""Racial issues, gun violence. the economy""
Dog: ""I agree. I feel like the economy plays a big factor in everything else.""",False,"It is not surprising that two people who identify specific negative issues (even if one is more optimistic overall) would agree on what those specific issues are (economy, social justice, etc.). Their initial stances were not diametrically opposed ideologies, but rather differing assessments of the net result.","While Cat agreed with Dog's list of issues during the stance phase (message 3), the post-stance conversation deepened this common ground by identifying specific priorities like the economy and gun violence.",labour-indigo,Do you feel like the country is moving in the right direction?,politics,1,shared,1.0
True,disagreement,"Dog identifies as a Democrat, whereas Cat states they have no relation with any party and stay in the middle. Their political affiliations do not align.","Dog: 'I have been a Democrat for my entire voting years.' ... Cat: 'Me, I dont have any relation with any party. I usually stay in the middle.'","Understood.  It is sometimes difficult to choose by party, but Democratic policies resonate with me for the most part.",0,False,none,The conversation ends immediately after Dog acknowledges Cat's stance. There are no messages exchanged after the stance establishment phase.,None,False,None,N/A - Conversation ended after stance establishment.,False,No post-stance conversation occurred to evaluate common ground.,"Dog's message regarding the Iowa caucus appears before the acknowledgment of Cat's stance, and thus falls within the stance establishment/reaction window. No conversation takes place after the final stance reaction.",sick-plum,Do you affiliate with any political party?,politics,4,opposing,0.0
True,agreement,"Cat explicitly states 'I love spending time with my family' and Dog responds with 'Me too', indicating clear agreement on the focal topic.","Cat: Hi. Yes, I love spending time with my family
Dog: Me too, it's nice when I get to catch up with everyone1","Me too, it's nice when I get to catch up with everyone1",6,True,related_subtopic,"After establishing they both like family time, they narrow the discussion to holidays (a related subtopic). They discover they both favor Christmas.",Both participants share a love for Christmas as a favorite holiday.,False,,"Cat: Thanksgiving and Christmas
Dog: I love Christmas
Dog: Its always been my favorite holiday
Cat: Yes, especially now that I have a grandchild",False,"Given that both participants explicitly stated they love spending time with their families, it is not surprising that they also enjoy Christmas, a major family-centric holiday.",The conversation flows naturally from the general focal topic to specific instances (holidays) where that value is realized.,electrical-harlequin,Do you enjoy spending time with your family?,background,0,shared,1.0
True,disagreement,"Dog explicitly states 'I am not a parent', while Cat confirms 'yes my son is almost two', establishing opposite positions regarding the focal question of whether they are parents.","Dog: I am not a parent, are you? / Cat: yes my son is almost two",lol yes,4,True,same_values,"In the post-stance conversation, Dog expresses a desire to become a parent ('looking forward to being a parent'), and Cat validates this by offering positive encouragement ('You will love the experience'). They share a positive valuation of the role of parenting despite their different current statuses.",Both participants view parenting as a positive and desirable life experience.,False,,"Dog: I am looking forward to being a parent
Cat: ... You will love the experience.",False,"While they differ in status (parent vs non-parent), it is not surprising that a non-parent might aspire to that role and view it positively, facilitating a supportive conversation with a current parent.","Dog's immediate reaction 'Toddlers are the best' signals the shared value early, but the explicit conversation about future aspirations happens in the post-stance phase.",slippery-jade,Are you a parent or caregiver?,identity,4,opposing,0.5
True,agreement,Both participants explicitly confirm their identity in the first two messages: Cat says 'Yes I do' and Dog says 'yes i identify myself as a heterosexual'.,Cat: Yes I do... Dog: yes i identify myself as a heterosexual,yes i identify myself as a heterosexual,8,True,rapport_only,"While participants briefly touch on the stability of their identity ('Have always been that way' / 'me 2'), the meaning of 'me 2' is ambiguous (could refer to the greeting 'doing good'). More importantly, the substantive conversation immediately shifts to a disagreement on values. Therefore, the only clear common ground established post-stance is the polite rapport.",Participants exchanged polite greetings and inquiries about well-being.,True,"A disagreement on values emerged regarding the focal topic: Dog expressed a heteronormative view that being heterosexual is 'the way it should be', while Cat expressed a tolerant/pluralistic view ('to each their own').","Dog: thats the way it should be
Cat: Well to each their own.",False,"It is not surprising that two people who share a sexual identity might differ in their values regarding that identity (e.g., one holding a normative view and the other a tolerant view).",The conversation shows initial alignment on identity but immediate divergence on the underlying values/ideology surrounding that identity.,crazy-silver,Do you identify as heterosexual?,identity,0,shared,1.0
True,agreement,"Dog opens by stating stealing can be justified in cases of dire necessity like food. Cat immediately responds with 'Yeah I agree', confirming they hold the same position.","Dog: I think it can be justified, especially if it's out of dire neccesity, like food.
Cat: Yeah I agree",Yeah I agree,4,True,related_subtopic,"After the initial agreement, the participants discuss the specific example of Robin Hood. Dog suggests it, and Cat enthusiastically validates it, admitting they hadn't thought of it but agreeing it is a 'great example'. This establishes common ground on a specific application of their shared moral view.",Both participants agree that the 'Robin Hood' scenario (stealing from the rich to give to the poor) is a valid justification for stealing.,False,No differences emerged; they remained in full agreement throughout.,"Dog: I feel like Robin Hood is a good example... *Rich to give to the poor lol
Cat: Ooo definitely. I wasn't thinking of that when I answered that question but that's a great example",False,"Since they already agreed that stealing can be justified for necessity, agreeing on the Robin Hood example is a logical extension of their initial positions, not a surprising convergence.","Dog makes a typo ('Stealing from the poor to give to the rich') but corrects it immediately, and Cat understands the intended meaning.",private-aquamarine,Can stealing ever be justified?,morality,0,shared,1.0
True,disagreement,"Cat explicitly states 'i'm married', while Dog responds 'Uh, nope' to the same question, indicating they have different relationship statuses.","Cat: Yes i'm married ... Dog: Uh, nope.",I wish I was the cat. The dog is so not working for me.,13,True,related_subtopic,"The participants discuss other aspects of their identity (the domain of the study). Specifically, they establish common ground regarding their gender.",They discovered they are both women.,True,"They discovered differences in age (28 vs 40s) and parental status (Cat has a child, Dog does not).","Dog: Are you a man or a woman? 
Cat: a woman 
Dog: Same.",False,"Their initial positions on marriage (one married, one single) do not predict or restrict their gender. Finding out they are both women is a neutral discovery unrelated to their relationship status.",Dog expresses dissatisfaction with their single status ('The dog is so not working for me') immediately after revealing it.,pale-apricot,Are you married or dating someone?,identity,4,opposing,0.5
True,disagreement,"Cat initially answers 'Yes I think so mostly', arguing that personal lives should impact public office. Dog argues 'If they can separate the two no problem', implying that personal lives should not impact office provided there is compartmentalization.","Cat: Yes I think so mostly
Dog: If they can separate the two no problem",If they can separate the two no problem,6,False,none,"Participants do not converge on a shared perspective. Dog focuses on the practical aspect of emotional compartmentalization and privacy ('leave home life at home'), while Cat focuses on ethical fitness for leadership ('unfit leader'). Although Cat acknowledges Dog's comment with 'okay', she immediately redirects to her own definition of the topic, and they conclude with different framings.",,True,"They reveal they are discussing different types of 'events' and 'impacts'. Dog is discussing daily emotional bleed-over (being 'moody'), whereas Cat is discussing significant events that render a politician an 'unfit leader' or misrepresentative of the people.","Dog: It affects the group when you come in moody
Cat: I mean if its an event that would deem the politician an unfit leader or someone who misrepresents the people they are presenting, then that should impact their ability to hold public office (negatively)",False,No common ground was found; the lack of convergence is consistent with their initially divergent interpretations of the question.,The conversation is characterized by parallel monologues where Dog discusses work-life balance/privacy and Cat discusses ethical qualification.,apparent-aqua,Should events in politicians' personal lives impact their ability to hold public office?,politics,0,shared,0.5
True,disagreement,"Dog indicates current attendance by mentioning seeing Paul McCartney, while Cat states they haven't been to a concert since INXS (decades ago) due to assumed cost.",Dog: 'I've seen Paul McCartney in concert.' vs Cat: 'I haven't been to a music concert since INXS!',"He is expensive, but I'm a huge Beatles fan so I make it work.",4,True,related_subtopic,"After discussing the specific price of tickets ($300), Cat revises their assumption about cost and agrees with Dog that for a legendary act like the Beatles, the price is likely justified.","Agreement that despite high costs, seeing the Beatles is worth the money.",False,,"Dog: ""About $300 for the 'cheap' tickets..."" / Cat: ""Ok, I thought it was more than that. Iguess if it's the Beatles it's prob worth it.""",True,"It is somewhat surprising that Cat, who hasn't attended a concert in decades citing cost, readily agrees that $300 is a reasonable price ('worth it') for the Beatles, bridging the gap between their initial positions.",The conversation moves from behavioral disagreement (attending vs not attending) to evaluative agreement on the worth of specific artists.,intense-aqua,Do you attend live music concerts?,preferences,4,opposing,0.0
True,disagreement,"Dog identifies as a 'Christian', while Cat identifies as an 'atheist'.",Dog: I am a Christian but have no specific affiliation ... Cat: atheist,cool,6,True,rapport_only,"The participants establish a polite dynamic where Dog agrees not to try to convert Cat ('Nah, you are who you are'), showing tolerance, but they do not find substantive shared beliefs or values.",Agreement on a tolerant interactional dynamic (Dog affirms they will not try to convert Cat).,True,"They express different views on the afterlife; Cat believes 'there is none', while Dog remains open/skeptical ('guess well see').","Cat: are you going to try to convert me?
Dog: Nah, you are who you are.",False,The rapport is polite but not surprising; the disagreement on the afterlife follows naturally from their Christian vs. Atheist stances.,The conversation moves from stance identification to boundary setting (conversion) and then to a subtopic (afterlife) where differences are reiterated.,funny-coffee,Are you affiliated with any organized religion?,religion,2,opposing,0.5
True,agreement,Both participants identify as followers of Islam when asked about their religious identification.,Dog: Islam ... Cat: same here,actually it is.,5,True,related_subtopic,"After establishing they share the same religion, they discuss the specific role it plays in their lives. Dog mentions it is incorporated into every aspect, and Cat agrees ('thats for me as well').","Both participants agree that their religion is a central, all-encompassing part of their lives.",False,,Dog: It is an important part of my life and it's incorporated in a very aspect small or big / Cat: thats for me as well,False,"Given that they both belong to the same specific faith (Islam) and identified the coincidence immediately, it is not surprising that they share similar levels of devotion or integration of faith into their daily lives.",The conversation is brief and highly aligned.,disgusted-fuchsia,Are you affiliated with any organized religion?,religion,4,opposing,1.0
True,disagreement,"Cat confirms living in a city (population 250,000), while Dog explicitly states they live in a 'town' (population 30,000) rather than a city, representing a divergence in their status regarding the focal question.","Cat: ""I live in a city of about 250,000"" ... Dog: ""my town is about 30,000""","Oh yes , I saw that, my town is about 30,000",9,True,same_values,Participants bond over a shared philosophy regarding living arrangements: they both value access to city amenities while living outside the city to avoid the 'nonsense' or high costs.,They agree that the ideal living situation is to be near a city (for access) but not in it (to avoid stress/expense).,False,,"Cat: ""oh, that's great...you can make a short tip and get to all the city stuff without the city nonsense... I'd like to live in the country but maybe about 1 hour away from a large city""
Dog: ""Exactly, I had to move out to the suburbs because it go to expensive.""",True,"Despite their initial divergence (Cat lives in a city, Dog lives in a town), they find strong agreement because the city-dweller (Cat) actually desires the lifestyle the town-dweller (Dog) has, wishing to move out of the city.",The conversation pivots from their current status (disagreement) to their preferences (strong agreement).,rural-harlequin,Do you live in a city?,background,4,opposing,0.5
True,disagreement,"Cat explicitly states 'I don't live in a city', while Dog states 'I do'.","Cat: 'I don't live in a city- do you?'
Dog: 'I do'",Its not super big but I consider it a city,7,True,related_subtopic,"Despite their different home locations, Dog reveals that they attend college in a town similar to Cat's suburban location. This leads to a shared appreciation for the 'balance' of living near a city but not in the busy center.","They discover that Dog's college town is similar to Cat's suburban home town, leading to agreement on the value of having a 'balance' between quiet living and city access.",False,,"Dog: I go to college in a town similar to that
Cat: Yes! I go to college in a big town, but I live on the outskirts.
Dog: That's cool
Dog: I feel like it's nice to have the balance of living somewhere that's not crazy busy but having the option to go somewhere like that when you want",True,"Given that one participant lives in a city and the other does not, it is somewhat surprising that the city-dweller (Dog) validates the non-city lifestyle by citing their college experience and expressing a preference for the 'balance' associated with suburban living.",The conversation bridges the initial binary disagreement by introducing a third location (Dog's college town) that aligns with Cat's home location.,entire-coffee,Do you live in a city?,background,3,opposing,0.0
True,disagreement,"Cat explicitly states they 'never attend church', while Dog confirms they do ('Yes i do').","Cat: no, i never attend church ... Dog: Yes i do",but I know others find comfort in it,7,True,rapport_only,"While Dog attempts to find substantive common ground by suggesting they both might have 'doubts', Cat rejects this characterization ('I dont worship or believe at all'). The conversation remains polite and ends with a civil sign-off, but no shared values or beliefs are successfully established.","The participants maintain a polite tone and Dog attempts to express empathy ('I really get you'), but they do not find shared substantive beliefs.",True,"Dog reveals they experience 'doubts' about the God they worship, whereas Cat clarifies they have never believed or worshipped at all, highlighting a difference in their relationship to faith/doubt.","Dog: Yes. Sometimes we have doubts about the God we are worshipping
Cat: o, well I dont worship or believe at all. never have",False,"It is not surprising that a believer and a non-believer would struggle to find common theological ground, or that the non-believer would correct the believer's assumption that non-belief equates to religious 'doubt'.","Dog attempts to bridge the gap with an assumption about doubt, which Cat corrects.",jolly-black,Do you regularly attend religious services?,religion,4,opposing,0.0
True,agreement,"Both participants state that elected officials largely work in the public's interest. Dog says they do 'fore the most part,' and Cat says 'the majority of officials work to support the public's best interest.' Dog explicitly confirms the alignment by saying 'I agree with you.'",Dog: I agree with you.,I agree with you.,12,True,different_topic,"After a brief additional agreement on the political trend ('things are getting better'), the conversation shifts entirely to the weather. The participants discover shared experiences regarding the cold/snowy conditions and a shared sentiment about looking forward to spring.",They found common ground discussing the cold weather in their respective locations and shared a mutual desire for spring to arrive.,False,,"Cat: I'm looking forward to Spring.
Dog: I am looking forward to spring, and the warmer weather, as well.",False,"Given that the participants agreed on the contentious political topic, it is not surprising that they were able to maintain a polite conversation and find common ground on a universal, neutral topic like the weather.","There was a brief moment of common ground on a related subtopic (politics improving), but the bulk of the post-stance conversation focused on the different topic of weather.",spontaneous-black,Do you think elected officials work to support the public's best interest?,politics,2,opposing,1.0
True,agreement,"Cat expresses a strong inclination to vote ('I hate not to vote'), and Dog explicitly agrees ('Same') and confirms intention ('I'll probably vote').","Cat: I hate not to vote
Dog: Same, I'll probably vote","Same, I'll probably vote, though honestly I have no idea who yet",6,True,related_subtopic,"After establishing they will vote, the conversation shifts to the quality of candidates. Both participants agree that the choices are poor ('equally a bad choice', 'bottom of the barrel', 'sending their finest to DC'). This constitutes agreement on a related subtopic regarding candidate quality.","Both participants share a cynical view of the current political candidates, agreeing that the options are 'bottom of the barrel' and 'bad choices'.",False,,"Dog: If I think about it too long, I start thinking everyone is equally a bad choice haha
Cat: Skimming the bottom of the barrel
Dog: Really sending their finest to DC",False,"Given that they both expressed intention to vote but uncertainty about 'who' to vote for in the stance phase, their subsequent agreement on the poor quality of options is a natural continuation and not surprising.",Participants bonded over political cynicism immediately after agreeing on the civic duty to vote.,visible-purple,Are you going to vote in the next election?,politics,0,shared,1.0
True,disagreement,"Dog explicitly states they 'sometimes feel like an outsider,' whereas Cat states 'I don't feel like an outsider myself.'","Dog: Hi! I do sometimes feel like an outsider in my community. Do you? ... Cat: Hello, I don't feel like an outsider myself",I get along with my community well,2,True,related_subtopic,"Despite their disagreement on the focal question (outsider vs. insider), Dog explicitly pivots to agree with Cat's elaboration about 'getting along' with the community. Dog uses the phrase 'I also get along,' establishing shared social harmony despite ideological differences.","Both participants agree that they get along well with their community members, even though Dog feels like an outsider due to beliefs.",True,"Dog elaborates that the source of their 'outsider' feeling is a political misalignment (liberal vs. conservative), distinguishing their experience from Cat's integrated experience.","Cat: ""I get along with my community well"" ... Dog: ""I also get along with my community members but we dont always agree on things""",True,It is somewhat unexpected for a participant who self-identifies as an 'outsider' to immediately align with the 'insider' participant on the specific point of having positive relationships ('getting along') with the community.,"The conversation is very short; the stance phase takes up the majority of the turn-taking, but the final messages establish a nuanced common ground.",labour-coral,Do you feel like an outsider in your local community?,identity,0,shared,0.0
True,agreement,"Both participants explicitly state that they identify as the gender they were assigned at birth (Dog as female, Cat as male).","Dog: ""I do identify as the gender I was assigned at birth, a female."" ... Cat: ""Hello! I do also identify as the gender I was assigned at birth, a male""","Hello! I do also identify as the gender I was assigned at birth, a male, but I am a dog, apparently",8,True,rapport_only,The participants engage in playful banter about their assigned avatars (Cat vs Dog). They agree on the sentiment that 'Cats are brilliant' and express a shared wish to be cats. This interaction serves to build rapport through humor and meta-commentary on the chat interface rather than establishing substantive common ground on a distinct external topic.,"Shared playful preference for cats over dogs based on their assigned usernames, and general friendly banter about the platform's worldwide connectivity.",False,,"Dog: ""wish we could both be cats"" 
Cat: ""Yes would love it""",False,"Since the participants agreed on the focal topic, establishing positive rapport is an expected outcome. Finding connection through lighthearted jokes about the immediate environment (usernames) is a common conversational strategy.","The conversation remains very light and brief, focusing almost exclusively on the 'Cat/Dog' personas assigned by the study platform.",proud-indigo,Do you identify as the gender which you were assigned at birth?,identity,0,shared,1.0
True,agreement,"Dog opens by stating they like to read occasionally, and Cat explicitly aligns with this by saying 'I also like to read'.",Dog: I like to read occassionally ... Cat: I also like to read,I also like to read,10,True,related_subtopic,"While they did not know each other's specific books, they found a specific shared similarity in their reading habits: neither participant has a specific 'favorite' book.",Both participants admitted to not having a specific favorite book.,True,They read very different genres (science fiction vs. non-fiction/finance) and were unfamiliar with the specific books the other mentioned.,"Cat: I don't know about favorite, but I really enjoyed The Long Way To A Small Angry Planet. What's yours?
Dog: I haven't heard of that one
Dog: I don't think I have a favorite either",False,"It is not surprising that two people who enjoy reading might struggle to pick a single favorite, nor is it surprising that they read different genres.",The conversation shows high rapport despite the divergence in genre preferences.,late-maroon,Do you enjoy reading?,preferences,1,shared,1.0
True,agreement,Cat states that events in personal lives should impact the ability to hold office. Dog responds with 'I agree' and provides supporting reasoning.,"Cat: I do think events in politicians personal lives should impact their ability to hold office
Dog: I agree.",I agree. This is because their personal lives and the outcomes they've experienced can impact their view and decisions while in office,5,True,related_subtopic,"After establishing their agreement on the main topic, the participants discuss and agree on specific policy measures and scenarios: the need for stricter term limits to combat corruption and that felonies should preclude someone from office.","The participants found common ground on the need to avoid corruption, specifically agreeing on strict term limits and that felonies should disqualify candidates.",False,,"Cat: yes same but I think there is a lot of corruption in current politics and they need to have stricter term limits
Dog: While I agree, do you think there are any negatives to allowing personal lives to impact the ability to hold public office?",False,"Given that both participants initially agreed that personal lives and conduct are relevant to holding office, it is not surprising that they also agreed on specific disqualifying factors like felonies or anti-corruption measures like term limits.","Dog probes for potential negatives later in the conversation, but Cat reaffirms the stance (regarding felonies), so no disagreement actually materializes.",vicarious-peach,Should events in politicians' personal lives impact their ability to hold public office?,politics,0,shared,1.0
True,disagreement,"Dog explicitly states 'my family did immigrate here', affirming the focal question. Cat states 'I was born in wichita falls texas' and 'I know about 4 generations were from texas', which implies a negative answer to the question of immigration (indicating established native ancestry).","Dog: ""my family did immigrate here many generations ago."" ... Cat: ""I know about 4 generations were from texas""",I know about 4 generations were from texas,1,False,none,"The conversation ends immediately after the stance establishment phase. The only subsequent message is a question from Dog ('Do you like living in Texas?'), to which Cat has not yet responded. No shared values, experiences, or beliefs are established in this single message.",None found.,False,No additional differences emerged in the single post-stance message.,Dog: Do you like living in Texas?,False,No common ground was found to evaluate for surprise.,The conversation is very short; the stance establishment takes up almost the entire transcript provided.,bitter-chocolate,Did you or your family immigrate to a new country?,background,0,shared,0.5
True,agreement,Both participants explicitly answer 'yes' to the focal question regarding whether they identify as the gender assigned at birth.,Dog: yes ... Cat: yes,Cat: yes,2,False,none,"While Cat introduces a related subtopic about transgender identities and Dog affirms their support ('yes'), Cat does not respond or state their own position on this specific question within the provided text. Thus, a *shared* view is not explicitly established.",None established; discussion on transgender validity was initiated but not completed with mutual agreement.,False,No additional differences were found; the conversation ended before Cat could respond to Dog's position on the second question.,"Cat: Do you believe that people can identify as different genders than what they were born with
Dog: yes",False,No common ground was established to evaluate for surprise.,"The conversation is very brief. While Dog reveals a progressive stance on the subtopic, Cat's silence means no alignment is confirmed.",awful-violet,Do you identify as the gender which you were assigned at birth?,identity,4,opposing,1.0
True,agreement,Both participants explicitly state that they do not attend religious services. Cat says 'no... I do not attend anything' and Dog confirms 'I do not attend anything either'.,"Cat: 'no, I stay at home so I do not attend anything' / Dog: 'I also stay home the majority of time so I do not attend anything either'",I also stay home the majority of time so I do not attend anything either,19,True,same_values,"After establishing they don't attend services, the conversation shifts to Cat's personal struggles. They eventually find shared ground on a pessimistic worldview. Cat asserts that 'life is short and futile' and 'this earth is corrupted,' to which Dog explicitly agrees ('that is true'). This indicates a shared underlying value or perspective on the nature of existence.",They agreed that life is short/futile and the earth is corrupted.,False,,"Cat: ""don't be sorry.. life is short and futile... this earth is corrupted and hopeless"" / Dog: ""that is true""",False,"It is not inherently surprising that two individuals who do not attend religious services might share a cynical or pessimistic view of the world (agreeing it is 'corrupted'). While Cat's later revelation of religious faith ('Jesus is the Lord') is unexpected for a non-attender, the actual moment of agreement regarding the futility of earthly life is not inconsistent with their initial positions.","Cat reveals they are a 'believing non-attender' (religious but does not attend due to panic attacks/agoraphobia). The conversation ends abruptly after Cat's religious proselytizing, so it is unknown if Dog shares those specific religious views, but they did share the preceding pessimistic worldview.",psychological-beige,Do you regularly attend religious services?,religion,0,shared,0.5
True,agreement,Both participants explicitly state that they do not identify as heterosexual because they are bisexual.,"Cat: 'no i'm bisexual' / Dog: 'I am bisexual. Therefore, no I do not identify as heterosexual'",lol,4,True,same_values,"After establishing their shared identity, Dog introduces the idea that they dislike the concept of identifying/labels entirely ('ridiculous societal thing'). Cat explicitly agrees ('me either') and expands on the value that one's life should not be encompassed by sexual orientation.","Both participants share a skepticism regarding the importance of sexual identity labels, agreeing that they are 'ridiculous' or shouldn't define one's entire life.",False,,"Dog: ""I'm not a fan of identifying AT ALL. It seems like a ridiculous societal thing that has very little value within personal relationships"" / Cat: ""me either.  its not the end all and b all of my life""",False,"Since both participants identified as bisexual, it is not particularly surprising that they might share a nuanced view or frustration with rigid identity labels, as this is a common perspective within that community.",The conversation moves quickly from the focal question to a critique of the concept of identity itself.,vicarious-white,Do you identify as heterosexual?,identity,0,shared,1.0
True,disagreement,"Cat indicates exclusive attraction to females ('only like dating females'), implying a heterosexual identity (assuming male persona based on context) or homosexual (if female), while Dog indicates attraction to 'both' ('I think both are fun'), implying bisexuality. Regardless of gender, one claims mono-attraction and the other bi-attraction, resulting in a difference regarding the focal question of identifying as heterosexual.",Cat: 'I really only like dating females...'; Dog: 'I think both are fun.',that is cool. I just see myself wanting a big family and i'm use to it!,4,True,related_subtopic,"After establishing their different sexual orientations, the participants discuss their future goals. They find common ground in wanting a 'big family' and specifically align on picturing that family with a female partner and children.","Both participants want a family with children and specifically envision having a female partner for that family, despite Dog's bisexual orientation.",False,,"Dog: ""i would say with a woman. i like women mainly but maybe two or three kids."" / Cat: ""yea that is cool. mainly want a woman so I can bring to my family and grow with kids with them..""",False,It is not inherently surprising that a bisexual person (Dog) and a heterosexual person (Cat) might share similar traditional family goals or that a bisexual person might lean towards a specific gender preference for a long-term partner.,Cat's reaction 'that is cool' marks the end of the stance phase; the rest of that message initiates the family subtopic.,naval-white,Do you identify as heterosexual?,identity,4,opposing,0.5
True,disagreement,"Dog identifies as 'married', while Cat identifies as 'not married and not dating anyone'. Their answers to the focal question represent different statuses.",Dog: I'm married... Cat: i'm not married and not dating anyone - totally single,i'm not married and not dating anyone - totally single,3,True,related_subtopic,"Despite their different relationship statuses, Dog validates Cat's single status as 'the best way to go' and advises to 'Stay single'. Both agree on the value of taking one's time and not rushing relationships (Dog dated 5 years before marriage; Cat is in 'no rush').",They find common ground on the benefits of being single and the importance of waiting/not rushing into marriage.,True,"A difference in future outlook emerges: Cat expresses a desire to get married 'someday', whereas Dog cynically advises to 'Stay single' based on past traumatic marital experiences.","Dog: sometimes that the best way to go... I've been married for a little over a year, but dated him for 5 years before. 
Cat: yeah i'm in no rush, definitely think i want to get married someday",True,"It is surprising that the married participant (Dog) explicitly validates the single participant's status as superior ('best way to go') and advises them to 'Stay single', rather than advocating for their own status of marriage.",The conversation is characterized by the married partner using negative personal history to validate the single partner's position.,moral-gold,Are you married or dating someone?,identity,4,opposing,0.5
True,disagreement,"Dog identifies as a Democrat, while Cat identifies as an Independent. Although Cat mentions formerly being a Democrat, their current stated positions differ.","Dog: ""I'm a Democrat."" / Cat: ""I would say I am more of an independent now since I am more in between the two parties.""",I used to identify as a democrat.  I would say I am more of an independent now since I am more in between the two parties.,4,False,none,"The post-stance conversation consists of Dog asking for clarification on Cat's change in views and acknowledging the answer with 'okay'. No shared values, beliefs, or experiences were established.",No common ground found.,False,No additional differences emerged; Cat merely elaborated on the reason for their initial stance.,"Dog: What made you change?
Cat: I think as I've grown up, my political views have obviously changed",False,No common ground was established to be surprised by.,"The conversation was very brief, with Dog only asking one follow-up question regarding Cat's stance.",melted-yellow,Do you affiliate with any political party?,politics,0,shared,0.0
True,agreement,Both participants explicitly state that they do not attend religious services in the opening exchange.,Cat: 'I do not attend religious services' / Dog: 'I don't either',but since then i really haven't gone,16,True,related_subtopic,"Despite not attending services, both participants bond over a shared interest in visiting religious sites (specifically the Vatican) and agree on the observation that religious practice requires significant commitment and sacrifice.",They found common ground in appreciating religious sites like the Vatican as cultural treasures and agreed that religious practice represents a significant commitment and 'daily duty'.,False,"No significant disagreements emerged; while Dog expressed a slightly more critical view of religion ('demonizing or hurtful'), Cat did not dispute this and pivoted to discussing religious sites, where they agreed.","Cat: like the vatican
Dog: the vatican would be amazing to see, that's a treasure",False,It is not surprising that two people who do not attend religious services would still appreciate the historical or artistic value of religious sites (like the Vatican) or objectively recognize the effort required for religious observance.,"The conversation moves from personal non-attendance to a broader discussion of religion's societal aspects (generational shifts, cultural sites, and the effort of observance).",roasted-amaranth,Do you regularly attend religious services?,religion,0,shared,1.0
False,not_discussed,"Dog explicitly states they are not married or dating. Cat responds with 'Oh nice' and a follow-up question, but never explicitly states their own relationship status. Therefore, mutual positions were not established.","Dog: ""I am not married or dating"" ... Cat: ""Oh nice, do you want to?""",,9,True,different_topic,"After dropping the focal topic, the participants immediately engage in a shared roleplay scenario where they pretend to be animals (a cat and a lion). They both accept this frame and contribute to the narrative (discussing 'lives left' and feelings about being a lion).","The participants found common ground in a playful roleplay scenario, pretending to be a cat and a lion.",False,No disagreements occurred during the roleplay; they accepted each other's personas.,"Dog: ""How many lives do you have left?""
Cat: ""Probably 6 or 7""",True,The initial exchange was a factual disclosure about relationship status. There was no indication from Dog's 'No' (regarding wanting to date) that the conversation would immediately shift to a fantastical animal roleplay. This common ground is unrelated to the focal topic and unpredictable.,"Since mutual stances were not established, 'last_stance_message' is null. The post-stance message count (9) begins after the focal topic was dropped (starting with 'Are you a dog or a cat?').",obnoxious-emerald,Are you married or dating someone?,identity,4,opposing,0.0
True,agreement,Both participants explicitly state that they love concerts immediately after the greetings.,Dog: 'I love concerts :)' -> Cat: 'I love concerts too',I love concerts too,17,True,related_subtopic,"After establishing they both like concerts, they discover a shared love for the specific band PVRIS and a shared negative experience with Ticketmaster/ticket prices.",They discovered they both love the rock band PVRIS and share frustrations regarding high ticket prices and using Ticketmaster.,False,"No significant disagreements found; they had slightly different levels of fandom for Taylor Swift (Dog is not a 'Swiftie' but still likes her), but this was not a conflict.","Cat: For sure, I've been to this rock band called PVRIS
Dog: Oh I love them!",False,"Since they both initially agreed on loving concerts, it is not surprising that they would have overlapping musical tastes or shared struggles with common ticketing platforms.",The conversation flows naturally from the general topic to specific bands and industry grievances.,anonymous-white,Do you attend live music concerts?,preferences,0,shared,1.0
True,agreement,"Both participants state that they do not live in a city. Dog explicitly says 'I don't live in a city,' and Cat describes living in the suburbs and concludes 'maybe not.'","Dog: ""I don't live in a city, do you?"" Cat: ""I live in the suburbs of a city... so maybe not""","I live in the suburbs of a city and wasn't sure how to categorize it haha, so maybe not",8,False,none,"In the post-stance conversation, the participants do not discover shared values, beliefs, or experiences. Instead, the conversation focuses on contrasting their specific living situations (suburban vs. rural).",No substantive common ground was found; the conversation functioned to distinguish their differing 'non-city' environments.,True,"They discovered a significant difference in their proximity to a city: Cat lives in the suburbs (10 minutes away), while Dog lives in a rural area (3 hours away).","Cat: ""Yes! Only about 10 mintues away from the outskirts of the city! How about you?"" Dog: ""The nearest city is about 3 hours away""",False,It is not surprising that two people who both answer 'no' to living in a city might live in different types of non-city environments (suburban vs. rural) with varying distances to an urban center.,"The conversation is polite ('rapport'), but technically classified as finding 'none' for common ground because the content focuses entirely on elucidating their differences.",conscious-turquoise,Do you live in a city?,background,4,opposing,0.0
True,agreement,Both participants explicitly answer 'Yes' to the question of whether they will vote in the next election.,"Cat: Yes, I will vote in the next election... Dog: ...Yes I plann to vote.",So do I! I also encourage others to do so too.,1,False,none,"The conversation essentially ends after the stance establishment and immediate mutual affirmation phase. Cat sends one final message introducing a new subtopic (local elections), but Dog does not respond, so no common ground is established on that point.",No post-stance common ground established.,False,No differences emerged in the post-stance conversation.,Cat: I hate when people only vote on federal elections but ignore local elections.,False,"Since no post-stance common ground was found, there is nothing surprising to evaluate. Given their initial agreement, finding further common ground would not have been surprising had the conversation continued.","The 'stance establishment' phase is interpreted here as the full initial cluster of messages (1-6) where they state their positions, elaborate on their habits (voting in every election), and explicitly confirm their agreement ('I agree', 'So do I'). The post-stance phase consists of a single unresponded message.",wispy-tomato,Are you going to vote in the next election?,politics,0,shared,1.0
True,disagreement,"Dog states clearly that they are 'not artistically inclined' (does not create art), whereas Cat states that they 'like to draw, paint and sculpt'. This establishes opposing behaviors regarding the creation of art.","Dog: ""I am definately not artistically inclined"" / Cat: ""I like to draw, paint and sculpt as well""",That's awesome. I wish I had that talent,9,True,related_subtopic,"While they disagree on 'creating' art, they find common ground on 'appreciating' art. Cat asks if Dog finds art interesting, and Dog agrees enthusiastically. They proceed to discuss a museum visit positively.","Both participants agree that art is interesting and appreciate museums, even though only one of them creates art.",False,No new differences emerge; the conversation focuses on encouragement and shared interest in art appreciation.,"Cat: ""do you find art interesting?"" / Dog: ""Oh really? I should probably take a class or something. It is very interesting yes!""",False,It is not surprising that a person who does not create art (and wishes they had the talent) still finds art interesting and appreciates it. This is a standard 'artist and audience' dynamic.,"Cat uses the phrase 'as well' in their stance statement, which is slightly confusing given Dog's negative stance, but the positions remain clearly opposed.",long-gray,Do you create art?,preferences,4,opposing,0.5
True,agreement,"Both participants express a preference for movies over TV shows. Cat states 'movies are probably more engaging' while describing TV shows as 'slow', and Dog explicitly states 'I prefer movies' citing the duration as a positive factor.",Cat: but movies are probably more engaging ... Dog: I prefer movies because I can go from start to end in ~2 hours.,although I do like tv shows if they are engaging enough.,14,True,related_subtopic,They discuss the viewing experience (specifically commercials) and initially agree on the negative sentiment ('bullshit' / 'yea agree').,"Both participants agree that commercials are annoying or 'bullshit' generally, although this agreement is complicated by a subsequent disagreement on whether discounts make them tolerable.",True,"A clear difference in values emerges regarding the trade-off between time and money. Dog is willing to endure commercials for financial benefits (discounts/free), while Cat aggressively rejects this ('fuck discounts'), prioritizing their time.","Cat: also commercials are bullshit
Dog: yea agree.
Dog: but don't mind commercials if I can get discount or watch for free :)
Cat: nah commercials are the worst
Cat: fuck discounts",False,"Their shared dislike of commercials is not surprising given their initial preference for movies (which are 'more engaging' and less 'slow'/'repetitive' than TV), as commercials are a primary source of interruption and slowness in media.","The conversation moves quickly from the focal topic to a related complaint about commercials, where a distinct value clash occurs despite the surface-level agreement.",convincing-chocolate,Do you prefer TV shows over movies?,preferences,0,shared,1.0
True,agreement,Both participants explicitly state that they enjoy museums in the first substantive exchange.,Cat: 'I enjoy museums.' ... Dog: 'I also enjoy museums.',I also enjoy museums. my favorite was one in barcelona. i dont remember the name now though,14,True,related_subtopic,"While discussing their favorite museums (a subtopic of the main domain), they discover that Cat has also visited the specific museum in Barcelona that Dog mentioned as their favorite.",They discovered they had both visited the National Art Museum of Catalonia (Museu Nacional d'Art de Catalunya) in Barcelona.,False,,"Cat: Was the barcelona one on a hill? i think i went there
Dog: yes it is!
Cat: Museum of art of Catalunia
Cat: i went",False,"Since both participants initially agreed that they enjoy museums and mentioned major European cities (Rome, Barcelona), finding a shared experience at a major museum is a positive coincidence but aligns with their established interests.","Participants engaged in two parallel conversation threads (one about the Vatican, one about Barcelona) before converging on the shared Barcelona experience.",parental-yellow,Do you enjoy museums?,preferences,0,shared,1.0
True,disagreement,"Cat indicates that they do attend concerts (conditionally on the artist), while Dog implies they do not attend because 'prices are too high'. Although Cat sympathizes with the reasoning, their behaviors regarding the focal question differ.","Cat: ""I only attend when an artist I enjoy comes to my city :)"" ... Dog: ""I like the idea of going to a concert, but prices are too high""","Yes, exactly!",8,True,related_subtopic,"Participants discuss the alternative of watching concerts online. Cat shares this as a preference to avoid ear pain, and Dog expresses openness to trying this method despite not having done so before.","They find alignment on the related subtopic of online concert viewings; Cat recommends them as a comfortable alternative, and Dog agrees to look into it if their favorite artists are available.",True,They expressed different views on age as a barrier (Dog felt too old; Cat insisted one is never too old). They also differ in experience regarding online concerts (Cat does it; Dog has not yet).,"Cat: ""I also enjoy watching concert live shows online over going to a concert sometimes... The speakers can hurt my ears a lot..."" ... Dog: ""I haven't done that, but if an artist I like made it available I might try it out.""",False,"Given that both participants cited barriers to live attendance (price for Dog, physical comfort/sound for Cat), it is not surprising they would find common ground on a lower-cost, more comfortable alternative like online viewing.","While they disagreed on the specific action of attending live shows currently, the conversation was highly collaborative, with Cat validating Dog's price concerns and offering a solution (online shows) that Dog accepted.",appalling-green,Do you attend live music concerts?,preferences,4,opposing,0.5
True,agreement,"Both participants confirm they live in warm climates. Cat states they live in 'Phoenix AZ' where it is 'real hot', and Dog states they live in a 'fairly warm to moderate climate on the West Coast'.","Cat: I live in Phoenix AZ... 
Dog: ...I live in a failrly warm to moderate climate...",fairly*,8,True,related_subtopic,"After establishing where they live, they discuss their weather preferences (disliking cold) and discuss specific locations (Chicago, San Diego), finding agreement on their ideal climate and the economic reality of living there.","Both participants discover they dislike cold weather and snow, with Dog citing a negative experience living in Chicago. They also agree that San Diego would be the 'perfect climate' but that it is 'too pricey'.",False,,"Cat: My perfect climate would probably be San Diego
Dog: Yeah, San Diego would be nice
Cat: just too pricey
Dog: yes",False,It is not surprising that two people who live in warm climates (and describe them neutrally or positively) would agree that they prefer warm weather over cold weather.,Dog corrects a typo ('fairly*') immediately after their stance message; this is treated as the end of the stance establishment phase.,confidential-white,Do you live in a warm climate?,background,0,shared,1.0
True,disagreement,"Dog explicitly states that eating meat is ethical. Cat states that while they eat meat, they do not think it is ethical because of the harm caused. This is a direct disagreement on the focal question.","Dog: ""Yes, it's ethical to eat meat."" / Cat: ""...I don't think it's ethical due to the harm it causes onto another organism.""",Ok,5,True,related_subtopic,"Dog argues against judging others' morals based on diet. Cat explicitly validates this perspective by stating that diet does not provide a 'comprehensive detail' of someone's morality, establishing a shared perspective that one's character cannot be judged solely by this act.",They agree that eating meat is not the sole or comprehensive determinant of a person's morality.,True,"They disagree on the nature of morality (Dog advocates for personal codes/relativism, Cat advocates for objective animal welfare) and the justification for eating meat (Dog cites health/non-judgment, Cat focuses on harm to organisms).","Dog: ""I wouldn't judge others on morals regarding eating meat."" ... Cat: ""I don't think it provides a comprehensive detail of someone's morality...""",False,"Since Cat admits to eating meat despite believing it is unethical, Cat must hold the belief that the act does not wholly define one's morality to avoid condemning themself. Therefore, agreeing with Dog that diet isn't a comprehensive moral detail is predictable.","The conversation highlights a contrast between moral relativism (Dog) and utilitarian/welfare ethics (Cat), though they find a small patch of agreement regarding the scope of moral judgment.",mid-purple,Is it ethical to eat meat?,morality,3,opposing,0.0
True,disagreement,"Dog explicitly states, ""I do not regularly attend religious services,"" while Cat states, ""I do attend services regularly,"" creating a clear disagreement on the focal question.","Dog: ""I do not regularly attend religious services.""
Cat: ""I do attend services regularly""",I use to growing up. But I no longer do.,5,False,none,"While Dog admits to believing in the 'possibility' of a God, this is a weak connection compared to Cat's absolute certainty. Cat responds with a lecture/sermon rather than validating Dog's perspective, leading Dog to immediately terminate the conversation. No mutual understanding or shared values were successfully established.",No meaningful common ground was found; Dog disengaged immediately after Cat began proselytizing.,True,"A difference in the certainty of belief emerged. Dog only believes in the 'possibility' of a God, whereas Cat expresses absolute certainty that God is responsible for all nature and good things.","Cat: All things that are good come from God!!
Dog: Have a good one!",False,"It is not surprising that no common ground was found given the initial disagreement on attendance. The post-stance conversation widened the gap, with Cat's intense religious assertions prompting Dog to leave the conversation.","Dog's final message ('Have a good one!') functions as a polite but abrupt exit strategy rather than genuine rapport, likely in response to Cat's preaching.",careful-bronze,Do you regularly attend religious services?,religion,4,opposing,0.5
True,agreement,Both participants explicitly state that they do not create art. Cat says 'nope not at all' and Dog says 'I do not create any'.,Cat: nope not at all. U? / Dog: I love music and art but I do not create any!,So my answer was definitely not!,4,False,none,"After establishing their stances, Dog asks for Cat's interests. Cat lists reading, watching shows, and making money, and asks 'u?'. However, Dog does not respond with their own interests or acknowledge Cat's interests, instead ending the conversation immediately because time is up. No common ground was established in this phase.",None found; the conversation ended before they could establish shared interests.,False,No explicit differences were found; they simply listed interests without discussing them.,"Dog: What are your interests? / Cat: I love reading, watching shows, and making money",False,"No common ground was found, which is not surprising given the lack of time and interaction in the post-stance phase.",The conversation was cut short immediately after the topic shift.,profound-chocolate,Do you create art?,preferences,0,shared,1.0
True,agreement,"Dog initiates by stating their position is 'no' because machines lack consciousness. Cat responds directly confirming agreement, stating 'I also think no' citing human programming as the reason.","Dog: My first thought is no... Cat: I also think no, because a machine is programmed by a human.","I also think no, because a machine is programmed by a human.",0,False,none,The conversation ends immediately after the second participant (Cat) reveals their stance. There are no messages following the stance establishment phase.,,False,,,False,No post-stance conversation occurred to analyze for common ground or surprise.,The conversation terminated immediately after stance establishment.,mechanical-gray,Can a machine be moral?,morality,0,shared,1.0
True,disagreement,"Dog recalls answering 'probably yes or definitely yes' regarding whether personal lives should impact public office. Cat states they 'slightly disagreed', arguing personal lives should be separate.",Dog: 'I think I answered either probably yes or definitely yes'... Cat: 'So I slightly disagreed',So I slightly disagreed,10,True,related_subtopic,"After their initial disagreement, the participants discuss specific scenarios. They agree that serious crimes (like fraud) should impact office holding, while moral failings (like cheating on a spouse) should not. They explicitly acknowledge this alignment.","They agree that legal/criminal issues like fraud should prevent holding office, but relationship issues like spousal cheating should not be relevant.",False,,"Dog: 'For example, if they were to be found guilty of fraud or something similar.' ... Cat: 'but cheating on a spouse shouldnt be relevant' ... Dog: 'Yes, I agree.'",True,"The common ground is surprising because the participants initially stated opposing positions (Yes vs. Disagree). However, they discovered their underlying views were identical, attributed merely to how they interpreted the question's scope.",Participants explicitly noted the surprise in the final message: 'Intersting we see it the same but chose different answers'.,changing-amaranth,Should events in politicians' personal lives impact their ability to hold public office?,politics,2,opposing,0.0
True,disagreement,"Dog explicitly states 'I do live in a suburb' (though notes it feels like a city), while Cat states 'I live in a city'. They fall into different categories regarding the focal question.","Dog: ""while I do live in a suburb..."" vs Cat: ""I live in a city""","Oh weird, I thought most cities have good public transit. That's rough",12,True,related_subtopic,"They transition from location to weather (a related background subtopic). They find common ground in their positive feelings toward snow: Cat enjoyed a recent novelty experience with it ('made a snowman'), and Dog loves it 'like a child' despite living in it.","Shared enjoyment of snow (novelty for Cat, daily life for Dog) and discussing local weather.",True,"They live in very different climates (snow vs hot). Additionally, Cat assumes snow 'must not be fun to live in', while Dog disagrees and claims to love it.","Cat: ""i saw snow for the first time the other week! ... yeah i made a snowman haha""
Dog: ""I actually do not mind it at all. I love the snow, I'm like a child.""",False,Finding common ground on weather or enjoying snow is a standard social interaction and is not contradicted by their differing residence types (city vs suburb).,"The conversation is very cooperative; despite the factual difference in residence (City vs Suburb) and climate, they focus on shared positive affect.",quintessential-blush,Do you live in a city?,background,4,opposing,0.5
True,agreement,Both participants explicitly state that they live in warm climates immediately at the start of the conversation.,"Dog: ""Yeah I live in a pretty warm climate..."" / Cat: ""I live in a warm climate too""",I live in a warm climate too,15,True,related_subtopic,"After establishing their location, the conversation shifts to their personal preferences regarding weather (rain vs. heat) and current conditions, which is a related subtopic to the focal domain of climate background.","Both participants agreed that they prefer rain and cold weather over heat, and both expressed a strong dislike for when it is too hot.",False,"No significant differences were found; while Cat mentioned liking cold 'sometimes' versus Dog's general liking, they overwhelmingly agreed on loving rain and hating heat.","Dog: ""I would always take it over hot whether"" / Cat: ""me too"" / Cat: ""i cant stand when its too hot"" / Dog: ""yeah same""",False,"It is not counter-intuitive for people living in warm climates to dislike the extreme heat or appreciate the relief of rain/cold, so this shared perspective is consistent with their contexts.",Participants quickly moved from factual location to shared preferences/values regarding weather conditions.,central-turquoise,Do you live in a warm climate?,background,0,shared,1.0
True,agreement,Both participants explicitly state that they are single in the opening exchange.,Cat: I am single. ... Dog: yes i am single too,yes i am single too,3,False,none,"In the post-stance conversation, the participants discuss the subtopic of whether they want to get married in the future. Dog expresses uncertainty ('i really don't know'), while Cat expresses a specific, situational viewpoint ('depends on who my partner is'). They do not identify a shared belief or value in this brief exchange.",No shared values or perspectives were established regarding future marriage desires.,False,No explicit differences were found; Dog was undecided while Cat was open but ambivalent. This represents a lack of convergence rather than a disagreement.,"Cat: Do you ever want to get married? 
Dog: i really don't know, how about you? 
Cat: I don't think it is always necessary in a relationship but I would not be opposed to it. It depends on who my partner is.",False,No common ground was found to evaluate for surprise.,The conversation shifts immediately to a related subtopic (future marriage) but ends before any alignment is reached.,yeasty-violet,Are you married or dating someone?,identity,0,shared,1.0
True,agreement,"Both participants confirm that while they did not immigrate personally, their families did (Cat's family from Nigeria, Dog's father's side from Pakistan).","Cat: 'my family did immigrate from Nigeria' ... Dog: 'Same, my dads side of the family immigrated from Pakistan'","Same, my dads side of the family immigrated from Pakistan to the US before I was born.",4,True,related_subtopic,"After establishing their shared background, they discuss the specific nature of the immigration experience, agreeing that it requires 'courage' and is 'challenging' due to loss of opportunities and cultural differences.","They agree on the difficulties of immigration, specifically that it requires great courage to move to a place one has never been and that immigrants face significant challenges and fewer opportunities initially.",False,,Cat: Takes a lot of courage / Dog: It most certainly does. Immigrants don't have the same opportunities in the beginning. It is challenging to say the least.,False,"Given that both have family members who immigrated, it is not surprising that they share a sympathetic view regarding the courage required and the challenges faced by immigrants.",Participants moved quickly from the factual question to a shared emotional understanding of the difficulties involved.,sophisticated-beige,Did you or your family immigrate to a new country?,background,4,opposing,1.0
True,agreement,"Both participants explicitly state a preference for movies. Dog says 'I prefer movies' citing length, and Cat says 'Mostly I like movies' citing the theater experience.","Dog: I prefer movies because they tend to be shorter... 
Cat: Mostly I like movies as long as I can view them at the theater.","Dog: I agree with you. There is something about a theater that makes the movies that much more impactful. I also feel a bit of nostalgia in a theater, seeing as movie rental stores have gone away, for the most part.",2,False,none,"The conversation following the stance establishment and immediate reaction is very brief. Cat introduces a new topic (urban vs rural), and Dog answers, but the conversation ends before any shared ground or difference can be established on this new topic.",None,False,None,"Cat: Do you live in the an urban setting or rural?
Dog: urban",False,"No common ground was found in the post-stance phase, so there is no prediction to evaluate.","The agreement regarding theaters and nostalgia is contained within the immediate reaction message (Dog's 'I agree with you...'), placing it in Phase 1 according to the instructions to include immediate reactions in the stance phase.",inclined-jade,Do you prefer TV shows over movies?,preferences,0,shared,1.0
True,agreement,"Cat initiates by stating they chose 'unsure', Dog replies 'same' and adds 'it really depends', to which Cat responds 'I feel the same'. Both participants clearly align on a context-dependent view.",Cat: I chose unsure for this answer / Dog: same,I feel the same,7,True,same_values,"After establishing they are both 'unsure', Cat provides a specific ethical test case (replacing a dead fish for a toddler). Dog evaluates this specific scenario and agrees it is acceptable ('stuff like that is fine'), confirming they share the same underlying value that benevolent deception is permissible.",They agree on a specific application of their stance: that lying is acceptable in the context of protecting a toddler from the death of a pet (the 'fish' example).,False,,"Cat: like, when my daughter's fish died and I went to the store and brought back another one that looked just like it. That as when she as a toddler lol ... Dog: I can't think of a example for myself but stuff like that is fine",False,"Since both participants initially agreed that the morality of lying 'depends' and chose 'unsure', it is entirely predictable that they would find a specific instance of a 'white lie' (protecting a child's feelings) to be acceptable.",The conversation is short and highly aligned throughout.,lexical-lime,Is lying acceptable?,morality,0,shared,1.0
True,disagreement,"Cat explicitly states 'I do not' in response to the implicit question of believing in God, while Dog states 'I definitely believe in God'. These are opposing positions on the focal question.","Cat: ""hi there. I have to say that I do not."" / Dog: ""I definitely believe in God. But what God is, I have no idea""","I definitely believe in God. But what God is, I have no idea",10,True,related_subtopic,"Despite their disagreement on the existence of God, they explicitly agree on a specific theological nuance: both reject the definition of the 'Christian God'. Cat introduces this distinction, and Dog immediately aligns with it.",Both participants agree that 'God' is not the specific Christian God and is something not completely understood.,False,"No significant new disagreements emerged; while they cited different sources for their views (podcasts/history vs. personal mystical experience), the conversation focused on their shared rejection of the specific Christian dogma rather than debating their evidentiary standards.","Cat: ""I consider myself agnostic... but I know it is not the christian god.""
Dog: ""I don't believe it's a Christian God as well. I believe it's something that we don't completely understand""",True,"It is somewhat surprising that a participant who 'definitely believes' and one who 'does not' would immediately find common ground on the specific definition of the deity (rejecting the Christian God), bridging the gap between their binary positions.",The conversation moves from a binary disagreement to a shared 'spiritual but not religious' or 'undefined theism' understanding very quickly.,realistic-green,Do you believe in God or a higher power?,religion,4,opposing,0.0
True,agreement,"While Dog expresses 'concerns' unlike Cat's clear ethical endorsement, both participants eat meat and explicitly agree on the principle of individual choice ('to each his own'). They confirm this alignment verbally.","Cat: 'I feel it is ethical for me to eat meat, but to each his own.' / Dog: 'I have concerns about eating meat, but I do eat meat at times... I do agree that each person has to make their own choices.'",We agree on that for sure.,7,True,related_subtopic,"Immediately following the stance phase, Dog introduces the topic of production methods (environment/cruelty). Cat agrees and specifies a preference for 'free range', establishing a shared viewpoint on animal welfare within meat eating.",Both participants agree that current meat production is harmful and express a shared preference for 'free range' or less cruel/harmful production methods over mass production.,False,"No significant differences emerged; they validated each other's justifications (health issues, prayer) rather than disagreeing.","Dog: ""I wish we had a way to produce meat that was less harmful to the environment and less cruel to animals.""
Cat: ""Yes. I prefer free range for animals to mass production.""",False,It is common for people who eat meat (even those who think it is ethical) to prefer humane production methods (free range). This common ground aligns naturally with Cat's ethical stance and Dog's stated concerns.,The conversation shifts quickly from the morality of the act to the morality of the production method and personal dietary constraints.,shaky-blue,Is it ethical to eat meat?,morality,2,opposing,1.0
True,agreement,"Both participants clearly state their identity. Dog says 'Yes, I identify as heterosexual' and Cat confirms 'I also identify as hetero'.","Dog: ""Yes, I identify as heterosexual"" ... Cat: ""Hello, I also identify as hetero""",Ah gotcha. Well I guess that makes us pretty unremarkable then.,4,True,related_subtopic,"After the stance phase, Dog elaborates that their shared identity is 'nothing really interesting', and Cat agrees ('yea I guess not'). They find common ground in the perspective that their identity is unremarkable.",Agreement that their shared heterosexual identity makes the topic unremarkable and uninteresting.,False,,"Dog: ""There's nothing really interesting about it for us I suppose"" / Cat: ""yea I guess not""",False,It is not surprising that two members of the majority group (heterosexuals) would view their own identity as 'unremarkable' or the default norm.,"The conversation begins to pivot to a new subtopic (knowing non-hetero people) at the very end, but the exchange is not completed to show agreement or disagreement.",silly-brown,Do you identify as heterosexual?,identity,0,shared,1.0
True,disagreement,"Cat explicitly prefers TV shows for their ability to develop story lines and characters, whereas Dog prefers movies because they wrap up the story without dragging on.","Cat: ""I think I prefer TV shows over movies..."" / Dog: ""I like movies just because it wraps up the whole story...""",I like movies just because it wraps up the whole story. Some TVs show go on to long and lose track,10,True,related_subtopic,"In the post-stance conversation, they find agreement on two related subtopics: they both stream content (rather than using cable) and they share the perspective that movies can also have terrible endings, just like TV shows.","They established that they both rely on streaming rather than cable, and they mutually agreed that movies can also have unsatisfying endings.",True,"Dog elaborated that the risk of a bad ending is worse with TV shows because of the time investment ('years watching a show'), while Cat maintained a preference for the continuity of good shows despite that risk.","Dog: ""movies end horribly too"" / Cat: ""Haha, yes, re movies ending horribly too!""",False,It is not surprising that people with different format preferences (TV vs Movie) might share similar consumption habits (streaming) or acknowledge universal flaws in storytelling (bad endings).,"The conversation involves interleaved threads where they discuss streaming habits simultaneously with their preferences, but the stance establishment is clearly defined by their explicit statements of preference.",chubby-teal,Do you prefer TV shows over movies?,preferences,2,opposing,0.5
True,disagreement,"The participants reveal they live in very different climates, effectively taking opposite positions on the focal question 'Do you live in a warm climate?'. Dog describes living in the California valley with temperatures reaching 120 degrees, while Cat lives in Michigan where snow has closed schools.","Dog: ""I live in the California valley... In the summer it gets up to 120 degrees sometimes."" ... Cat: ""Michigan here. all the kids haven't been in school the last 2 weeks because of the snow""","OK, so I'm guessing that your answer for this would be NO!",2,False,none,"In the brief post-stance conversation, Dog reinforces the difference in their environments (lack of snow) and Cat expresses envy via a pop culture reference. They do not identify shared values, experiences, or beliefs.",No common ground found.,True,"Dog elaborates on the climate difference by emphasizing that it 'never ever' snows in their location, contrasting with Cat's situation.","Dog: ""It never ever snows here. Ever"" 
Cat: ""California dreamin'""",False,The lack of common ground and the emphasis on differences is predictable given that they started with opposite answers to the focal question (warm vs. cold climate).,The conversation ends almost immediately after the stances are established.,fair-blush,Do you live in a warm climate?,background,2,opposing,0.0
True,disagreement,"Dog confirms they have 'always lived in the place I was born', while Cat states they were 'born in another state'. This constitutes a clear factual disagreement on the focal question of staying in the same place for one's entire life.","Dog: 'I have always lived in the place I was born, how about yourself?' / Cat: 'no was born in another state. thats cool'",no was born in another state. thats cool,7,True,related_subtopic,"Despite their different histories (staying vs. moving), both participants connect over negative sentiments regarding their current living situations, specifically centering on financial constraints and dissatisfaction with their cities.","Both participants express struggles with their current locations; Dog hates their city and feels stuck due to money, while Cat relates by mentioning the 'insane' cost of living and affordablity issues in Colorado.",False,,Dog: 'I really wish I had the money to move lol' / Cat: 'yeah colorado is freaking insane with the cost of living im prolly the best i can afford too',True,"Given the initial disagreement (one stayed, one moved), one might expect a debate on the merits of staying versus moving. Instead, the 'stayer' immediately expresses hatred for their situation, and the 'mover' commiserates with financial struggles, creating unexpected alignment through mutual dissatisfaction.",The conversation pivots quickly from the factual history of their residence to the quality of life and financial barriers in their current locations.,foreign-lime,Have you stayed in the same place for your entire life?,background,4,opposing,0.0
True,agreement,"Both participants indicate that they do not currently attend live music concerts. Cat states they 'haven't in a long time' despite past attendance, and Dog states they have 'never been'.","Cat: ""I used to attend concerts, but haven't in a long time."" ... Dog: ""I've never been actually""",I've never been actually,7,False,none,"The participants discuss the nature of concerts, but do not converge on a shared perspective. Cat views the 'wild' atmosphere as something they are no longer 'up for', while Dog views it as 'fun'. Cat does not confirm a shared interest in Dog's preferred genres (jazz and indie) before the conversation ends.",,True,"A divergence in attitude towards the concert atmosphere appears. Cat, drawing on past experience, feels the 'wild' environment is no longer appealing ('not up for anything like that now'), whereas Dog, who has never been, perceives it as a 'fun atmosphere'.","Dog: ""it seems like a fun atmosphere to be around""
Cat: ""very wild.""",False,Given that both participants do not currently attend concerts—one due to a change in life stage/preference and the other due to lack of experience—it is not surprising they did not find common ground on the appeal of the activity.,"The conversation ends abruptly after Dog mentions music preferences, preventing potential alignment on genres.",nervous-tan,Do you attend live music concerts?,preferences,0,shared,0.5
True,disagreement,"Cat explicitly states 'I don't' regarding regular attendance, while Dog states 'I do regularly attend religious services', creating a clear opposition in behavior regarding the focal question.",Cat: I don't. Do you? / Dog: Hello I do regularly attend religious services,That's great to be honest I'm not sure why I don't regularly attend,7,True,related_subtopic,"After establishing they differ on attendance, the participants discuss their specific religious affiliation ('What is your belief?') and discover they both identify as 'nondenominational christian'. This is a shared position on a specific subtopic within the domain of religion.",Both participants identify as nondenominational Christians despite their different attendance habits.,False,,Dog: What is your belief? / Cat: nondenominational christian ... / Dog: Aseesome same here / Cat: Im glad we have some common ground,True,"It is surprising that two people who have opposite behaviors regarding the focal question (one attends regularly, the other never does) identify with the exact same specific denomination. One might expect the non-attender to be less religious or belong to a different faith tradition.",The conversation moves quickly from a behavioral disagreement to a shared identity alignment.,funny-brown,Do you regularly attend religious services?,religion,4,opposing,0.5
True,agreement,"Cat initiates by stating that 'lying can be acceptable sometimes,' and Dog explicitly responds with 'I agree,' adding that it 'depends on the situation.'",Cat: i think lying can be acceptable sometimes / Dog: I agree,Dog: It depends on the situation,1,False,none,The post-stance conversation consists of a single unanswered question from Cat. No further exchange occurs to establish shared values or beliefs beyond the initial stance agreement.,No common ground found in post-stance conversation.,False,No differences found.,Cat: what do you think is an acceptable situation to lie?,False,No common ground was established in the post-stance phase to analyze for surprise.,The conversation cuts off immediately after the stance phase and a single follow-up question.,colossal-tan,Is lying acceptable?,morality,0,shared,1.0
True,agreement,"Both participants explicitly state that they identify as the gender they were assigned at birth. Cat states 'i was born a woman and im still a woman', and Dog states 'I was born female and identify as female'. Cat confirms the alignment by saying 'i guess we're on the same page'.",Cat: i guess we're on the same page,i guess we're on the same page,6,False,none,"In the post-stance conversation, the participants do not discover additional shared values or experiences. Instead, they identify a divergence in their personal histories: Dog reports never having trouble with gender identity, whereas Cat reports a complex history of feeling disconnected due to sexism. Dog's final response ('ok') indicates acknowledgment but not shared ground.",No new common ground was established; the conversation revealed differences in how they experienced their gender identity growing up.,True,"The participants discovered a difference in their developmental experiences. Dog stated they 'always felt like a female' and had no trouble, while Cat admitted to feeling disconnected from being a girl during childhood due to 'sexism and narrow views of womanhood'.","Dog: no i've always felt like a female, how bout you? 
Cat: honestly, when i was a kid, i never felt feminie enough and tht made me disconnected from the feeling of being a girl. but as i got older, i realize i didnt have a problem with my gender. i had a problem with sexism and narrow views of womanhood/girlhood",False,No common ground was found to evaluate for surprise.,"The conversation is brief, and while they agree on the focal stance (current identity), their lived experiences leading to that identity differ significantly.",panicky-gray,Do you identify as the gender which you were assigned at birth?,identity,0,shared,1.0
True,agreement,"Dog explicitly states they 'really enjoy spending time with my family', and Cat responds by confirming they 'enjoy spending time with my family too'.",Dog: My name is Pat and I really enjoy spending time with my family. ... Cat: i enjoy spending time with my family too,i enjoy spending time with my family too,3,True,related_subtopic,"After establishing their agreement on the main topic, the participants discuss specific family activities. Cat mentions going to restaurants, and Dog indicates they do the same.",Both participants share the specific habit of going to new restaurants with their families.,False,,Cat: Not really. Usually just go to new resteraunts. How about you? / Dog: same,False,"Given that both participants agreed they enjoy family time, finding a shared common activity like dining out is a natural and unsurprising extension of their initial alignment.",The conversation is brief but clearly establishes agreement and finds specific common ground in activity preferences.,stable-magenta,Do you enjoy spending time with your family?,background,0,shared,1.0
True,agreement,"Both participants explicitly state that they enjoy live music concerts. Dog calls them 'one of my favorite things to do' and Cat responds, 'I also enjoy live music concerts'.",Dog: 'I love live music concerts...' ... Cat: 'I also enjoy live music concerts',I also enjoy live music concerts,5,True,rapport_only,"Participants discuss the subtopic of music genres but do not identify specific overlapping interests. Cat lists hip hop, R&B, and EDM, while Dog lists country and indie folk. Although Dog claims to 'like most genres as well', the conversation primarily consists of polite validation ('Awesome!', 'that sounds cool') rather than the discovery of a specific shared preference.","Polite validation of each other's music preferences and a shared self-identification as liking 'variety' or 'most genres', despite listing disjoint examples.",True,"They prefer different specific genres for concerts: Cat prefers hip hop, r&b, soul, and edm, whereas Dog prefers country and indie folk.","Cat: ""I like a wide variety of music, hip hop, r&b, soul, certain kinds of edm, etc."" ... Dog: ""Awesome! I like most genres as well but I usually go to country music concerts. & lately a few Indie folk kind of shows!""",False,"Given that they both agreed on the main topic (liking concerts), it is not surprising that they maintained a polite rapport when discussing the specifics, even though their genre tastes differed.","The stance establishment is concise (one message each), immediately followed by a transition to the subtopic of genres.",nasty-amaranth,Do you attend live music concerts?,preferences,0,shared,1.0
True,agreement,"Both participants explicitly state that they are 'unsure' about the existence of an afterlife, although they express different preferences regarding whether they want it to exist.",Cat: 'I am not sure what will come after someone is dead.' / Dog: 'I also answered that I was unsure.',I also answered that I was unsure. But I would prefer to believe that there isn't one. I think an afterlife would give too much weight/consequences to otherwise unimportant choices.,2,True,related_subtopic,"In the post-stance conversation, Cat proposes a correlation between education and questioning the afterlife, and Dog explicitly agrees ('That makes sense'). This is a shared perspective on a subtopic related to religion.",They agreed on the idea that higher levels of education lead people to question the concept of an afterlife.,False,,"Cat: ""I think the more educated people get the more they question the idea of an afterlife.""
Dog: ""That makes sense.""",False,Both participants identified as unsure/skeptical about the afterlife. It is not surprising that two skeptics would agree on a sociological observation that links education to religious skepticism.,"Cat's second message contains both a reaction ('I guess so') and an elaboration ('I think the more educated...'). Due to the elaboration introducing a new specific subtopic, this message was classified as the start of the post-stance conversation.",prior-scarlet,Do you believe in an afterlife?,religion,0,shared,0.5
True,agreement,"Both participants clearly stated that they do not typically go out on weekdays. Cat initiated with 'I tend to not' and Dog confirmed agreement with 'Same, I typically do not'.","Cat: Do you go out on weekdays? I tend to not. / Dog: Same, I typically do not","Same, I typically do not",3,False,none,"In the post-stance phase, Cat elaborated on exceptions and shared preferences for weekend activities (concerts, bowling), but the conversation ended before Dog responded to these preferences. Consequently, no mutual shared values or interests were established or confirmed in this phase.",None discovered in post-stance conversation.,False,No additional differences were identified.,"Dog: If you do go out on the weekends what do you prefer to do
Cat: I like to go to concerts or fun activities like bowling. What do you like to do?",False,"Since no specific post-stance common ground was established (the conversation ended before the partner could agree or disagree with the stated preferences), there is no outcome to evaluate for surprise.","The conversation cuts off immediately after Cat shares their weekend preferences, preventing the establishment of further common ground.",protestant-crimson,Do you go out on weekdays?,arbitrary,0,shared,1.0
True,agreement,"Both participants explicitly state that they were born male and currently identify as male, aligning completely on the focal question regarding cisgender identity.","Dog: ""I was born male, as such identify as male"" ... Cat: ""I was born as a male and also identify as male""",I was born as a male and also identify as male,4,True,related_subtopic,"After establishing their own identities, the conversation shifts to their opinions on people who identify differently (transgender individuals). They agree on this subtopic: both find it 'odd' or 'strange' and admit to not understanding it, though they agree on a generally tolerant stance.","Both participants agree that they find the concept of identifying as a gender other than one's birth assignment 'strange' or 'odd' and admit they do not understand it, while agreeing on a tolerance principle that it is acceptable as long as no one is hurt.",False,No disagreements or differences emerged in the post-stance conversation.,"Dog: ""I think it is odd because I don't really understand it but as long they are not hurting anybody it is ok in my book."" / Cat: ""I feel the same. I don't understand it but I do wonder how someone ends up as a different gender than what they believe they should be""",False,It is not surprising that two individuals who both identify as cisgender males might share a lack of personal understanding ('I don't understand it') regarding transgender experiences.,The conversation moves immediately from self-identification to a discussion about the validity/strangeness of the opposite stance.,principal-gray,Do you identify as the gender which you were assigned at birth?,identity,0,shared,0.5
True,disagreement,"Dog states they answered 'unsure', while Cat states they answered 'no'. These are distinct positions.","Dog: 'Hi, I remember that I answered this as unsure.' / Cat: 'I answered it as no since it's an inanimate object'",I answered it as no since it's an inanimate object,4,True,related_subtopic,"In the post-stance conversation, Dog explicitly validates Cat's reasoning about inanimate objects by admitting 'Technically a machine cannot be moral'. While they differ on whether AI data training changes the conclusion, they share a baseline agreement on the technical nature of machines.","Dog concedes to Cat's point that, technically speaking, a machine (as an inanimate object) cannot be moral.",True,"Dog introduces the nuance that AI trained on moral data might be considered moral by some, whereas Cat challenges this ('how does that make it moral?'), maintaining a skepticism that Dog's nuance does not bridge.","Cat: I answered it as no since it's an inanimate object
Dog: Technically a machine cannot be moral but now we have AI which is trained on certain data",False,It is not surprising that a participant who voted 'unsure' (Dog) would concede the validity of the 'No' argument (that machines are inanimate) while still holding onto the ambiguity that led them to vote 'unsure'.,The conversation is brief. The common ground is established by Dog's concession to Cat's logic.,puzzled-purple,Can a machine be moral?,morality,2,opposing,0.0
True,agreement,Both participants explicitly state they do not believe in God or a higher power. Dog asks 'So do you?? I don't :)' and Cat responds 'i do not either!'.,"Dog: Hey! So do you?? I don't :)
Cat: i do not either!",i do not either!,11,True,related_subtopic,"After establishing their shared atheism, they discuss their engagement with the topic. Dog mentions not talking about it much in real life, and Cat agrees that they don't think about it much either. This indicates a shared low level of engagement/salience regarding the topic.","They discovered that they both treat their lack of belief casually, neither talking about it much in real life nor thinking about it often.",False,No substantive differences emerged; the conversation shifted to playful banter about their animal personas.,"Dog: Not really - I don't talk about it IRL much
Cat: ... I dont think about it much either its just what I think",False,"Given that both participants share the same stance (non-belief), it is not surprising that they also share a similar level of low engagement or lack of desire to discuss it publicly.",Participants engaged in significant roleplay (Dog/Cat personas) throughout the post-stance conversation.,associated-harlequin,Do you believe in God or a higher power?,religion,0,shared,1.0
True,agreement,"Dog states they are 'not a caregiver whatsoever', and Cat responds confirming they are 'also not a caregiver'. Both participants clearly state they do not hold the role of a parent or caregiver.","Dog: I'm not a caregiver whatsoever as I'm still quite young. / Cat: I am not young, but I am also not a caregiver.","I am not young, but I am also not a caregiver.",3,False,none,"In the post-stance phase, Cat asks a hypothetical question about ability to be a caregiver and answers it for themselves, but Dog never responds. Without a reply from Dog, no mutual common ground or rapport is established beyond the initial stance agreement.",None,False,No additional differences were discussed as the conversation ended unilaterally.,"Cat: Do you think you would be a good caregiver if you had to?
Cat: I think I would be able to do it if I had to.",False,No common ground was established in the post-stance conversation.,"While an age difference was noted ('I'm still quite young' vs 'I am not young'), this occurred within the stance establishment message itself, not in the post-stance conversation.",hot-scarlet,Are you a parent or caregiver?,identity,0,shared,1.0
True,agreement,"Both participants express a positive view of being outdoors. Cat explicitly states enjoyment ('So I enjoy being outdoors!'), and Dog agrees with a slight qualification ('I usually do, but there are exceptions').","Cat: 'So I enjoy being outdoors!' ... Dog: 'I usually do, but there are exceptions'",I feel that lol,6,True,related_subtopic,"After establishing their general stance on the outdoors, the participants discover they both live in the South and share an interest/experience in gardening.","They discovered they both live in the South (explaining their tolerance for heat) and connected over gardening, with Cat currently doing it and Dog having past experience and a desire to start again.",False,,"Cat: ""I like to walk and work in my garden.  I planted flowers last year and I have been still pulling weeds. How about you?""
Dog: ""I want to get into gardening! I worked on my parents' garden all the time""",False,"It is not surprising that two people who enjoy being outdoors would share interests in outdoor activities like gardening or walking, nor is it statistically unlikely that two randomly paired participants might reside in the same large region (the South).","Cat elaborates on allergies as a specific constraint later in the conversation, mirroring Dog's earlier mention of 'exceptions', but this does not constitute a disagreement.",shivering-black,Do you enjoy being outdoors?,arbitrary,0,shared,1.0
True,agreement,"Dog explicitly states they enjoy reading ('I said that I enjoy reading'), and Cat responds with clear agreement ('I enjoy reading too').","Dog: ""I said that I enjoy reading"" ... Cat: ""I enjoy reading too""",I enjoy reading too,7,False,none,"In the post-stance phase, the participants discuss specific genres (fantasy vs. ghost stories). They do not find a shared genre, author, or specific interest. Cat explicitly mentions not having heard of Dog's preference, and the conversation ends shortly after without establishing a connection on these details.",No specific common ground was found regarding reading preferences (genres/authors) before the conversation ended.,True,Participants discovered they prefer different genres (fantasy novels vs. ghost stories) and Cat was unfamiliar with the series Dog mentioned.,"Dog: ""I like fantasy novels, like the Drizzt series from RA Salvatore"" ... Cat: ""I like ghost stories. I just read The Elementals by Michael McDowell and I really enjoyed it"" ... Cat: ""I havent heard of Drizzt""",False,"Since no common ground was found in the post-stance conversation, there is no surprising connection to evaluate.",The conversation cut off abruptly after the participants realized they did not share specific reading interests.,reliable-lavender,Do you enjoy reading?,preferences,0,shared,1.0
True,agreement,"Both participants explicitly state that they are not parents or caregivers. Dog initiates with 'No I'm not', and Cat responds 'no I'm not either'.","Dog: ""No I'm not"" ... Cat: ""Oh sorry, no I'm not either.""","Oh sorry, no I'm not either.",13,True,related_subtopic,"After establishing they are not parents of children, they discover a shared experience in pet ownership (a form of caregiving). Dog mentions having 4 dogs, and Cat mentions having had a dog recently.","Both participants share a connection to dog ownership; Dog currently has four, and Cat recently lost one.",True,"They are at different life stages regarding relationships and reasons for not parenting. Dog is 20 with a girlfriend focusing on dreams/goals, while Cat is currently single and cites financial readiness and past long-term relationships.","Dog: ""I do have 4 dogs though haha"" ... Cat: ""I had a dog, but recently lost him.""",False,It is common for individuals who are not parents of children to discuss pets ('fur babies') as an alternative form of caregiving or shared interest.,The conversation includes some initial confusion ('Excuse me?') and typo corrections ('excused*') which are ignored for the stance analysis.,great-coral,Are you a parent or caregiver?,identity,0,shared,0.5
True,agreement,Dog opens by stating the country is 'probably not moving in the right direction' due to housing and homelessness. Cat responds by agreeing 'in general' and then explicitly confirms their own position: 'I also said the same... Definitely going in the wrong direction.',"Dog: I said it's probably not moving in the right direction... Cat: I also said the same. That generally, nope. Definitely going in the wrong direction","I also said the same. That generally, nope. Definitely going in the wrong direction",7,True,related_subtopic,"After agreeing on the main political stance, the participants engage in a deeper discussion about the specific economics of the housing crisis. They agree on the relationship between income inequality, home ownership, and lasting wealth. They also validate each other's perspectives regarding regional extremes (Bay Area) versus the general national trend.","They discovered shared views on the specific mechanics of the housing crisis: that income inequality prevents home ownership (which they agree is key to wealth) and that this is a universal issue, illustrated by Cat's specific evidence from the Bay Area.",False,,"Dog: Yeah, I think income inequality has increased so much that most people in this generation won't ever be homeowners. ... Cat: Definitely. I am in the Bay Area of California. It's at its worst here",False,"Their agreement on the specifics of the housing crisis is not surprising because Dog explicitly cited housing/homelessness as the reason for their negative outlook in the very first message, and Cat immediately agreed.","Participants were fully aligned from the start, using the post-stance conversation to reinforce their shared viewpoint with specific examples and economic theories.",cloudy-indigo,Do you feel like the country is moving in the right direction?,politics,0,shared,1.0
True,agreement,"Both participants state that they work in physical locations outside of the home (a vet office and a hospital), indicating they do not work from home.",Dog: 'I work at a vet office' ... Cat: 'a hospital',"Nice, are you a nurse?",6,True,rapport_only,"In the post-stance conversation, the participants discuss the specifics of Cat's job. While Dog expresses interest ('Oh that's pretty cool!') and empathy ('that's understandable') regarding the physical discomfort of the job, they do not explicitly identify a new shared value or experience beyond general politeness and the rapport of the conversation.",General rapport regarding Cat's profession as a child therapist and the tiring nature of sitting in small chairs.,False,,"Cat: ""especially sitting in little chairs""
Dog: ""lol, that's understandable""",False,It is not surprising that two people who work in similar clinical/care settings (vet office and hospital) would find polite rapport when discussing job details.,"The shared experience of being 'tired from work' was established prior to the focal stance reveal, so the post-stance discussion serves as an elaboration on that pre-existing commonality rather than the discovery of a new one.",yawning-indigo,Do you work from home?,arbitrary,1,shared,1.0
True,disagreement,"Dog explicitly states 'I am not a parent/caregiver', while Cat states 'I'm a parent'.","Dog: I am not a parent/caregiver
Cat: Hello :) I'm a parent.",same haha,2,False,none,"In the post-stance phase, only Cat speaks ('So uhhhh....', 'At least we got one of the least conflict causing questions...'). Since Dog does not respond to these comments, no mutual common ground is established in this specific phase.",No common ground established post-stance.,False,No further conversation occurred to reveal differences.,Cat: At least we got one of the least conflict causing questions I guess :P Have a good one.,False,No common ground was found.,"Dog's message 'same haha' is interpreted as an immediate reaction to Cat's meta-comment about not knowing what to say, marking the end of the stance establishment phase. The subsequent messages are a monologue by Cat.",visual-sapphire,Are you a parent or caregiver?,identity,4,opposing,0.5
True,disagreement,"Dog clearly states 'yes, I exercise regularly', while Cat states 'I don't regularly exercise'.","Dog: ""To answer the question, yes, I exercise regularly."" Cat: ""Cool. I don't regularly exercise but I probably should.""",Cool. I don't regularly exercise but I probably should.,5,True,related_subtopic,"After establishing their differing habits on exercise, they find common ground on the related subtopic of weight loss. Cat shares a history of significant weight loss, and Dog admits a need to lose weight ('shed some') as well.","They bond over the topic of weight loss; Cat shares a past success of losing 200 pounds, and Dog validates this and admits a personal need to lose weight despite their regular exercise.",False,,"Cat: ""I used to exercise more regularly and lost nearly two hundred pounds doing so.""
Dog: ""Congrats, I need to shed some myself.""",False,"It is not surprising that a discussion about exercise habits transitions naturally into a discussion about weight loss and health management, regardless of the participants' current exercise frequency.","Although they disagree on the focal question (current habits), the tone remains supportive, allowing them to connect on health history.",married-copper,Do you exercise regularly?,arbitrary,3,opposing,0.0
True,agreement,"Both participants confirm they eat breakfast by describing specific meals they cooked (Dog: 'garden omlette', Cat: 'ribeye steak with eggs').","Dog: ""I made a garden omlette..."" / Cat: ""I made a ribeye steak with eggs""",That sounds good! I made a ribeye steak with eggs,2,True,rapport_only,"The post-stance conversation is very brief (2 messages). While they discuss the related subtopic of 'usual breakfast meals', they do not reach a point of confirming shared specific habits (e.g., Cat does not confirm if they also eat yogurt). The interaction is characterized by polite interest and validation ('Yum').",Polite interest in menu details and validation of food choices.,False,,"Cat: ""What's your usual breakfast meals?""
Dog: ""Yum. I will usually do something similar to the above, sometimes rotate with yogurt and granola. And yourself?""",False,"It is not surprising that two breakfast eaters would engage in a polite, friendly conversation asking for details about each other's meals.","The conversation cuts off before the second participant can respond to the question about their usual meals, preventing the discovery of substantive common ground beyond the initial stance.",occupational-pink,Do you eat breakfast?,arbitrary,0,shared,1.0
True,agreement,"Both participants explicitly state that they do not attend religious services. Cat says, ""No, I don't. Haven't since I was a teenager,"" and Dog responds, ""I do not regularly attend religious services any more.""","Cat: Hello! No, I don't... 
Dog: I do not regularly attend religious services any more.",I do not regularly attend religious services any more. Do you ?,9,True,related_subtopic,"After establishing they both currently do not attend, they discuss the related subtopic of their childhood experiences. They discover they share a specific trajectory: both attended frequently as children and stopped attending during high school.",Both participants discovered they had a similar upbringing regarding religion: they attended services frequently as children (weekly or twice weekly) but both stopped attending during high school.,True,"They discovered a minor factual difference in their background: Dog grew up Lutheran, while Cat grew up Methodist.","Cat: I usually went once a week, and then did bible study and youth stuff on fridays
Dog: Sounds like we had a similar experience",False,It is not surprising that two people who currently do not attend services (but imply they 'don't anymore') share a history of having been raised in the church and leaving it during their teenage years. This is a common pattern for the demographic implied by their stances.,"Dog's question 'Do you ?' in the second message suggests they may not have seen Cat's first message immediately, but the alignment is clear regardless.",immense-rose,Do you regularly attend religious services?,religion,0,shared,1.0
True,disagreement,"Dog states 'i don't normally eat breakfast' and notes it makes them sick, while Cat states 'I eat breakfast everyday'.",Dog: i don't normally eat breakfast ... Cat: I eat breakfast everyday,ight,21,True,related_subtopic,"Despite their disagreement on the general habit of eating breakfast, they discover shared preferences for specific breakfast items (eggs, smoothies) and morning beverages (coffee, water).","They discovered that they both drink coffee and water in the morning, and both enjoy smoothies and eggs (though Dog only eats eggs sometimes).",True,They differ in how they obtain their coffee; Dog buys Starbucks while Cat uses a home machine to save money.,Cat: what do you drink? / Dog: coffee / Cat: I usually have coffee / Dog: and water / Cat: same,True,"Given Dog's initial stance that they don't eat breakfast and it makes them feel sick, it is unexpected that they would subsequently bond over the enjoyment of several breakfast foods and beverages.",Dog initiates the shift to finding common ground by asking 'what do you eat' immediately after acknowledging the difference in their habits.,current-cyan,Do you eat breakfast?,arbitrary,3,opposing,0.5
True,agreement,"Both participants clearly state they do not go out much on weekdays. Dog initiates by stating 'I don't go out much', and Cat immediately agrees with 'Me neither!'.",Me neither! There isn't enough time,Exactly what I was thinking! After work I just want to be home haha,3,True,same_values,"In the post-stance conversation, both participants elaborate on why they stay in. They share a common value of prioritizing rest and comfort after work. Cat mentions working full-time and school, while Dog notes the lack of enjoyment in forced weekday outings compared to weekends. Cat further bonds by mentioning she prefers hanging out with her dogs even when she had free time, solidifying a shared 'homebody' preference.","Both share a preference for staying home to relax or be with pets rather than going out, driven by busy schedules and a lack of desire to socialize on work nights.",False,,"Dog: ""I get it. I wouldn't enjoy it too much even I decided to...""
Cat: ""Right? ... I just want to hang out with my dogs""",False,"Given that they both initially agreed they do not go out on weekdays, it is not surprising that they share reasons such as being busy or simply preferring to stay home.",,professional-amaranth,Do you go out on weekdays?,arbitrary,0,shared,1.0
True,disagreement,"Dog takes a clear affirmative stance ('Yes'), arguing that personal events give insight into character. Cat takes a conditional or negative stance ('I'd say it depends', 'otherwise I don't think it natters'), arguing that personal events are only relevant if related to duties.","Dog: ""Yes. It gives insight of ones character"" vs Cat: ""I'd say it depends if the event is related to their political stances or duties of office;otherwise I don't think it natters""",I'd say it depends if the event is related to their political stances or duties of office;otherwise I don't think it natters,3,False,none,"In the post-stance phase, the participants do not acknowledge each other's points. Dog makes a general statement about politician trustworthiness ('Granted the majority...'), while Cat adds an addendum to their own previous argument regarding the timing of events ('also, if it was an old event...'). Cat's use of 'also' suggests a continuation of their own thought rather than a response to Dog, and neither explicitly agrees with the other's subsequent statement.",No common ground was established in the post-stance conversation.,False,No specific new differences were discussed; the participants simply elaborated on their own separate trains of thought without engaging.,"Dog: Granted the majority of public officials cannot be trusted to do what's best for the ones who elected them. The lesser of two evils
Cat: also, if it was an old event, they may nolonger be the same person and it may be irrelevant",False,"Since no common ground was found, there is no surprise to evaluate.",The conversation is very brief and appears to consist of parallel monologues in the post-stance phase. Cat's 'also' likely connects to their own previous message rather than Dog's intervening message.,fine-olive,Should events in politicians' personal lives impact their ability to hold public office?,politics,2,opposing,0.5
True,agreement,Both participants explicitly state that they do not currently work from home in their first messages.,Cat: 'I do not work from home...' / Dog: 'I do not work from home but I wish I did',My job could be done entirely remote so I really wish so too,4,True,related_subtopic,"After establishing they both want to work from home but don't, they discuss the specific difficulties of the current job market regarding remote work (scarcity, fake postings). This is a substantive agreement on a specific aspect of the domain.","They agree that legitimate remote jobs are disappearing or hard to find, and that many current job postings marked as 'remote' are actually scams or clickbait for hybrid roles.",False,,"Dog: ""Work from home jobs are sort of disappearing nowadays which is too bad. The chances of getting one are low now."" / Cat: ""Yeah and all of the postings for 'remote' are either fake, scams, or clickbait for hybrid sadly""",False,"Given that both participants do not work from home but wish they did, it is a predictable progression for them to discuss the barriers (scarcity, scams) preventing them from obtaining such roles.",Participants bonded over shared frustration with the job market.,respectable-black,Do you work from home?,arbitrary,0,shared,1.0
True,disagreement,"Dog states that they answered 'no' regarding regular exercise, while Cat answers 'Yes' and mentions going to the gym 4-5 times a week.","Dog: ""hi, i answered no"" ... Cat: ""Yes. I am going to gym 4-5 times a week.""",Yes. I am going to gym 4-5 times a week. It makes me feel better and keep me in good health. How about ypu?,5,True,same_values,"Despite their different current behaviors (Cat exercises, Dog does not), they share the underlying value and experience that going to the gym makes one feel 'amazing' or 'better'. Dog explicitly validates Cat's ability to exercise as 'great' despite their own inability.","Both participants agree that going to the gym makes a person feel good/amazing, referencing Cat's current experience and Dog's past experience.",True,"Dog elaborates on specific barriers (health, financial issues, chronic pain, bad neighborhood) that prevent them from exercising, contrasting with Cat's active routine.","Cat: ""It makes me feel better and keep me in good health."" ... Dog: ""I used to go to a gym and I used to feel amazing in that time... im haooy you can thugh ita great""",False,It is not surprising that someone who currently cannot exercise due to health issues still values the positive effects of exercise from their past experiences.,"Cat's first message asks 'How about ypu?' despite Dog having already answered, suggesting simultaneous typing. Cat's immediate follow-up ('Do you at least make walks...') acknowledges Dog's negative stance.",limited-scarlet,Do you exercise regularly?,arbitrary,4,opposing,1.0
True,disagreement,"Participants have different statuses regarding the focal question. Cat explicitly states, 'I am not a parent or caregiver,' while Dog states, 'I am a parent.'",Cat: I am not a parent or caregiver... Dog: I am a parent,That's awesome!,8,True,rapport_only,"While they do not share the same identity (parent vs. non-parent) or discover a specific shared value, they maintain a polite and supportive conversation. Cat validates Dog's status ('That's awesome', 'Nice!') and asks interested questions, and Dog responds, establishing rapport without substantive shared ground.",The participants establish a positive rapport where Cat shows interest in Dog's parenting experience despite not being a parent herself.,False,,Cat: How is it being a parent? / Dog: It is awesome / Cat: Thats good! What is the hardest part?,False,It is not surprising that a non-parent would be polite and ask questions about a partner's children in a social conversation.,"Cat attempts to bridge the gap by mentioning past caregiving experience ('I used to be a caregiver for my mom'), but Dog acknowledges it briefly ('Okay, good') without exploring it further, so the conversation remains primarily focused on Dog's parenting via general rapport.",fuzzy-pink,Are you a parent or caregiver?,identity,4,opposing,1.0
True,agreement,"Both participants explicitly state belief in the afterlife. Cat says, 'I definitely believe there's something after death,' and Dog says, 'i think there is an afterlife.'",Cat: I definitely believe there's something after death... / Dog: i think there is an afterlife,absolutely,5,True,related_subtopic,"After agreeing on the existence of an afterlife, they move on to discuss the nature of that existence (incomprehensibility) and the epistemological limits (lack of proof). They explicitly validate each other's views on these nuances.","They share the perspective that while the afterlife exists, its nature is likely incomprehensible to the living and cannot be known for sure.",False,No additional disagreements emerged in the short post-stance discussion.,Cat: Yeah no one can say for sure obviously. / Dog: that's true but I have an inkling that there is something beyond and it is incomprehensible / Cat: Most agree it's impressive and less stressful in their minds.  Yes probably!,False,"Since they started with a strong agreement on the focal question, finding further agreement on the nuanced details (that it is mysterious or incomprehensible) is consistent and predictable.","Cat introduces a new point about the desire for knowledge being 'preyedd upon' at the very end, but the conversation concludes before Dog responds to that specific sub-point.",rising-amber,Do you believe in an afterlife?,religion,0,shared,1.0
True,disagreement,"Dog identifies explicitly as an 'atheist' (disbelieving in a higher power), while Cat expresses belief in 'something' and identifies as 'spiritual' (affirming a higher power, though not the biblical God).","Dog: 'i don't believe in religion, i'm an atheist' ... Cat: 'Im not sure that I believe in God as the bible tells it, but of something'",to each their own,4,True,related_subtopic,"Cat expresses a fear of hell or preference to believe it doesn't exist. Dog, utilizing their atheist perspective ('worm food'), assures Cat that they are 'safe' from hell. They find common ground on the non-existence of hell/eternal punishment.",Both participants agree on the idea that there is no hell to worry about—Cat through preference/spirituality and Dog through materialist atheism.,False,,"Cat: ""Eh, honestly I would rather believe in no hell..."" 
Dog: ""you're safe! we're all just worm food in the end :)""",False,"It is not surprising that an atheist rejects the concept of hell, nor is it surprising that a spiritual-but-not-religious person might reject biblical concepts of punishment. Their convergence on this specific point is consistent with their established identities.","While Dog's 'worm food' comment implies a lack of spirit (which contradicts Cat's 'spiritual' stance), the conversation focuses on the shared comfort that 'no hell' exists, creating rapport rather than conflict.",ideal-white,Do you believe in God or a higher power?,religion,4,opposing,0.0
True,disagreement,"Dog states they do not consider themselves a parent or caregiver (except to a dog), whereas Cat explicitly identifies as a parent and caregiver to children and a dog.",Dog: 'The only way I would consider myself to be a parent or caregiver is with my dog lol... its a no otherwise' vs Cat: 'I am a parent and care giver because I take care of my children and dog',Yeah,8,True,related_subtopic,"Despite their different parental statuses, they find common ground discussing the workload of caregiving. Dog relates to Cat's description of 'preparing breakfast' and meeting needs by citing their own background growing up in a 'big family with pets'.","Dog validates the difficulty of Cat's daily routine by comparing it to their own experience growing up in a large family with pets, expressing respect for the effort involved.",False,,"Cat: Preparing breakfast before work... Take them to work and also make sure that their needs are met
Dog: I bet, I come from a big family with pets so I get all that. Seeing my parents manage all that was pretty impressive",False,It is not surprising that a non-parent would express empathy or understanding for a parent's workload based on their own observations of their family upbringing.,"The 'last_stance_message' is identified as Cat's 'Yeah', which acknowledges Dog's immediate reaction ('That must be a lot') before Cat begins elaborating on specific tasks.",thirsty-amaranth,Are you a parent or caregiver?,identity,4,opposing,1.0
True,agreement,Both participants explicitly stated they plan to vote. Cat said 'Mine was definitely yes' and Dog said 'I plan to vote in the election... answered the most enthusiastic yes'. Dog acknowledged the alignment with 'Perfect. Same answer'.,"Cat: ""Mine was definitely yes."" / Dog: ""I plan to vote in the election... Perfect. Same answer""",Perfect. Same answer,8,True,related_subtopic,"After establishing they both plan to vote, they discuss specific reasons and contexts. Cat introduces the value of 'everyone has a voice', and Dog introduces the subtopic of 'local elections'. Cat explicitly validates and adopts the local elections point, sharing a personal trajectory of growing to value them.",They found shared ground on the importance of local elections affecting the community and the general value of ensuring everyone has a voice. They also bonded over the difficulty of answering complex political questions with simple yes/no options.,False,No disagreements emerged in the post-stance conversation.,"Dog: ""Absolutely agree. Especially with local elections that affect your community"" / Cat: ""I agree about local elections. Honestly, I didn't used to pay much attention to local elections, but the older I get the more I realize they are important.""",False,It is not surprising that two individuals who are 'enthusiastic' about voting would also agree on the importance of local elections and the democratic principle of having a voice.,Participants also established rapport regarding the study design (meta-talk about the survey questions).,key-magenta,Are you going to vote in the next election?,politics,0,shared,1.0
True,agreement,"Cat initially states that people are 'Probably' innately good, and Dog agrees saying 'That's about my conclusion'. Although Cat immediately adds a caveat ('But some people are just evil'), the initial exchange establishes a shared leaning toward the idea that people are not born evil.",Cat: Probably / Dog: That's about my conclusion,It's all software,15,True,related_subtopic,"While arguing about whether 'evil' behavior is learned or innate, they explicitly agree on the moral judgment of a specific subtopic (pedophilia). Cat asserts it is 'inherently wrong' and Dog explicitly agrees.","Both participants agree that pedophilia is inherently wrong, despite disagreeing on whether the behavior is learned or innate.",True,"They disagree on the mechanism of evil behavior. Dog argues it is 'learned' (software/trauma), while Cat challenges this logic using analogies to homosexuality (implying some things are innate) and asserts 'I can't learn to be a pedo', suggesting an innate component.",Cat: Being a pedo is inherently wrong / Dog: I don't disagree / Cat: I can't learn to be a pedo / Dog: The research disagrees with you,False,It is not surprising that two participants who agree people are generally good would also agree that pedophilia is wrong. This is a widely held social norm and aligns with their general moral outlooks.,The conversation shifts from general agreement on the focal topic to a sharp debate on the nature-vs-nurture mechanisms behind specific immoral acts.,dramatic-amber,Are people innately good?,morality,0,shared,0.5
True,agreement,Cat asks the focal question. Dog responds that stealing can be justified in cases of necessity. Cat explicitly responds with 'I agree'.,"Dog: I think stealing can be justified in cases where people are denied basic necessities... 
Cat: I agree",Cat: I agree,3,False,none,"In the post-stance phase, Cat elaborates slightly on the agreement ('gray area') and Dog elaborates with sociological reasoning ('unjust laws', 'inequity'). However, Cat does not respond to Dog's specific points about laws or inequity. Thus, while Dog shares values, there is no interactive 'discovery' or confirmation of these specific shared values or related subtopics between the two participants beyond the initial agreement.",None,False,No differences emerged; the conversation was short and aligned.,Dog: Inequity exists in our societal structures and stealign is a natural response to that I think,False,No new common ground was established in the post-stance phase to analyze for surprise.,"The conversation is brief, consisting mostly of the initial agreement and immediate elaboration by Dog without further back-and-forth.",joyous-salmon,Can stealing ever be justified?,morality,0,shared,1.0
True,disagreement,"Dog expresses strong enthusiasm for family time ('love', 'look forward to'), while Cat expresses a conditional and limited enjoyment ('sometimes', 'only tolerate... certain amount of time').","Dog: ""I love spending time with my family..."" Cat: ""I enjoy spending time with my family sometimes... I can only tolerate them for a certain amount of time.""",I can only tolerate them for a certain amount of time.,8,True,related_subtopic,"Participants clarify which part of the family causes the negative feelings. Cat specifies 'extended family', and Dog aligns with this specific sentiment despite their general positive stance.",They discovered they both share a lack of patience or limited tolerance specifically for their extended families.,False,No additional differences were discovered; the conversation focused on resolving the initial difference by finding the shared exception (extended family) and then discussing positive activities.,"Cat: My extended family.
Dog: Oh okay I feel the same way with my extended family",True,"Given the initial strong disagreement (Love vs. Tolerate), it is surprising that Dog immediately validated Cat's negative feelings and identified a specific subset (extended family) where they completely agreed.","The conversation flow is slightly interleaved; Dog's reaction ('I understand that') appears after Cat initiates a new question ('What do you like to do?'), but clearly addresses the stance. The analysis separates the headline stance from the subsequent clarification and convergence.",professional-beige,Do you enjoy spending time with your family?,background,1,shared,0.0
True,agreement,"Both participants state that their preference 'depends' (Dog: 'on my mood', Cat: 'it depends') and explicitly confirm their alignment with comments like 'that's what i just said', 'same', and 'same same'.",Dog: hi it depends on my mood ... Cat: same ... Dog: same same,ye,12,False,none,"While the participants briefly touch on the subtopic of movie sequels, they do not establish a shared perspective (Cat likes them; Dog thinks they usually aren't as good). The conversation then pivots to Dog admitting boredom, which Cat does not share. The final exchange is merely polite repair ('sorry', 'its ok') rather than establishing common ground.",No substantive common ground was found.,True,"A difference in perspective on movie sequels emerged (Cat likes 'part 2', Dog is skeptical). Additionally, a difference in their immediate experience of the task appeared: Dog admitted to being bored, while Cat stated they were not.","Cat: i like when some good movies have a part 2
Dog: usually the part 2 isn't as good",False,The lack of common ground is not surprising given the minimal effort in the initial stance phase ('it depends') and the subsequent admission of boredom by one participant.,The conversation effectively ends with a disconnection where one partner is bored.,nutty-apricot,Do you prefer TV shows over movies?,preferences,0,shared,1.0
True,agreement,"Both participants explicitly state a positive disposition toward the topic. Cat states 'I love reading' and Dog responds 'I also like to read', indicating shared interest.","Cat: ""I love reading but I don't spend as much time as I'd like reading"" / Dog: ""I also like to read. I wish I had more time to do so.""",I also like to read. I wish I had more time to do so.,10,True,related_subtopic,"After establishing they both like reading but lack time, they discover they both substitute books with online articles and share a specific habit of reading Reddit threads.",Both participants share a habit of reading online articles and Reddit threads instead of books due to time constraints.,True,"They differ on genre preferences within the history domain: Cat prefers factual history and disliked the historical fiction series 'Outlander' due to inaccuracies, whereas Dog likes historical fiction and wanted to read that specific series.","Dog: ""I'm similar. I read articles online or social media threads on Reddit and they can take up time."" / Cat: ""Yes! I'm addicted to Reddit!"" / Dog: ""Reddit is certainly addictive haha""",False,"It is not surprising that two people who enjoy reading but complain about a lack of time would both gravitate towards shorter, digital reading formats like articles or social media/Reddit.",Participants bonded quickly over the specific barrier to their hobby (Reddit/articles) rather than the hobby itself (books).,abstract-blue,Do you enjoy reading?,preferences,0,shared,1.0
