group_id,time_bin,focal_stance_revealed,stance_in_this_window,initial_alignment,post_stance_differences,time_seconds,matchedQuestion,matchedDomain,matchedTolerance,stance,pct_expect_commonality,post_stance_shared_reality,post_stance_shared_reality_agree_count,post_stance_shared_reality_confidence,post_stance_topic_scope,post_stance_topic_scope_agree_count,post_stance_topic_scope_confidence,post_stance_inner_state_dimension,post_stance_inner_state_dimension_agree_count,post_stance_inner_state_dimension_confidence,conversational_goal,conversational_goal_agree_count,conversational_goal_confidence
abstract-blue,0,False,False,not_discussed,False,15,Do you enjoy reading?,preferences,0,shared,1.0,False,3,unanimous,none,3,unanimous,none,3,unanimous,rapport_building,3,unanimous
abstract-blue,1,False,False,not_discussed,False,30,Do you enjoy reading?,preferences,0,shared,1.0,False,3,unanimous,none,3,unanimous,none,3,unanimous,stance_sharing,3,unanimous
abstract-blue,2,False,False,not_discussed,False,45,Do you enjoy reading?,preferences,0,shared,1.0,False,3,unanimous,none,3,unanimous,none,3,unanimous,rapport_building,3,unanimous
abstract-blue,3,True,True,agreement,False,60,Do you enjoy reading?,preferences,0,shared,1.0,True,3,unanimous,same_values,3,unanimous,shared_feelings,3,unanimous,stance_sharing,3,unanimous
abstract-blue,4,True,False,agreement,False,75,Do you enjoy reading?,preferences,0,shared,1.0,False,3,unanimous,none,3,unanimous,none,3,unanimous,sharing_experience,3,unanimous
abstract-blue,5,True,False,agreement,False,90,Do you enjoy reading?,preferences,0,shared,1.0,False,3,unanimous,none,3,unanimous,none,3,unanimous,perspective_seeking,3,unanimous
abstract-blue,7,True,False,agreement,False,120,Do you enjoy reading?,preferences,0,shared,1.0,True,3,unanimous,related_subtopic,3,unanimous,shared_thoughts,3,unanimous,finding_commonality,3,unanimous
abstract-blue,8,True,False,agreement,False,135,Do you enjoy reading?,preferences,0,shared,1.0,True,3,unanimous,related_subtopic,3,unanimous,shared_thoughts,2,majority,finding_commonality,3,unanimous
abstract-blue,9,True,False,agreement,False,150,Do you enjoy reading?,preferences,0,shared,1.0,True,3,unanimous,related_subtopic,3,unanimous,shared_thoughts,3,unanimous,finding_commonality,3,unanimous
abstract-blue,11,True,False,agreement,True,180,Do you enjoy reading?,preferences,0,shared,1.0,False,3,unanimous,none,3,unanimous,none,3,unanimous,sharing_experience,2,majority
abstract-blue,12,True,False,agreement,False,195,Do you enjoy reading?,preferences,0,shared,1.0,False,3,unanimous,none,3,unanimous,none,3,unanimous,stance_sharing,3,unanimous
actual-pink,0,False,False,not_discussed,False,15,Are you a spiritual person?,religion,0,shared,1.0,False,3,unanimous,none,3,unanimous,none,3,unanimous,rapport_building,3,unanimous
actual-pink,1,False,False,unclear,False,30,Are you a spiritual person?,religion,0,shared,1.0,False,3,unanimous,none,3,unanimous,none,3,unanimous,stance_sharing,2,majority
actual-pink,2,False,False,not_discussed,False,45,Are you a spiritual person?,religion,0,shared,1.0,False,3,unanimous,none,3,unanimous,none,3,unanimous,perspective_seeking,3,unanimous
actual-pink,3,True,True,agreement,False,60,Are you a spiritual person?,religion,0,shared,1.0,True,3,unanimous,same_values,3,unanimous,shared_beliefs,3,unanimous,stance_sharing,3,unanimous
actual-pink,5,True,False,agreement,False,90,Are you a spiritual person?,religion,0,shared,1.0,True,3,unanimous,same_values,3,unanimous,shared_beliefs,3,unanimous,sharing_experience,2,majority
actual-pink,6,True,False,agreement,False,105,Are you a spiritual person?,religion,0,shared,1.0,True,3,unanimous,same_values,3,unanimous,shared_beliefs,3,unanimous,finding_commonality,3,unanimous
actual-pink,7,True,False,agreement,False,120,Are you a spiritual person?,religion,0,shared,1.0,False,3,unanimous,none,3,unanimous,none,3,unanimous,exploring_nuance,3,unanimous
actual-pink,8,True,False,agreement,False,135,Are you a spiritual person?,religion,0,shared,1.0,False,3,unanimous,none,3,unanimous,none,3,unanimous,perspective_seeking,3,unanimous
actual-pink,10,True,False,agreement,False,165,Are you a spiritual person?,religion,0,shared,1.0,False,3,unanimous,none,3,unanimous,none,3,unanimous,sharing_experience,2,majority
actual-pink,11,True,False,agreement,False,180,Are you a spiritual person?,religion,0,shared,1.0,False,3,unanimous,rapport_only,3,unanimous,none,3,unanimous,rapport_building,3,unanimous
actual-pink,12,True,False,agreement,False,195,Are you a spiritual person?,religion,0,shared,1.0,False,3,unanimous,rapport_only,3,unanimous,none,3,unanimous,rapport_building,3,unanimous
additional-olive,0,False,False,not_discussed,False,15,Do you eat breakfast?,arbitrary,0,shared,1.0,False,3,unanimous,none,3,unanimous,none,3,unanimous,rapport_building,3,unanimous
additional-olive,1,False,False,not_discussed,False,30,Do you eat breakfast?,arbitrary,0,shared,1.0,False,3,unanimous,none,3,unanimous,none,3,unanimous,rapport_building,3,unanimous
additional-olive,2,False,False,not_discussed,False,45,Do you eat breakfast?,arbitrary,0,shared,1.0,False,3,unanimous,none,3,unanimous,none,3,unanimous,rapport_building,3,unanimous
additional-olive,3,False,False,not_discussed,False,60,Do you eat breakfast?,arbitrary,0,shared,1.0,False,3,unanimous,none,3,unanimous,none,3,unanimous,perspective_seeking,3,unanimous
additional-olive,4,False,False,not_discussed,False,75,Do you eat breakfast?,arbitrary,0,shared,1.0,False,3,unanimous,none,3,unanimous,none,3,unanimous,stance_sharing,3,unanimous
additional-olive,6,True,True,agreement,False,105,Do you eat breakfast?,arbitrary,0,shared,1.0,True,3,unanimous,same_values,3,unanimous,shared_thoughts,3,unanimous,stance_sharing,3,unanimous
additional-olive,7,True,False,agreement,False,120,Do you eat breakfast?,arbitrary,0,shared,1.0,False,3,unanimous,none,3,unanimous,none,3,unanimous,perspective_seeking,3,unanimous
additional-olive,9,True,False,agreement,False,150,Do you eat breakfast?,arbitrary,0,shared,1.0,False,3,unanimous,rapport_only,3,unanimous,none,3,unanimous,sharing_experience,3,unanimous
additional-olive,10,True,False,agreement,False,165,Do you eat breakfast?,arbitrary,0,shared,1.0,False,3,unanimous,none,3,unanimous,none,3,unanimous,sharing_experience,2,majority
additional-olive,11,True,False,agreement,False,180,Do you eat breakfast?,arbitrary,0,shared,1.0,False,3,unanimous,rapport_only,3,unanimous,none,3,unanimous,rapport_building,3,unanimous
aggregate-emerald,2,False,False,unclear,False,45,Do you feel like an outsider in your local community?,identity,0,shared,1.0,False,3,unanimous,none,3,unanimous,none,3,unanimous,stance_sharing,3,unanimous
aggregate-emerald,5,True,True,agreement,False,90,Do you feel like an outsider in your local community?,identity,0,shared,1.0,True,3,unanimous,same_values,3,unanimous,shared_feelings,3,unanimous,stance_sharing,2,majority
aggregate-emerald,8,True,False,agreement,False,135,Do you feel like an outsider in your local community?,identity,0,shared,1.0,True,3,unanimous,same_values,2,majority,shared_thoughts,3,unanimous,sharing_experience,3,unanimous
aggregate-emerald,10,True,False,agreement,False,165,Do you feel like an outsider in your local community?,identity,0,shared,1.0,True,3,unanimous,same_values,3,unanimous,shared_thoughts,3,unanimous,finding_commonality,3,unanimous
aggregate-emerald,11,True,False,agreement,False,180,Do you feel like an outsider in your local community?,identity,0,shared,1.0,True,2,majority,same_values,2,majority,shared_beliefs,2,majority,exploring_nuance,2,majority
aggregate-emerald,12,True,False,agreement,False,195,Do you feel like an outsider in your local community?,identity,0,shared,1.0,True,3,unanimous,related_subtopic,2,majority,shared_beliefs,3,unanimous,finding_commonality,3,unanimous
aggregate-indigo,0,False,False,not_discussed,False,15,Do you exercise regularly?,arbitrary,4,opposing,0.5,False,3,unanimous,none,3,unanimous,none,3,unanimous,perspective_seeking,3,unanimous
aggregate-indigo,1,False,False,unclear,False,30,Do you exercise regularly?,arbitrary,4,opposing,0.5,False,3,unanimous,none,3,unanimous,none,3,unanimous,stance_sharing,3,unanimous
aggregate-indigo,3,True,True,disagreement,True,60,Do you exercise regularly?,arbitrary,4,opposing,0.5,False,3,unanimous,none,3,unanimous,none,3,unanimous,stance_sharing,3,unanimous
aggregate-indigo,4,True,False,disagreement,False,75,Do you exercise regularly?,arbitrary,4,opposing,0.5,False,3,unanimous,none,3,unanimous,none,3,unanimous,perspective_seeking,3,unanimous
aggregate-indigo,7,True,False,disagreement,False,120,Do you exercise regularly?,arbitrary,4,opposing,0.5,False,3,unanimous,none,3,unanimous,none,3,unanimous,sharing_experience,3,unanimous
aggregate-indigo,10,True,False,disagreement,False,165,Do you exercise regularly?,arbitrary,4,opposing,0.5,True,3,unanimous,related_subtopic,3,unanimous,shared_thoughts,3,unanimous,other,2,majority
alright-silver,1,False,False,not_discussed,False,30,Do you live in a city?,background,4,opposing,1.0,False,3,unanimous,none,3,unanimous,none,3,unanimous,perspective_seeking,3,unanimous
alright-silver,4,False,False,not_discussed,False,75,Do you live in a city?,background,4,opposing,1.0,False,3,unanimous,none,3,unanimous,none,3,unanimous,stance_sharing,3,unanimous
alright-silver,6,False,False,unclear,False,105,Do you live in a city?,background,4,opposing,1.0,False,3,unanimous,none,3,unanimous,none,3,unanimous,finding_commonality,3,unanimous
alright-silver,7,True,False,unclear,False,120,Do you live in a city?,background,4,opposing,1.0,False,3,unanimous,rapport_only,3,unanimous,none,3,unanimous,rapport_building,3,unanimous
alright-silver,9,True,False,unclear,False,150,Do you live in a city?,background,4,opposing,1.0,False,3,unanimous,none,2,majority,none,3,unanimous,rapport_building,3,unanimous
alright-silver,10,False,False,unclear,False,165,Do you live in a city?,background,4,opposing,1.0,False,3,unanimous,rapport_only,2,majority,none,3,unanimous,rapport_building,3,unanimous
alternative-scarlet,0,False,False,not_discussed,False,15,Do you regularly attend religious services?,religion,4,opposing,0.5,False,3,unanimous,none,3,unanimous,none,3,unanimous,rapport_building,3,unanimous
alternative-scarlet,1,False,False,not_discussed,False,30,Do you regularly attend religious services?,religion,4,opposing,0.5,False,3,unanimous,none,3,unanimous,none,3,unanimous,rapport_building,3,unanimous
alternative-scarlet,2,False,False,not_discussed,False,45,Do you regularly attend religious services?,religion,4,opposing,0.5,False,3,unanimous,none,3,unanimous,none,3,unanimous,perspective_seeking,3,unanimous
alternative-scarlet,3,False,False,unclear,False,60,Do you regularly attend religious services?,religion,4,opposing,0.5,False,3,unanimous,none,3,unanimous,none,3,unanimous,stance_sharing,3,unanimous
alternative-scarlet,5,True,True,disagreement,True,90,Do you regularly attend religious services?,religion,4,opposing,0.5,False,3,unanimous,none,3,unanimous,none,3,unanimous,stance_sharing,3,unanimous
alternative-scarlet,6,True,False,disagreement,False,105,Do you regularly attend religious services?,religion,4,opposing,0.5,False,3,unanimous,none,3,unanimous,none,3,unanimous,perspective_seeking,3,unanimous
alternative-scarlet,7,True,False,disagreement,False,120,Do you regularly attend religious services?,religion,4,opposing,0.5,False,3,unanimous,none,3,unanimous,none,3,unanimous,stance_sharing,3,unanimous
alternative-scarlet,9,True,False,disagreement,False,150,Do you regularly attend religious services?,religion,4,opposing,0.5,False,3,unanimous,none,3,unanimous,none,3,unanimous,perspective_seeking,3,unanimous
alternative-scarlet,11,True,False,disagreement,True,180,Do you regularly attend religious services?,religion,4,opposing,0.5,False,3,unanimous,none,3,unanimous,none,3,unanimous,stance_sharing,3,unanimous
annoyed-lavender,0,False,False,not_discussed,False,15,Do you work from home?,arbitrary,4,opposing,0.5,False,3,unanimous,none,3,unanimous,none,3,unanimous,stance_sharing,3,unanimous
annoyed-lavender,1,True,True,agreement,False,30,Do you work from home?,arbitrary,4,opposing,0.5,False,2,majority,none,2,majority,none,2,majority,stance_sharing,3,unanimous
annoyed-lavender,2,True,False,agreement,False,45,Do you work from home?,arbitrary,4,opposing,0.5,False,3,unanimous,rapport_only,3,unanimous,none,3,unanimous,rapport_building,3,unanimous
annoyed-lavender,3,True,False,agreement,False,60,Do you work from home?,arbitrary,4,opposing,0.5,True,3,unanimous,same_values,2,majority,shared_feelings,3,unanimous,stance_sharing,3,unanimous
annoyed-lavender,4,True,False,agreement,False,75,Do you work from home?,arbitrary,4,opposing,0.5,False,3,unanimous,none,3,unanimous,none,3,unanimous,perspective_seeking,3,unanimous
annoyed-lavender,9,True,False,agreement,False,150,Do you work from home?,arbitrary,4,opposing,0.5,False,3,unanimous,none,3,unanimous,none,3,unanimous,stance_sharing,3,unanimous
annoyed-lavender,12,True,False,agreement,False,195,Do you work from home?,arbitrary,4,opposing,0.5,True,3,unanimous,related_subtopic,3,unanimous,shared_thoughts,3,unanimous,finding_commonality,3,unanimous
anonymous-white,0,False,False,not_discussed,False,15,Do you attend live music concerts?,preferences,0,shared,1.0,False,3,unanimous,none,3,unanimous,none,3,unanimous,rapport_building,3,unanimous
anonymous-white,1,True,True,agreement,False,30,Do you attend live music concerts?,preferences,0,shared,1.0,True,3,unanimous,same_values,3,unanimous,shared_feelings,3,unanimous,stance_sharing,3,unanimous
anonymous-white,2,True,False,agreement,False,45,Do you attend live music concerts?,preferences,0,shared,1.0,False,3,unanimous,none,3,unanimous,none,3,unanimous,perspective_seeking,3,unanimous
anonymous-white,3,True,False,agreement,False,60,Do you attend live music concerts?,preferences,0,shared,1.0,True,3,unanimous,related_subtopic,3,unanimous,shared_feelings,3,unanimous,sharing_experience,2,majority
anonymous-white,4,True,False,agreement,False,75,Do you attend live music concerts?,preferences,0,shared,1.0,False,3,unanimous,rapport_only,2,majority,none,3,unanimous,perspective_seeking,2,majority
anonymous-white,6,True,False,agreement,False,105,Do you attend live music concerts?,preferences,0,shared,1.0,False,3,unanimous,none,3,unanimous,none,3,unanimous,perspective_seeking,3,unanimous
anonymous-white,7,True,False,agreement,False,120,Do you attend live music concerts?,preferences,0,shared,1.0,False,3,unanimous,none,3,unanimous,none,3,unanimous,stance_sharing,3,unanimous
anonymous-white,8,True,False,agreement,False,135,Do you attend live music concerts?,preferences,0,shared,1.0,True,3,unanimous,related_subtopic,3,unanimous,shared_thoughts,3,unanimous,finding_commonality,3,unanimous
anonymous-white,9,True,False,agreement,False,150,Do you attend live music concerts?,preferences,0,shared,1.0,True,3,unanimous,related_subtopic,3,unanimous,shared_thoughts,3,unanimous,sharing_experience,3,unanimous
anonymous-white,10,True,False,agreement,False,165,Do you attend live music concerts?,preferences,0,shared,1.0,True,3,unanimous,related_subtopic,3,unanimous,shared_feelings,2,majority,sharing_experience,3,unanimous
anonymous-white,11,True,False,agreement,False,180,Do you attend live music concerts?,preferences,0,shared,1.0,True,3,unanimous,related_subtopic,3,unanimous,shared_thoughts,3,unanimous,finding_commonality,3,unanimous
appalling-green,1,False,False,not_discussed,False,30,Do you attend live music concerts?,preferences,4,opposing,0.5,False,3,unanimous,none,3,unanimous,none,3,unanimous,stance_sharing,3,unanimous
appalling-green,2,True,True,agreement,False,45,Do you attend live music concerts?,preferences,4,opposing,0.5,True,3,unanimous,related_subtopic,2,majority,shared_thoughts,3,unanimous,stance_sharing,3,unanimous
appalling-green,3,True,False,agreement,False,60,Do you attend live music concerts?,preferences,4,opposing,0.5,False,3,unanimous,none,3,unanimous,none,3,unanimous,sharing_experience,3,unanimous
appalling-green,5,True,False,agreement,True,90,Do you attend live music concerts?,preferences,4,opposing,0.5,False,3,unanimous,none,3,unanimous,none,3,unanimous,persuading,3,unanimous
appalling-green,6,True,False,agreement,False,105,Do you attend live music concerts?,preferences,4,opposing,0.5,True,3,unanimous,related_subtopic,3,unanimous,shared_thoughts,3,unanimous,exploring_nuance,2,majority
appalling-green,7,True,False,agreement,False,120,Do you attend live music concerts?,preferences,4,opposing,0.5,False,3,unanimous,none,3,unanimous,none,3,unanimous,exploring_nuance,1,no_consensus
appalling-green,8,True,False,agreement,False,135,Do you attend live music concerts?,preferences,4,opposing,0.5,False,3,unanimous,none,3,unanimous,none,3,unanimous,stance_sharing,3,unanimous
appalling-green,9,True,False,agreement,False,150,Do you attend live music concerts?,preferences,4,opposing,0.5,False,3,unanimous,none,3,unanimous,none,3,unanimous,sharing_experience,2,majority
appalling-green,10,True,False,agreement,False,165,Do you attend live music concerts?,preferences,4,opposing,0.5,False,3,unanimous,none,3,unanimous,none,3,unanimous,stance_sharing,2,majority
appalling-green,11,True,False,agreement,False,180,Do you attend live music concerts?,preferences,4,opposing,0.5,False,3,unanimous,none,3,unanimous,none,3,unanimous,sharing_experience,2,majority
apparent-aqua,2,False,False,not_discussed,False,45,Should events in politicians' personal lives impact their ability to hold public office?,politics,0,shared,0.5,False,3,unanimous,none,3,unanimous,none,3,unanimous,stance_sharing,3,unanimous
apparent-aqua,3,True,True,disagreement,False,60,Should events in politicians' personal lives impact their ability to hold public office?,politics,0,shared,0.5,False,3,unanimous,none,3,unanimous,none,3,unanimous,stance_sharing,3,unanimous
apparent-aqua,4,True,False,disagreement,False,75,Should events in politicians' personal lives impact their ability to hold public office?,politics,0,shared,0.5,False,3,unanimous,none,3,unanimous,none,3,unanimous,exploring_nuance,3,unanimous
apparent-aqua,5,True,False,unclear,False,90,Should events in politicians' personal lives impact their ability to hold public office?,politics,0,shared,0.5,False,3,unanimous,none,3,unanimous,none,3,unanimous,sharing_experience,3,unanimous
apparent-aqua,6,True,False,disagreement,False,105,Should events in politicians' personal lives impact their ability to hold public office?,politics,0,shared,0.5,False,3,unanimous,none,3,unanimous,none,3,unanimous,other,3,unanimous
apparent-aqua,8,True,False,unclear,False,135,Should events in politicians' personal lives impact their ability to hold public office?,politics,0,shared,0.5,False,3,unanimous,none,3,unanimous,none,3,unanimous,stance_sharing,2,majority
apparent-aqua,9,True,False,unclear,False,150,Should events in politicians' personal lives impact their ability to hold public office?,politics,0,shared,0.5,False,3,unanimous,none,3,unanimous,none,3,unanimous,exploring_nuance,3,unanimous
apparent-aqua,11,True,False,unclear,False,180,Should events in politicians' personal lives impact their ability to hold public office?,politics,0,shared,0.5,False,3,unanimous,none,3,unanimous,none,3,unanimous,stance_sharing,3,unanimous
appropriate-emerald,0,False,False,not_discussed,False,15,Do you identify as the gender which you were assigned at birth?,identity,0,shared,1.0,False,3,unanimous,none,3,unanimous,none,3,unanimous,rapport_building,3,unanimous
appropriate-emerald,1,False,False,not_discussed,False,30,Do you identify as the gender which you were assigned at birth?,identity,0,shared,1.0,False,3,unanimous,none,3,unanimous,none,3,unanimous,rapport_building,3,unanimous
appropriate-emerald,2,False,False,not_discussed,False,45,Do you identify as the gender which you were assigned at birth?,identity,0,shared,1.0,False,3,unanimous,none,3,unanimous,none,3,unanimous,stance_sharing,3,unanimous
appropriate-emerald,3,True,True,agreement,False,60,Do you identify as the gender which you were assigned at birth?,identity,0,shared,1.0,True,3,unanimous,same_values,3,unanimous,shared_thoughts,3,unanimous,stance_sharing,3,unanimous
appropriate-emerald,7,True,False,agreement,False,120,Do you identify as the gender which you were assigned at birth?,identity,0,shared,1.0,False,3,unanimous,none,3,unanimous,none,3,unanimous,exploring_nuance,3,unanimous
appropriate-emerald,10,True,False,agreement,False,165,Do you identify as the gender which you were assigned at birth?,identity,0,shared,1.0,True,3,unanimous,same_values,3,unanimous,shared_beliefs,3,unanimous,finding_commonality,3,unanimous
appropriate-emerald,11,True,False,agreement,False,180,Do you identify as the gender which you were assigned at birth?,identity,0,shared,1.0,True,3,unanimous,same_values,3,unanimous,shared_beliefs,3,unanimous,stance_sharing,3,unanimous
architectural-coral,2,False,False,not_discussed,False,45,Do you identify as the gender which you were assigned at birth?,identity,0,shared,1.0,False,3,unanimous,none,3,unanimous,none,3,unanimous,stance_sharing,3,unanimous
architectural-coral,3,True,True,agreement,False,60,Do you identify as the gender which you were assigned at birth?,identity,0,shared,1.0,True,3,unanimous,same_values,3,unanimous,shared_thoughts,3,unanimous,stance_sharing,3,unanimous
architectural-coral,4,True,False,agreement,False,75,Do you identify as the gender which you were assigned at birth?,identity,0,shared,1.0,False,3,unanimous,none,3,unanimous,none,3,unanimous,other,3,unanimous
architectural-coral,7,True,False,agreement,False,120,Do you identify as the gender which you were assigned at birth?,identity,0,shared,1.0,True,3,unanimous,same_values,3,unanimous,shared_thoughts,2,majority,sharing_experience,3,unanimous
architectural-coral,8,True,False,agreement,False,135,Do you identify as the gender which you were assigned at birth?,identity,0,shared,1.0,True,3,unanimous,same_values,3,unanimous,shared_thoughts,3,unanimous,exploring_nuance,3,unanimous
architectural-coral,11,True,False,agreement,False,180,Do you identify as the gender which you were assigned at birth?,identity,0,shared,1.0,True,3,unanimous,related_subtopic,3,unanimous,shared_thoughts,3,unanimous,exploring_nuance,3,unanimous
associated-harlequin,0,False,False,not_discussed,False,15,Do you believe in God or a higher power?,religion,0,shared,1.0,False,3,unanimous,none,3,unanimous,none,3,unanimous,rapport_building,3,unanimous
associated-harlequin,1,True,True,agreement,False,30,Do you believe in God or a higher power?,religion,0,shared,1.0,True,3,unanimous,same_values,3,unanimous,shared_beliefs,3,unanimous,stance_sharing,3,unanimous
associated-harlequin,2,True,False,agreement,False,45,Do you believe in God or a higher power?,religion,0,shared,1.0,False,3,unanimous,none,3,unanimous,none,3,unanimous,perspective_seeking,3,unanimous
associated-harlequin,3,True,False,agreement,False,60,Do you believe in God or a higher power?,religion,0,shared,1.0,False,3,unanimous,none,3,unanimous,none,3,unanimous,sharing_experience,3,unanimous
associated-harlequin,4,True,False,agreement,False,75,Do you believe in God or a higher power?,religion,0,shared,1.0,False,3,unanimous,rapport_only,3,unanimous,none,3,unanimous,rapport_building,3,unanimous
associated-harlequin,5,True,False,agreement,False,90,Do you believe in God or a higher power?,religion,0,shared,1.0,True,2,majority,related_subtopic,2,majority,shared_thoughts,2,majority,finding_commonality,2,majority
associated-harlequin,6,True,False,agreement,False,105,Do you believe in God or a higher power?,religion,0,shared,1.0,True,2,majority,related_subtopic,2,majority,shared_thoughts,2,majority,rapport_building,3,unanimous
associated-harlequin,8,True,False,agreement,False,135,Do you believe in God or a higher power?,religion,0,shared,1.0,False,3,unanimous,rapport_only,2,majority,none,3,unanimous,rapport_building,3,unanimous
associated-harlequin,10,True,False,agreement,False,165,Do you believe in God or a higher power?,religion,0,shared,1.0,False,3,unanimous,rapport_only,3,unanimous,none,3,unanimous,rapport_building,3,unanimous
associated-harlequin,11,True,False,agreement,False,180,Do you believe in God or a higher power?,religion,0,shared,1.0,False,3,unanimous,rapport_only,3,unanimous,none,3,unanimous,rapport_building,3,unanimous
awful-violet,1,False,False,unclear,False,30,Do you identify as the gender which you were assigned at birth?,identity,4,opposing,1.0,False,3,unanimous,none,3,unanimous,none,3,unanimous,stance_sharing,3,unanimous
awful-violet,2,True,True,agreement,False,45,Do you identify as the gender which you were assigned at birth?,identity,4,opposing,1.0,True,2,majority,same_values,2,majority,shared_beliefs,2,majority,stance_sharing,3,unanimous
awful-violet,4,True,False,agreement,False,75,Do you identify as the gender which you were assigned at birth?,identity,4,opposing,1.0,False,3,unanimous,none,3,unanimous,none,3,unanimous,perspective_seeking,3,unanimous
awful-violet,6,True,False,agreement,False,105,Do you identify as the gender which you were assigned at birth?,identity,4,opposing,1.0,False,3,unanimous,none,3,unanimous,none,3,unanimous,stance_sharing,3,unanimous
bare-rose,0,False,False,not_discussed,False,15,Do you live in a city?,background,0,shared,0.5,False,3,unanimous,none,3,unanimous,none,3,unanimous,rapport_building,3,unanimous
bare-rose,1,False,False,not_discussed,False,30,Do you live in a city?,background,0,shared,0.5,False,3,unanimous,none,3,unanimous,none,3,unanimous,perspective_seeking,3,unanimous
bare-rose,3,False,False,not_discussed,False,60,Do you live in a city?,background,0,shared,0.5,False,3,unanimous,none,3,unanimous,none,3,unanimous,stance_sharing,3,unanimous
bare-rose,4,True,True,unclear,False,75,Do you live in a city?,background,0,shared,0.5,False,3,unanimous,none,3,unanimous,none,3,unanimous,stance_sharing,3,unanimous
bare-rose,5,True,False,agreement,False,90,Do you live in a city?,background,0,shared,0.5,False,3,unanimous,none,3,unanimous,none,3,unanimous,sharing_experience,2,majority
bare-rose,6,True,False,disagreement,False,105,Do you live in a city?,background,0,shared,0.5,True,3,unanimous,related_subtopic,3,unanimous,shared_feelings,3,unanimous,finding_commonality,3,unanimous
bare-rose,7,True,False,disagreement,False,120,Do you live in a city?,background,0,shared,0.5,True,3,unanimous,related_subtopic,3,unanimous,shared_thoughts,3,unanimous,sharing_experience,3,unanimous
bare-rose,8,True,False,disagreement,True,135,Do you live in a city?,background,0,shared,0.5,False,3,unanimous,none,3,unanimous,none,3,unanimous,sharing_experience,2,majority
bare-rose,9,True,False,disagreement,False,150,Do you live in a city?,background,0,shared,0.5,False,3,unanimous,rapport_only,3,unanimous,none,3,unanimous,sharing_experience,3,unanimous
bare-rose,11,True,False,disagreement,False,180,Do you live in a city?,background,0,shared,0.5,True,3,unanimous,related_subtopic,3,unanimous,shared_thoughts,3,unanimous,sharing_experience,3,unanimous
beautiful-red,0,False,False,not_discussed,False,15,Do you enjoy museums?,preferences,1,shared,1.0,False,3,unanimous,none,3,unanimous,none,3,unanimous,rapport_building,3,unanimous
beautiful-red,1,False,False,unclear,False,30,Do you enjoy museums?,preferences,1,shared,1.0,False,3,unanimous,none,3,unanimous,none,3,unanimous,perspective_seeking,3,unanimous
beautiful-red,2,True,True,agreement,False,45,Do you enjoy museums?,preferences,1,shared,1.0,True,3,unanimous,same_values,3,unanimous,shared_feelings,3,unanimous,stance_sharing,3,unanimous
beautiful-red,4,True,False,agreement,False,75,Do you enjoy museums?,preferences,1,shared,1.0,False,3,unanimous,none,3,unanimous,none,3,unanimous,sharing_experience,3,unanimous
beautiful-red,5,True,False,agreement,False,90,Do you enjoy museums?,preferences,1,shared,1.0,False,3,unanimous,none,3,unanimous,none,3,unanimous,perspective_seeking,3,unanimous
beautiful-red,7,True,False,agreement,False,120,Do you enjoy museums?,preferences,1,shared,1.0,False,3,unanimous,rapport_only,3,unanimous,none,3,unanimous,rapport_building,3,unanimous
beautiful-red,9,True,False,agreement,False,150,Do you enjoy museums?,preferences,1,shared,1.0,False,3,unanimous,none,3,unanimous,none,3,unanimous,sharing_experience,3,unanimous
beautiful-red,10,True,False,agreement,False,165,Do you enjoy museums?,preferences,1,shared,1.0,False,3,unanimous,none,3,unanimous,none,3,unanimous,perspective_seeking,3,unanimous
beautiful-red,11,True,False,agreement,False,180,Do you enjoy museums?,preferences,1,shared,1.0,False,3,unanimous,none,3,unanimous,none,3,unanimous,other,3,unanimous
big-ivory,1,False,False,not_discussed,False,30,Do you believe in God or a higher power?,religion,4,opposing,0.0,False,3,unanimous,none,3,unanimous,none,3,unanimous,stance_sharing,3,unanimous
big-ivory,2,True,True,disagreement,True,45,Do you believe in God or a higher power?,religion,4,opposing,0.0,False,3,unanimous,none,3,unanimous,none,3,unanimous,stance_sharing,3,unanimous
big-ivory,3,True,False,disagreement,False,60,Do you believe in God or a higher power?,religion,4,opposing,0.0,False,3,unanimous,none,3,unanimous,none,3,unanimous,perspective_seeking,3,unanimous
big-ivory,4,True,False,disagreement,False,75,Do you believe in God or a higher power?,religion,4,opposing,0.0,False,3,unanimous,none,3,unanimous,none,3,unanimous,stance_sharing,3,unanimous
big-ivory,6,True,False,disagreement,True,105,Do you believe in God or a higher power?,religion,4,opposing,0.0,False,3,unanimous,none,3,unanimous,none,3,unanimous,sharing_experience,3,unanimous
big-ivory,7,True,False,disagreement,False,120,Do you believe in God or a higher power?,religion,4,opposing,0.0,True,3,unanimous,related_subtopic,3,unanimous,shared_thoughts,3,unanimous,finding_commonality,2,majority
big-ivory,8,True,False,disagreement,False,135,Do you believe in God or a higher power?,religion,4,opposing,0.0,False,3,unanimous,none,3,unanimous,none,3,unanimous,perspective_seeking,3,unanimous
big-ivory,9,True,False,disagreement,False,150,Do you believe in God or a higher power?,religion,4,opposing,0.0,False,3,unanimous,none,3,unanimous,none,3,unanimous,sharing_experience,3,unanimous
big-ivory,11,True,False,disagreement,False,180,Do you believe in God or a higher power?,religion,4,opposing,0.0,False,3,unanimous,none,3,unanimous,none,3,unanimous,stance_sharing,3,unanimous
bitter-chocolate,1,False,False,not_discussed,False,30,Did you or your family immigrate to a new country?,background,0,shared,0.5,False,3,unanimous,none,3,unanimous,none,3,unanimous,stance_sharing,3,unanimous
bitter-chocolate,2,False,False,not_discussed,False,45,Did you or your family immigrate to a new country?,background,0,shared,0.5,False,3,unanimous,none,3,unanimous,none,3,unanimous,perspective_seeking,3,unanimous
bitter-chocolate,5,False,False,unclear,False,90,Did you or your family immigrate to a new country?,background,0,shared,0.5,False,3,unanimous,none,3,unanimous,none,3,unanimous,perspective_seeking,3,unanimous
bitter-chocolate,7,True,True,unclear,False,120,Did you or your family immigrate to a new country?,background,0,shared,0.5,False,3,unanimous,none,3,unanimous,none,3,unanimous,sharing_experience,3,unanimous
bitter-chocolate,9,True,True,unclear,False,150,Did you or your family immigrate to a new country?,background,0,shared,0.5,False,3,unanimous,none,3,unanimous,none,3,unanimous,sharing_experience,2,majority
blind-olive,1,False,False,unclear,False,30,Do you feel like the country is moving in the right direction?,politics,0,shared,1.0,False,3,unanimous,none,3,unanimous,none,3,unanimous,stance_sharing,3,unanimous
blind-olive,2,True,True,agreement,False,45,Do you feel like the country is moving in the right direction?,politics,0,shared,1.0,True,3,unanimous,same_values,3,unanimous,shared_thoughts,3,unanimous,stance_sharing,3,unanimous
blind-olive,3,True,False,agreement,False,60,Do you feel like the country is moving in the right direction?,politics,0,shared,1.0,False,2,majority,none,2,majority,none,2,majority,stance_sharing,3,unanimous
blind-olive,4,True,False,agreement,False,75,Do you feel like the country is moving in the right direction?,politics,0,shared,1.0,False,3,unanimous,none,3,unanimous,none,3,unanimous,stance_sharing,3,unanimous
blind-olive,7,True,False,agreement,False,120,Do you feel like the country is moving in the right direction?,politics,0,shared,1.0,True,3,unanimous,related_subtopic,3,unanimous,shared_thoughts,3,unanimous,finding_commonality,3,unanimous
blind-olive,11,True,False,agreement,False,180,Do you feel like the country is moving in the right direction?,politics,0,shared,1.0,True,3,unanimous,related_subtopic,3,unanimous,shared_thoughts,3,unanimous,stance_sharing,3,unanimous
blushing-aquamarine,0,False,False,not_discussed,False,15,Do you create art?,preferences,4,opposing,0.5,False,3,unanimous,none,3,unanimous,none,3,unanimous,stance_sharing,3,unanimous
blushing-aquamarine,1,True,True,disagreement,True,30,Do you create art?,preferences,4,opposing,0.5,False,3,unanimous,none,3,unanimous,none,3,unanimous,stance_sharing,3,unanimous
blushing-aquamarine,2,True,False,disagreement,False,45,Do you create art?,preferences,4,opposing,0.5,False,3,unanimous,none,3,unanimous,none,3,unanimous,stance_sharing,3,unanimous
blushing-aquamarine,3,True,False,disagreement,True,60,Do you create art?,preferences,4,opposing,0.5,False,3,unanimous,none,3,unanimous,none,3,unanimous,sharing_experience,2,majority
blushing-aquamarine,4,True,False,disagreement,False,75,Do you create art?,preferences,4,opposing,0.5,False,3,unanimous,rapport_only,3,unanimous,none,3,unanimous,rapport_building,3,unanimous
blushing-aquamarine,5,True,False,disagreement,False,90,Do you create art?,preferences,4,opposing,0.5,False,3,unanimous,none,3,unanimous,none,3,unanimous,perspective_seeking,3,unanimous
blushing-aquamarine,7,True,False,disagreement,False,120,Do you create art?,preferences,4,opposing,0.5,False,3,unanimous,none,3,unanimous,none,3,unanimous,sharing_experience,3,unanimous
blushing-aquamarine,8,True,False,disagreement,False,135,Do you create art?,preferences,4,opposing,0.5,False,3,unanimous,rapport_only,3,unanimous,none,3,unanimous,rapport_building,3,unanimous
blushing-aquamarine,9,True,False,disagreement,False,150,Do you create art?,preferences,4,opposing,0.5,False,3,unanimous,none,3,unanimous,none,3,unanimous,exploring_nuance,2,majority
blushing-aquamarine,10,True,False,disagreement,False,165,Do you create art?,preferences,4,opposing,0.5,False,3,unanimous,none,3,unanimous,none,3,unanimous,perspective_seeking,3,unanimous
blushing-aquamarine,11,True,False,disagreement,False,180,Do you create art?,preferences,4,opposing,0.5,False,3,unanimous,none,2,majority,none,3,unanimous,stance_sharing,2,majority
blushing-aquamarine,12,True,False,disagreement,False,195,Do you create art?,preferences,4,opposing,0.5,False,3,unanimous,none,3,unanimous,none,3,unanimous,other,3,unanimous
bored-turquoise,0,False,False,unclear,False,15,Did you or your family immigrate to a new country?,background,0,shared,1.0,False,3,unanimous,none,3,unanimous,none,3,unanimous,stance_sharing,3,unanimous
bored-turquoise,1,True,True,agreement,False,30,Did you or your family immigrate to a new country?,background,0,shared,1.0,True,3,unanimous,same_values,3,unanimous,shared_thoughts,3,unanimous,stance_sharing,3,unanimous
bored-turquoise,2,True,False,agreement,False,45,Did you or your family immigrate to a new country?,background,0,shared,1.0,False,3,unanimous,none,3,unanimous,none,3,unanimous,perspective_seeking,3,unanimous
bored-turquoise,4,True,False,agreement,False,75,Did you or your family immigrate to a new country?,background,0,shared,1.0,False,3,unanimous,none,3,unanimous,none,3,unanimous,sharing_experience,3,unanimous
bored-turquoise,9,True,False,agreement,False,150,Did you or your family immigrate to a new country?,background,0,shared,1.0,True,3,unanimous,same_values,2,majority,shared_thoughts,3,unanimous,finding_commonality,3,unanimous
bored-turquoise,11,True,False,agreement,False,180,Did you or your family immigrate to a new country?,background,0,shared,1.0,False,2,majority,rapport_only,2,majority,none,2,majority,rapport_building,3,unanimous
busy-purple,1,False,False,unclear,False,30,Are you a parent or caregiver?,identity,4,opposing,0.5,False,3,unanimous,none,3,unanimous,none,3,unanimous,stance_sharing,3,unanimous
busy-purple,2,True,True,disagreement,True,45,Are you a parent or caregiver?,identity,4,opposing,0.5,False,3,unanimous,none,3,unanimous,none,3,unanimous,stance_sharing,3,unanimous
busy-purple,3,True,False,disagreement,False,60,Are you a parent or caregiver?,identity,4,opposing,0.5,False,3,unanimous,none,3,unanimous,none,3,unanimous,perspective_seeking,3,unanimous
busy-purple,4,True,False,disagreement,False,75,Are you a parent or caregiver?,identity,4,opposing,0.5,False,3,unanimous,none,3,unanimous,none,3,unanimous,sharing_experience,3,unanimous
busy-purple,5,True,False,disagreement,False,90,Are you a parent or caregiver?,identity,4,opposing,0.5,False,3,unanimous,none,3,unanimous,none,3,unanimous,other,2,majority
busy-purple,6,True,False,disagreement,False,105,Are you a parent or caregiver?,identity,4,opposing,0.5,False,3,unanimous,none,3,unanimous,none,3,unanimous,perspective_seeking,3,unanimous
busy-purple,8,True,False,disagreement,False,135,Are you a parent or caregiver?,identity,4,opposing,0.5,False,3,unanimous,none,3,unanimous,none,3,unanimous,perspective_seeking,3,unanimous
busy-purple,9,True,False,disagreement,False,150,Are you a parent or caregiver?,identity,4,opposing,0.5,False,3,unanimous,none,3,unanimous,none,3,unanimous,sharing_experience,3,unanimous
busy-purple,10,True,False,disagreement,False,165,Are you a parent or caregiver?,identity,4,opposing,0.5,False,3,unanimous,rapport_only,2,majority,none,3,unanimous,finding_commonality,3,unanimous
busy-sapphire,1,False,False,unclear,False,30,Do you identify as heterosexual?,identity,4,opposing,0.0,False,3,unanimous,none,3,unanimous,none,3,unanimous,stance_sharing,3,unanimous
busy-sapphire,3,False,False,unclear,False,60,Do you identify as heterosexual?,identity,4,opposing,0.0,False,3,unanimous,none,3,unanimous,none,3,unanimous,rapport_building,2,majority
busy-sapphire,4,False,False,unclear,False,75,Do you identify as heterosexual?,identity,4,opposing,0.0,False,3,unanimous,none,3,unanimous,none,3,unanimous,rapport_building,3,unanimous
busy-sapphire,7,False,False,unclear,False,120,Do you identify as heterosexual?,identity,4,opposing,0.0,False,3,unanimous,none,3,unanimous,none,3,unanimous,rapport_building,3,unanimous
busy-sapphire,9,False,False,unclear,False,150,Do you identify as heterosexual?,identity,4,opposing,0.0,False,3,unanimous,none,3,unanimous,none,3,unanimous,rapport_building,3,unanimous
busy-sapphire,11,False,False,unclear,False,180,Do you identify as heterosexual?,identity,4,opposing,0.0,False,3,unanimous,none,3,unanimous,none,3,unanimous,other,1,no_consensus
capable-plum,0,False,False,not_discussed,False,15,Do you enjoy being outdoors?,arbitrary,4,opposing,0.5,False,3,unanimous,none,3,unanimous,none,3,unanimous,rapport_building,3,unanimous
capable-plum,1,False,False,unclear,False,30,Do you enjoy being outdoors?,arbitrary,4,opposing,0.5,False,3,unanimous,none,3,unanimous,none,3,unanimous,stance_sharing,3,unanimous
capable-plum,2,True,True,disagreement,True,45,Do you enjoy being outdoors?,arbitrary,4,opposing,0.5,False,3,unanimous,none,3,unanimous,none,3,unanimous,stance_sharing,3,unanimous
capable-plum,3,True,False,disagreement,False,60,Do you enjoy being outdoors?,arbitrary,4,opposing,0.5,False,3,unanimous,none,2,majority,none,3,unanimous,perspective_seeking,3,unanimous
capable-plum,4,True,False,disagreement,False,75,Do you enjoy being outdoors?,arbitrary,4,opposing,0.5,False,3,unanimous,none,3,unanimous,none,3,unanimous,perspective_seeking,2,majority
capable-plum,5,True,False,disagreement,False,90,Do you enjoy being outdoors?,arbitrary,4,opposing,0.5,False,3,unanimous,none,3,unanimous,none,3,unanimous,sharing_experience,3,unanimous
capable-plum,7,True,False,disagreement,False,120,Do you enjoy being outdoors?,arbitrary,4,opposing,0.5,True,3,unanimous,related_subtopic,3,unanimous,shared_feelings,3,unanimous,finding_commonality,3,unanimous
capable-plum,8,True,False,disagreement,False,135,Do you enjoy being outdoors?,arbitrary,4,opposing,0.5,False,3,unanimous,none,3,unanimous,none,3,unanimous,exploring_nuance,3,unanimous
capable-plum,10,True,False,disagreement,True,165,Do you enjoy being outdoors?,arbitrary,4,opposing,0.5,True,2,majority,related_subtopic,2,majority,shared_thoughts,2,majority,exploring_nuance,3,unanimous
careful-bronze,1,False,False,unclear,False,30,Do you regularly attend religious services?,religion,4,opposing,0.5,False,3,unanimous,none,3,unanimous,none,3,unanimous,stance_sharing,3,unanimous
careful-bronze,2,True,True,disagreement,True,45,Do you regularly attend religious services?,religion,4,opposing,0.5,False,3,unanimous,none,3,unanimous,none,3,unanimous,stance_sharing,3,unanimous
careful-bronze,4,True,False,disagreement,False,75,Do you regularly attend religious services?,religion,4,opposing,0.5,False,3,unanimous,none,3,unanimous,none,3,unanimous,perspective_seeking,3,unanimous
careful-bronze,5,True,False,disagreement,False,90,Do you regularly attend religious services?,religion,4,opposing,0.5,False,3,unanimous,none,3,unanimous,none,3,unanimous,stance_sharing,3,unanimous
careful-bronze,9,True,False,disagreement,False,150,Do you regularly attend religious services?,religion,4,opposing,0.5,False,3,unanimous,none,3,unanimous,none,3,unanimous,persuading,3,unanimous
careful-bronze,11,True,False,disagreement,True,180,Do you regularly attend religious services?,religion,4,opposing,0.5,False,3,unanimous,none,3,unanimous,none,3,unanimous,persuading,3,unanimous
central-turquoise,1,False,False,not_discussed,False,30,Do you live in a warm climate?,background,0,shared,1.0,False,3,unanimous,none,3,unanimous,none,3,unanimous,stance_sharing,3,unanimous
central-turquoise,4,True,True,agreement,False,75,Do you live in a warm climate?,background,0,shared,1.0,True,3,unanimous,same_values,3,unanimous,shared_thoughts,3,unanimous,stance_sharing,3,unanimous
central-turquoise,5,True,False,agreement,False,90,Do you live in a warm climate?,background,0,shared,1.0,False,3,unanimous,none,3,unanimous,none,3,unanimous,sharing_experience,2,majority
central-turquoise,6,True,False,agreement,False,105,Do you live in a warm climate?,background,0,shared,1.0,True,3,unanimous,related_subtopic,3,unanimous,shared_thoughts,3,unanimous,sharing_experience,3,unanimous
central-turquoise,7,True,False,agreement,False,120,Do you live in a warm climate?,background,0,shared,1.0,True,3,unanimous,related_subtopic,3,unanimous,shared_thoughts,3,unanimous,sharing_experience,3,unanimous
central-turquoise,8,True,False,agreement,False,135,Do you live in a warm climate?,background,0,shared,1.0,True,3,unanimous,related_subtopic,3,unanimous,shared_feelings,3,unanimous,perspective_seeking,3,unanimous
central-turquoise,9,True,False,agreement,False,150,Do you live in a warm climate?,background,0,shared,1.0,True,3,unanimous,related_subtopic,3,unanimous,shared_feelings,3,unanimous,finding_commonality,3,unanimous
central-turquoise,10,True,False,agreement,False,165,Do you live in a warm climate?,background,0,shared,1.0,True,3,unanimous,related_subtopic,3,unanimous,shared_feelings,2,majority,finding_commonality,3,unanimous
central-turquoise,11,True,False,agreement,False,180,Do you live in a warm climate?,background,0,shared,1.0,True,3,unanimous,related_subtopic,3,unanimous,shared_feelings,3,unanimous,finding_commonality,3,unanimous
changing-amaranth,1,False,False,not_discussed,False,30,Should events in politicians' personal lives impact their ability to hold public office?,politics,2,opposing,0.0,False,3,unanimous,none,3,unanimous,none,3,unanimous,rapport_building,3,unanimous
changing-amaranth,2,False,False,not_discussed,False,45,Should events in politicians' personal lives impact their ability to hold public office?,politics,2,opposing,0.0,False,3,unanimous,none,3,unanimous,none,3,unanimous,stance_sharing,3,unanimous
changing-amaranth,3,False,False,not_discussed,False,60,Should events in politicians' personal lives impact their ability to hold public office?,politics,2,opposing,0.0,False,3,unanimous,none,3,unanimous,none,3,unanimous,stance_sharing,3,unanimous
changing-amaranth,4,True,True,disagreement,True,75,Should events in politicians' personal lives impact their ability to hold public office?,politics,2,opposing,0.0,False,3,unanimous,none,3,unanimous,none,3,unanimous,stance_sharing,3,unanimous
changing-amaranth,5,True,True,disagreement,True,90,Should events in politicians' personal lives impact their ability to hold public office?,politics,2,opposing,0.0,False,3,unanimous,none,3,unanimous,none,3,unanimous,stance_sharing,3,unanimous
changing-amaranth,6,True,False,disagreement,True,105,Should events in politicians' personal lives impact their ability to hold public office?,politics,2,opposing,0.0,False,3,unanimous,none,3,unanimous,none,3,unanimous,exploring_nuance,3,unanimous
changing-amaranth,7,True,False,disagreement,False,120,Should events in politicians' personal lives impact their ability to hold public office?,politics,2,opposing,0.0,True,3,unanimous,same_values,3,unanimous,shared_thoughts,3,unanimous,exploring_nuance,3,unanimous
changing-amaranth,8,True,False,disagreement,False,135,Should events in politicians' personal lives impact their ability to hold public office?,politics,2,opposing,0.0,True,3,unanimous,same_values,3,unanimous,shared_thoughts,3,unanimous,exploring_nuance,2,majority
changing-amaranth,9,True,False,disagreement,False,150,Should events in politicians' personal lives impact their ability to hold public office?,politics,2,opposing,0.0,False,3,unanimous,none,3,unanimous,none,3,unanimous,exploring_nuance,3,unanimous
changing-amaranth,10,True,False,disagreement,False,165,Should events in politicians' personal lives impact their ability to hold public office?,politics,2,opposing,0.0,True,3,unanimous,same_values,3,unanimous,shared_thoughts,3,unanimous,finding_commonality,3,unanimous
changing-amaranth,11,True,False,disagreement,False,180,Should events in politicians' personal lives impact their ability to hold public office?,politics,2,opposing,0.0,True,3,unanimous,same_values,3,unanimous,shared_thoughts,3,unanimous,exploring_nuance,3,unanimous
changing-amaranth,12,True,False,disagreement,False,195,Should events in politicians' personal lives impact their ability to hold public office?,politics,2,opposing,0.0,True,3,unanimous,same_values,3,unanimous,shared_thoughts,3,unanimous,finding_commonality,3,unanimous
changing-scarlet,0,False,False,not_discussed,False,15,Can stealing ever be justified?,morality,3,opposing,0.0,False,3,unanimous,none,2,majority,none,3,unanimous,rapport_building,3,unanimous
changing-scarlet,1,False,False,not_discussed,False,30,Can stealing ever be justified?,morality,3,opposing,0.0,False,3,unanimous,none,3,unanimous,none,3,unanimous,perspective_seeking,3,unanimous
changing-scarlet,2,True,True,agreement,False,45,Can stealing ever be justified?,morality,3,opposing,0.0,True,3,unanimous,same_values,3,unanimous,shared_beliefs,3,unanimous,stance_sharing,3,unanimous
changing-scarlet,3,True,False,agreement,False,60,Can stealing ever be justified?,morality,3,opposing,0.0,False,3,unanimous,none,3,unanimous,none,3,unanimous,exploring_nuance,3,unanimous
changing-scarlet,4,True,False,agreement,False,75,Can stealing ever be justified?,morality,3,opposing,0.0,False,3,unanimous,none,3,unanimous,none,3,unanimous,other,3,unanimous
changing-scarlet,6,True,False,agreement,False,105,Can stealing ever be justified?,morality,3,opposing,0.0,True,3,unanimous,same_values,3,unanimous,shared_beliefs,2,majority,exploring_nuance,3,unanimous
changing-scarlet,7,True,False,agreement,False,120,Can stealing ever be justified?,morality,3,opposing,0.0,True,3,unanimous,same_values,3,unanimous,shared_beliefs,3,unanimous,finding_commonality,3,unanimous
changing-scarlet,8,True,False,agreement,False,135,Can stealing ever be justified?,morality,3,opposing,0.0,False,3,unanimous,none,3,unanimous,none,3,unanimous,sharing_experience,3,unanimous
changing-scarlet,9,True,False,agreement,False,150,Can stealing ever be justified?,morality,3,opposing,0.0,True,3,unanimous,same_values,3,unanimous,shared_beliefs,3,unanimous,exploring_nuance,3,unanimous
changing-scarlet,10,True,False,agreement,False,165,Can stealing ever be justified?,morality,3,opposing,0.0,True,3,unanimous,same_values,3,unanimous,shared_beliefs,3,unanimous,exploring_nuance,3,unanimous
changing-scarlet,11,True,False,agreement,False,180,Can stealing ever be justified?,morality,3,opposing,0.0,True,3,unanimous,same_values,3,unanimous,shared_beliefs,3,unanimous,finding_commonality,3,unanimous
chemical-apricot,1,False,False,not_discussed,False,30,Do you enjoy reading?,preferences,2,opposing,0.5,False,2,majority,none,2,majority,none,2,majority,perspective_seeking,2,majority
chemical-apricot,2,False,False,unclear,False,45,Do you enjoy reading?,preferences,2,opposing,0.5,False,3,unanimous,none,3,unanimous,none,3,unanimous,stance_sharing,3,unanimous
chemical-apricot,3,True,True,disagreement,True,60,Do you enjoy reading?,preferences,2,opposing,0.5,False,3,unanimous,none,3,unanimous,none,3,unanimous,stance_sharing,3,unanimous
chemical-apricot,4,True,False,unclear,False,75,Do you enjoy reading?,preferences,2,opposing,0.5,False,3,unanimous,none,3,unanimous,none,3,unanimous,perspective_seeking,3,unanimous
chemical-apricot,5,True,False,disagreement,False,90,Do you enjoy reading?,preferences,2,opposing,0.5,False,3,unanimous,none,3,unanimous,none,3,unanimous,sharing_experience,3,unanimous
chemical-apricot,7,True,False,unclear,False,120,Do you enjoy reading?,preferences,2,opposing,0.5,False,2,majority,none,2,majority,none,2,majority,stance_sharing,3,unanimous
chemical-apricot,9,True,False,disagreement,False,150,Do you enjoy reading?,preferences,2,opposing,0.5,True,3,unanimous,related_subtopic,3,unanimous,shared_feelings,3,unanimous,finding_commonality,3,unanimous
chemical-apricot,10,True,False,agreement,False,165,Do you enjoy reading?,preferences,2,opposing,0.5,False,3,unanimous,none,3,unanimous,none,3,unanimous,sharing_experience,3,unanimous
chemical-apricot,12,True,False,agreement,False,195,Do you enjoy reading?,preferences,2,opposing,0.5,False,3,unanimous,rapport_only,3,unanimous,none,3,unanimous,rapport_building,3,unanimous
chubby-teal,0,False,False,not_discussed,False,15,Do you prefer TV shows over movies?,preferences,2,opposing,0.5,False,3,unanimous,none,3,unanimous,none,3,unanimous,rapport_building,3,unanimous
chubby-teal,2,False,False,not_discussed,False,45,Do you prefer TV shows over movies?,preferences,2,opposing,0.5,False,3,unanimous,none,3,unanimous,none,3,unanimous,perspective_seeking,3,unanimous
chubby-teal,3,False,False,not_discussed,False,60,Do you prefer TV shows over movies?,preferences,2,opposing,0.5,False,3,unanimous,none,3,unanimous,none,3,unanimous,sharing_experience,2,majority
chubby-teal,4,False,False,unclear,False,75,Do you prefer TV shows over movies?,preferences,2,opposing,0.5,False,3,unanimous,none,3,unanimous,none,3,unanimous,stance_sharing,3,unanimous
chubby-teal,5,False,False,unclear,False,90,Do you prefer TV shows over movies?,preferences,2,opposing,0.5,False,3,unanimous,none,3,unanimous,none,3,unanimous,finding_commonality,3,unanimous
chubby-teal,7,True,True,disagreement,True,120,Do you prefer TV shows over movies?,preferences,2,opposing,0.5,False,3,unanimous,none,3,unanimous,none,3,unanimous,stance_sharing,3,unanimous
chubby-teal,8,True,False,disagreement,False,135,Do you prefer TV shows over movies?,preferences,2,opposing,0.5,False,3,unanimous,none,3,unanimous,none,3,unanimous,exploring_nuance,3,unanimous
chubby-teal,9,True,False,disagreement,True,150,Do you prefer TV shows over movies?,preferences,2,opposing,0.5,False,3,unanimous,none,3,unanimous,none,3,unanimous,exploring_nuance,2,majority
chubby-teal,10,True,False,disagreement,False,165,Do you prefer TV shows over movies?,preferences,2,opposing,0.5,True,3,unanimous,related_subtopic,3,unanimous,shared_thoughts,3,unanimous,finding_commonality,3,unanimous
chubby-teal,11,True,False,disagreement,False,180,Do you prefer TV shows over movies?,preferences,2,opposing,0.5,False,3,unanimous,none,3,unanimous,none,3,unanimous,perspective_seeking,3,unanimous
chubby-teal,12,True,False,disagreement,False,195,Do you prefer TV shows over movies?,preferences,2,opposing,0.5,False,3,unanimous,none,3,unanimous,none,3,unanimous,other,3,unanimous
clinical-gray,0,False,False,not_discussed,False,15,Did you or your family immigrate to a new country?,background,4,opposing,0.0,False,3,unanimous,none,3,unanimous,none,3,unanimous,rapport_building,3,unanimous
clinical-gray,2,False,False,not_discussed,False,45,Did you or your family immigrate to a new country?,background,4,opposing,0.0,False,3,unanimous,none,3,unanimous,none,3,unanimous,rapport_building,3,unanimous
clinical-gray,3,False,False,not_discussed,False,60,Did you or your family immigrate to a new country?,background,4,opposing,0.0,False,3,unanimous,none,3,unanimous,none,3,unanimous,stance_sharing,3,unanimous
clinical-gray,4,True,True,disagreement,True,75,Did you or your family immigrate to a new country?,background,4,opposing,0.0,False,3,unanimous,none,3,unanimous,none,3,unanimous,stance_sharing,3,unanimous
clinical-gray,5,True,False,disagreement,False,90,Did you or your family immigrate to a new country?,background,4,opposing,0.0,False,3,unanimous,none,3,unanimous,none,3,unanimous,perspective_seeking,3,unanimous
clinical-gray,6,True,False,disagreement,False,105,Did you or your family immigrate to a new country?,background,4,opposing,0.0,False,3,unanimous,rapport_only,3,unanimous,none,3,unanimous,sharing_experience,3,unanimous
clinical-gray,7,True,False,disagreement,False,120,Did you or your family immigrate to a new country?,background,4,opposing,0.0,True,3,unanimous,related_subtopic,3,unanimous,shared_thoughts,3,unanimous,sharing_experience,3,unanimous
clinical-gray,8,True,False,disagreement,False,135,Did you or your family immigrate to a new country?,background,4,opposing,0.0,False,3,unanimous,none,3,unanimous,none,3,unanimous,perspective_seeking,3,unanimous
clinical-gray,9,True,False,disagreement,False,150,Did you or your family immigrate to a new country?,background,4,opposing,0.0,False,3,unanimous,none,3,unanimous,none,3,unanimous,sharing_experience,3,unanimous
clinical-gray,10,True,False,disagreement,False,165,Did you or your family immigrate to a new country?,background,4,opposing,0.0,False,3,unanimous,none,2,majority,none,3,unanimous,rapport_building,2,majority
clinical-gray,11,True,False,disagreement,False,180,Did you or your family immigrate to a new country?,background,4,opposing,0.0,False,3,unanimous,rapport_only,3,unanimous,none,3,unanimous,rapport_building,3,unanimous
cloudy-indigo,2,False,False,not_discussed,False,45,Do you feel like the country is moving in the right direction?,politics,0,shared,1.0,False,3,unanimous,none,3,unanimous,none,3,unanimous,stance_sharing,3,unanimous
cloudy-indigo,3,True,True,agreement,False,60,Do you feel like the country is moving in the right direction?,politics,0,shared,1.0,True,3,unanimous,same_values,3,unanimous,shared_thoughts,3,unanimous,stance_sharing,3,unanimous
cloudy-indigo,4,True,False,agreement,False,75,Do you feel like the country is moving in the right direction?,politics,0,shared,1.0,True,3,unanimous,related_subtopic,3,unanimous,shared_beliefs,2,majority,stance_sharing,3,unanimous
cloudy-indigo,5,True,True,agreement,False,90,Do you feel like the country is moving in the right direction?,politics,0,shared,1.0,True,3,unanimous,same_values,3,unanimous,shared_beliefs,2,majority,finding_commonality,2,majority
cloudy-indigo,7,True,False,agreement,False,120,Do you feel like the country is moving in the right direction?,politics,0,shared,1.0,True,3,unanimous,related_subtopic,3,unanimous,shared_thoughts,3,unanimous,stance_sharing,2,majority
cloudy-indigo,8,True,False,agreement,False,135,Do you feel like the country is moving in the right direction?,politics,0,shared,1.0,True,3,unanimous,related_subtopic,3,unanimous,shared_thoughts,3,unanimous,sharing_experience,3,unanimous
cloudy-indigo,9,True,False,agreement,False,150,Do you feel like the country is moving in the right direction?,politics,0,shared,1.0,False,3,unanimous,none,3,unanimous,none,3,unanimous,sharing_experience,3,unanimous
cloudy-indigo,10,True,False,agreement,False,165,Do you feel like the country is moving in the right direction?,politics,0,shared,1.0,True,3,unanimous,related_subtopic,3,unanimous,shared_thoughts,3,unanimous,exploring_nuance,2,majority
cloudy-indigo,11,True,False,agreement,False,180,Do you feel like the country is moving in the right direction?,politics,0,shared,1.0,True,3,unanimous,related_subtopic,3,unanimous,shared_thoughts,3,unanimous,finding_commonality,3,unanimous
cloudy-teal,0,False,False,not_discussed,False,15,Do you exercise regularly?,arbitrary,0,shared,1.0,False,3,unanimous,none,3,unanimous,none,3,unanimous,rapport_building,3,unanimous
cloudy-teal,1,False,False,not_discussed,False,30,Do you exercise regularly?,arbitrary,0,shared,1.0,False,3,unanimous,none,3,unanimous,none,3,unanimous,stance_sharing,3,unanimous
cloudy-teal,2,False,False,unclear,False,45,Do you exercise regularly?,arbitrary,0,shared,1.0,False,3,unanimous,none,3,unanimous,none,3,unanimous,perspective_seeking,3,unanimous
cloudy-teal,3,True,True,unclear,False,60,Do you exercise regularly?,arbitrary,0,shared,1.0,False,3,unanimous,none,3,unanimous,none,3,unanimous,perspective_seeking,3,unanimous
cloudy-teal,5,True,False,disagreement,False,90,Do you exercise regularly?,arbitrary,0,shared,1.0,False,3,unanimous,none,3,unanimous,none,3,unanimous,perspective_seeking,3,unanimous
cloudy-teal,6,True,False,agreement,False,105,Do you exercise regularly?,arbitrary,0,shared,1.0,False,3,unanimous,none,3,unanimous,none,3,unanimous,stance_sharing,3,unanimous
cloudy-teal,7,True,False,agreement,False,120,Do you exercise regularly?,arbitrary,0,shared,1.0,False,3,unanimous,none,3,unanimous,none,3,unanimous,sharing_experience,3,unanimous
cloudy-teal,10,True,False,agreement,False,165,Do you exercise regularly?,arbitrary,0,shared,1.0,True,3,unanimous,different_topic,3,unanimous,shared_feelings,3,unanimous,finding_commonality,2,majority
cloudy-teal,11,True,False,agreement,False,180,Do you exercise regularly?,arbitrary,0,shared,1.0,False,3,unanimous,none,3,unanimous,none,3,unanimous,exploring_nuance,3,unanimous
colossal-tan,2,False,False,not_discussed,False,45,Is lying acceptable?,morality,0,shared,1.0,False,3,unanimous,none,3,unanimous,none,3,unanimous,stance_sharing,3,unanimous
colossal-tan,4,True,True,agreement,False,75,Is lying acceptable?,morality,0,shared,1.0,True,3,unanimous,same_values,3,unanimous,shared_beliefs,3,unanimous,stance_sharing,3,unanimous
colossal-tan,5,True,False,agreement,False,90,Is lying acceptable?,morality,0,shared,1.0,False,3,unanimous,none,3,unanimous,none,3,unanimous,perspective_seeking,3,unanimous
coloured-magenta,0,False,False,not_discussed,False,15,Are you married or dating someone?,identity,0,shared,1.0,False,3,unanimous,none,3,unanimous,none,3,unanimous,stance_sharing,3,unanimous
coloured-magenta,1,True,True,agreement,False,30,Are you married or dating someone?,identity,0,shared,1.0,False,2,majority,none,2,majority,none,2,majority,stance_sharing,3,unanimous
coloured-magenta,2,True,False,agreement,False,45,Are you married or dating someone?,identity,0,shared,1.0,False,3,unanimous,rapport_only,2,majority,none,3,unanimous,perspective_seeking,2,majority
coloured-magenta,3,True,False,agreement,False,60,Are you married or dating someone?,identity,0,shared,1.0,True,2,majority,related_subtopic,2,majority,shared_thoughts,2,majority,sharing_experience,3,unanimous
coloured-magenta,4,True,False,agreement,False,75,Are you married or dating someone?,identity,0,shared,1.0,False,3,unanimous,rapport_only,3,unanimous,none,3,unanimous,rapport_building,3,unanimous
coloured-magenta,5,True,False,agreement,False,90,Are you married or dating someone?,identity,0,shared,1.0,False,3,unanimous,none,3,unanimous,none,3,unanimous,perspective_seeking,3,unanimous
coloured-magenta,7,True,False,agreement,False,120,Are you married or dating someone?,identity,0,shared,1.0,False,3,unanimous,none,3,unanimous,none,3,unanimous,sharing_experience,3,unanimous
coloured-magenta,9,True,False,agreement,False,150,Are you married or dating someone?,identity,0,shared,1.0,False,3,unanimous,none,2,majority,none,3,unanimous,sharing_experience,3,unanimous
coloured-magenta,11,True,False,agreement,False,180,Are you married or dating someone?,identity,0,shared,1.0,False,3,unanimous,rapport_only,3,unanimous,none,3,unanimous,rapport_building,3,unanimous
coloured-magenta,12,True,False,agreement,False,195,Are you married or dating someone?,identity,0,shared,1.0,False,3,unanimous,rapport_only,3,unanimous,none,3,unanimous,rapport_building,3,unanimous
colourful-turquoise,2,True,True,agreement,False,45,Did you or your family immigrate to a new country?,background,0,shared,1.0,False,3,unanimous,none,3,unanimous,none,3,unanimous,stance_sharing,3,unanimous
colourful-turquoise,3,True,False,agreement,False,60,Did you or your family immigrate to a new country?,background,0,shared,1.0,False,3,unanimous,none,3,unanimous,none,3,unanimous,finding_commonality,3,unanimous
colourful-turquoise,4,True,False,agreement,False,75,Did you or your family immigrate to a new country?,background,0,shared,1.0,False,3,unanimous,none,2,majority,none,3,unanimous,other,2,majority
colourful-turquoise,5,True,False,agreement,False,90,Did you or your family immigrate to a new country?,background,0,shared,1.0,False,3,unanimous,none,2,majority,none,3,unanimous,rapport_building,2,majority
colourful-turquoise,7,True,False,agreement,False,120,Did you or your family immigrate to a new country?,background,0,shared,1.0,False,3,unanimous,none,3,unanimous,none,3,unanimous,exploring_nuance,2,majority
colourful-turquoise,8,True,False,agreement,False,135,Did you or your family immigrate to a new country?,background,0,shared,1.0,True,3,unanimous,related_subtopic,2,majority,shared_thoughts,3,unanimous,exploring_nuance,3,unanimous
colourful-turquoise,9,True,False,agreement,False,150,Did you or your family immigrate to a new country?,background,0,shared,1.0,False,3,unanimous,none,3,unanimous,none,3,unanimous,stance_sharing,3,unanimous
colourful-turquoise,10,True,False,agreement,True,165,Did you or your family immigrate to a new country?,background,0,shared,1.0,False,3,unanimous,none,3,unanimous,none,3,unanimous,stance_sharing,3,unanimous
colourful-turquoise,11,True,False,agreement,False,180,Did you or your family immigrate to a new country?,background,0,shared,1.0,False,3,unanimous,rapport_only,3,unanimous,none,3,unanimous,rapport_building,3,unanimous
colourful-turquoise,12,True,False,agreement,False,195,Did you or your family immigrate to a new country?,background,0,shared,1.0,False,3,unanimous,rapport_only,3,unanimous,none,3,unanimous,rapport_building,3,unanimous
combative-ivory,0,False,False,not_discussed,False,15,Do you create art?,preferences,0,shared,1.0,False,3,unanimous,none,3,unanimous,none,3,unanimous,rapport_building,3,unanimous
combative-ivory,1,False,False,not_discussed,False,30,Do you create art?,preferences,0,shared,1.0,False,3,unanimous,none,3,unanimous,none,3,unanimous,stance_sharing,3,unanimous
combative-ivory,3,True,True,agreement,False,60,Do you create art?,preferences,0,shared,1.0,True,3,unanimous,same_values,3,unanimous,shared_thoughts,3,unanimous,stance_sharing,3,unanimous
combative-ivory,4,True,False,agreement,False,75,Do you create art?,preferences,0,shared,1.0,False,3,unanimous,none,3,unanimous,none,3,unanimous,exploring_nuance,3,unanimous
combative-ivory,5,True,False,agreement,True,90,Do you create art?,preferences,0,shared,1.0,False,3,unanimous,none,3,unanimous,none,3,unanimous,stance_sharing,3,unanimous
combative-ivory,7,True,False,disagreement,True,120,Do you create art?,preferences,0,shared,1.0,False,3,unanimous,none,3,unanimous,none,3,unanimous,sharing_experience,2,majority
combative-ivory,10,True,False,agreement,True,165,Do you create art?,preferences,0,shared,1.0,False,3,unanimous,none,3,unanimous,none,3,unanimous,stance_sharing,2,majority
combative-ivory,11,True,False,agreement,False,180,Do you create art?,preferences,0,shared,1.0,True,3,unanimous,related_subtopic,3,unanimous,shared_thoughts,3,unanimous,finding_commonality,3,unanimous
comparable-jade,0,False,False,not_discussed,False,15,Are you a spiritual person?,religion,4,opposing,0.0,False,3,unanimous,none,3,unanimous,none,3,unanimous,stance_sharing,3,unanimous
comparable-jade,1,True,True,disagreement,True,30,Are you a spiritual person?,religion,4,opposing,0.0,False,3,unanimous,none,3,unanimous,none,3,unanimous,stance_sharing,3,unanimous
comparable-jade,4,True,False,disagreement,True,75,Are you a spiritual person?,religion,4,opposing,0.0,False,2,majority,none,2,majority,none,2,majority,stance_sharing,2,majority
comparable-jade,5,True,False,disagreement,True,90,Are you a spiritual person?,religion,4,opposing,0.0,False,3,unanimous,none,3,unanimous,none,3,unanimous,exploring_nuance,3,unanimous
comparable-jade,6,True,False,disagreement,True,105,Are you a spiritual person?,religion,4,opposing,0.0,False,3,unanimous,none,3,unanimous,none,3,unanimous,exploring_nuance,3,unanimous
comparable-jade,10,True,False,disagreement,False,165,Are you a spiritual person?,religion,4,opposing,0.0,True,3,unanimous,related_subtopic,3,unanimous,shared_thoughts,3,unanimous,exploring_nuance,3,unanimous
comparable-jade,11,True,False,disagreement,False,180,Are you a spiritual person?,religion,4,opposing,0.0,True,3,unanimous,related_subtopic,3,unanimous,shared_thoughts,3,unanimous,finding_commonality,3,unanimous
competent-amaranth,1,False,False,not_discussed,False,30,Do you live in a warm climate?,background,4,opposing,0.5,False,3,unanimous,none,3,unanimous,none,3,unanimous,rapport_building,3,unanimous
competent-amaranth,2,False,False,unclear,False,45,Do you live in a warm climate?,background,4,opposing,0.5,False,3,unanimous,none,3,unanimous,none,3,unanimous,stance_sharing,3,unanimous
competent-amaranth,3,True,True,disagreement,True,60,Do you live in a warm climate?,background,4,opposing,0.5,False,3,unanimous,none,3,unanimous,none,3,unanimous,stance_sharing,3,unanimous
competent-amaranth,4,True,False,disagreement,False,75,Do you live in a warm climate?,background,4,opposing,0.5,False,3,unanimous,none,3,unanimous,none,3,unanimous,perspective_seeking,3,unanimous
competent-amaranth,5,True,False,disagreement,False,90,Do you live in a warm climate?,background,4,opposing,0.5,False,3,unanimous,none,3,unanimous,none,3,unanimous,sharing_experience,2,majority
competent-amaranth,6,True,False,disagreement,False,105,Do you live in a warm climate?,background,4,opposing,0.5,False,3,unanimous,none,3,unanimous,none,3,unanimous,perspective_seeking,3,unanimous
competent-amaranth,8,True,False,disagreement,False,135,Do you live in a warm climate?,background,4,opposing,0.5,False,3,unanimous,none,3,unanimous,none,3,unanimous,perspective_seeking,3,unanimous
competent-amaranth,9,True,False,disagreement,False,150,Do you live in a warm climate?,background,4,opposing,0.5,False,3,unanimous,none,3,unanimous,none,3,unanimous,sharing_experience,3,unanimous
competent-amaranth,10,True,False,disagreement,False,165,Do you live in a warm climate?,background,4,opposing,0.5,False,3,unanimous,rapport_only,3,unanimous,none,3,unanimous,rapport_building,3,unanimous
competent-amaranth,11,True,False,disagreement,False,180,Do you live in a warm climate?,background,4,opposing,0.5,False,3,unanimous,rapport_only,3,unanimous,none,3,unanimous,rapport_building,3,unanimous
complex-moccasin,0,False,False,not_discussed,False,15,Do you enjoy being outdoors?,arbitrary,0,shared,1.0,False,3,unanimous,none,3,unanimous,none,3,unanimous,rapport_building,3,unanimous
complex-moccasin,1,False,False,not_discussed,False,30,Do you enjoy being outdoors?,arbitrary,0,shared,1.0,False,3,unanimous,none,3,unanimous,none,3,unanimous,rapport_building,3,unanimous
complex-moccasin,2,False,False,not_discussed,False,45,Do you enjoy being outdoors?,arbitrary,0,shared,1.0,False,3,unanimous,none,3,unanimous,none,3,unanimous,perspective_seeking,3,unanimous
complex-moccasin,4,True,True,agreement,False,75,Do you enjoy being outdoors?,arbitrary,0,shared,1.0,True,3,unanimous,same_values,3,unanimous,shared_feelings,3,unanimous,stance_sharing,3,unanimous
complex-moccasin,6,True,False,agreement,False,105,Do you enjoy being outdoors?,arbitrary,0,shared,1.0,True,3,unanimous,related_subtopic,3,unanimous,shared_feelings,3,unanimous,finding_commonality,3,unanimous
complex-moccasin,7,True,False,agreement,False,120,Do you enjoy being outdoors?,arbitrary,0,shared,1.0,True,3,unanimous,same_values,3,unanimous,shared_feelings,3,unanimous,exploring_nuance,3,unanimous
complex-moccasin,9,True,False,agreement,False,150,Do you enjoy being outdoors?,arbitrary,0,shared,1.0,True,3,unanimous,same_values,3,unanimous,shared_feelings,2,majority,sharing_experience,3,unanimous
complex-moccasin,10,True,False,agreement,False,165,Do you enjoy being outdoors?,arbitrary,0,shared,1.0,False,3,unanimous,none,3,unanimous,none,3,unanimous,stance_sharing,3,unanimous
complex-moccasin,11,True,False,agreement,False,180,Do you enjoy being outdoors?,arbitrary,0,shared,1.0,True,3,unanimous,same_values,2,majority,shared_thoughts,3,unanimous,finding_commonality,2,majority
confidential-white,1,False,False,not_discussed,False,30,Do you live in a warm climate?,background,0,shared,1.0,False,3,unanimous,none,3,unanimous,none,3,unanimous,stance_sharing,3,unanimous
confidential-white,3,True,True,agreement,False,60,Do you live in a warm climate?,background,0,shared,1.0,False,3,unanimous,none,3,unanimous,none,3,unanimous,stance_sharing,3,unanimous
confidential-white,4,True,False,agreement,False,75,Do you live in a warm climate?,background,0,shared,1.0,False,3,unanimous,none,3,unanimous,none,3,unanimous,stance_sharing,3,unanimous
confidential-white,5,True,False,agreement,False,90,Do you live in a warm climate?,background,0,shared,1.0,False,3,unanimous,none,3,unanimous,none,3,unanimous,perspective_seeking,3,unanimous
confidential-white,6,True,False,agreement,False,105,Do you live in a warm climate?,background,0,shared,1.0,True,3,unanimous,related_subtopic,3,unanimous,shared_feelings,3,unanimous,sharing_experience,3,unanimous
confidential-white,7,True,False,agreement,False,120,Do you live in a warm climate?,background,0,shared,1.0,False,3,unanimous,none,3,unanimous,none,3,unanimous,exploring_nuance,3,unanimous
confidential-white,10,True,False,agreement,False,165,Do you live in a warm climate?,background,0,shared,1.0,True,3,unanimous,related_subtopic,3,unanimous,shared_thoughts,3,unanimous,finding_commonality,3,unanimous
confidential-white,11,True,False,agreement,False,180,Do you live in a warm climate?,background,0,shared,1.0,False,3,unanimous,none,3,unanimous,none,3,unanimous,exploring_nuance,3,unanimous
confidential-white,12,True,False,agreement,False,195,Do you live in a warm climate?,background,0,shared,1.0,True,3,unanimous,related_subtopic,3,unanimous,shared_thoughts,3,unanimous,finding_commonality,3,unanimous
conscious-turquoise,0,False,False,not_discussed,False,15,Do you live in a city?,background,4,opposing,0.0,False,3,unanimous,none,3,unanimous,none,3,unanimous,rapport_building,3,unanimous
conscious-turquoise,1,False,False,unclear,False,30,Do you live in a city?,background,4,opposing,0.0,False,3,unanimous,none,3,unanimous,none,3,unanimous,stance_sharing,3,unanimous
conscious-turquoise,3,True,True,agreement,False,60,Do you live in a city?,background,4,opposing,0.0,True,2,majority,same_values,2,majority,shared_thoughts,2,majority,stance_sharing,3,unanimous
conscious-turquoise,4,True,False,agreement,False,75,Do you live in a city?,background,4,opposing,0.0,False,3,unanimous,none,3,unanimous,none,3,unanimous,perspective_seeking,3,unanimous
conscious-turquoise,5,True,False,agreement,False,90,Do you live in a city?,background,4,opposing,0.0,False,3,unanimous,none,3,unanimous,none,3,unanimous,perspective_seeking,3,unanimous
conscious-turquoise,6,True,False,agreement,False,105,Do you live in a city?,background,4,opposing,0.0,False,3,unanimous,none,3,unanimous,none,3,unanimous,perspective_seeking,3,unanimous
conscious-turquoise,7,True,False,disagreement,True,120,Do you live in a city?,background,4,opposing,0.0,False,3,unanimous,none,3,unanimous,none,3,unanimous,sharing_experience,3,unanimous
conscious-turquoise,9,True,False,agreement,False,150,Do you live in a city?,background,4,opposing,0.0,False,3,unanimous,none,3,unanimous,none,3,unanimous,perspective_seeking,3,unanimous
conscious-turquoise,11,True,False,agreement,False,180,Do you live in a city?,background,4,opposing,0.0,False,3,unanimous,none,3,unanimous,none,3,unanimous,sharing_experience,3,unanimous
conservative-red,0,False,False,not_discussed,False,15,Do you believe in God or a higher power?,religion,0,shared,1.0,False,3,unanimous,none,3,unanimous,none,3,unanimous,rapport_building,3,unanimous
conservative-red,2,True,True,agreement,False,45,Do you believe in God or a higher power?,religion,0,shared,1.0,True,3,unanimous,same_values,3,unanimous,shared_beliefs,3,unanimous,stance_sharing,3,unanimous
conservative-red,3,True,False,agreement,False,60,Do you believe in God or a higher power?,religion,0,shared,1.0,False,3,unanimous,none,3,unanimous,none,3,unanimous,perspective_seeking,3,unanimous
conservative-red,5,True,False,agreement,False,90,Do you believe in God or a higher power?,religion,0,shared,1.0,False,2,majority,none,2,majority,none,2,majority,stance_sharing,3,unanimous
conservative-red,7,True,False,agreement,False,120,Do you believe in God or a higher power?,religion,0,shared,1.0,True,3,unanimous,same_values,3,unanimous,shared_beliefs,3,unanimous,finding_commonality,3,unanimous
conservative-red,8,True,False,agreement,False,135,Do you believe in God or a higher power?,religion,0,shared,1.0,False,3,unanimous,none,3,unanimous,none,3,unanimous,perspective_seeking,3,unanimous
conservative-red,11,True,False,agreement,False,180,Do you believe in God or a higher power?,religion,0,shared,1.0,False,3,unanimous,none,3,unanimous,none,3,unanimous,sharing_experience,3,unanimous
considerable-pink,0,False,False,not_discussed,False,15,Are you a parent or caregiver?,identity,0,shared,0.5,False,3,unanimous,none,3,unanimous,none,3,unanimous,rapport_building,3,unanimous
considerable-pink,1,False,False,not_discussed,False,30,Are you a parent or caregiver?,identity,0,shared,0.5,False,3,unanimous,none,3,unanimous,none,3,unanimous,rapport_building,3,unanimous
considerable-pink,2,True,True,agreement,False,45,Are you a parent or caregiver?,identity,0,shared,0.5,True,3,unanimous,same_values,3,unanimous,shared_thoughts,3,unanimous,stance_sharing,3,unanimous
considerable-pink,3,True,False,agreement,True,60,Are you a parent or caregiver?,identity,0,shared,0.5,False,3,unanimous,none,3,unanimous,none,3,unanimous,exploring_nuance,3,unanimous
considerable-pink,4,True,False,agreement,False,75,Are you a parent or caregiver?,identity,0,shared,0.5,False,3,unanimous,rapport_only,3,unanimous,none,3,unanimous,rapport_building,2,majority
considerable-pink,6,True,False,agreement,False,105,Are you a parent or caregiver?,identity,0,shared,0.5,False,3,unanimous,none,3,unanimous,none,3,unanimous,exploring_nuance,3,unanimous
considerable-pink,7,True,False,agreement,False,120,Are you a parent or caregiver?,identity,0,shared,0.5,True,3,unanimous,related_subtopic,3,unanimous,shared_feelings,2,majority,exploring_nuance,3,unanimous
considerable-pink,8,True,False,agreement,False,135,Are you a parent or caregiver?,identity,0,shared,0.5,True,3,unanimous,related_subtopic,3,unanimous,shared_thoughts,3,unanimous,exploring_nuance,3,unanimous
considerable-pink,9,True,False,agreement,False,150,Are you a parent or caregiver?,identity,0,shared,0.5,True,3,unanimous,related_subtopic,3,unanimous,shared_feelings,2,majority,finding_commonality,3,unanimous
considerable-pink,11,True,False,agreement,False,180,Are you a parent or caregiver?,identity,0,shared,0.5,True,3,unanimous,related_subtopic,3,unanimous,shared_thoughts,3,unanimous,finding_commonality,3,unanimous
considerable-pink,12,True,False,agreement,False,195,Are you a parent or caregiver?,identity,0,shared,0.5,True,3,unanimous,related_subtopic,3,unanimous,shared_thoughts,3,unanimous,finding_commonality,3,unanimous
consistent-salmon,0,False,False,not_discussed,False,15,Do you work from home?,arbitrary,0,shared,1.0,False,3,unanimous,none,3,unanimous,none,3,unanimous,rapport_building,3,unanimous
consistent-salmon,1,True,True,agreement,False,30,Do you work from home?,arbitrary,0,shared,1.0,False,2,majority,none,2,majority,none,2,majority,stance_sharing,3,unanimous
consistent-salmon,2,True,False,agreement,False,45,Do you work from home?,arbitrary,0,shared,1.0,False,3,unanimous,none,3,unanimous,none,3,unanimous,perspective_seeking,3,unanimous
consistent-salmon,3,True,False,agreement,False,60,Do you work from home?,arbitrary,0,shared,1.0,False,3,unanimous,none,3,unanimous,none,3,unanimous,perspective_seeking,2,majority
consistent-salmon,4,True,False,agreement,False,75,Do you work from home?,arbitrary,0,shared,1.0,True,3,unanimous,related_subtopic,2,majority,shared_feelings,3,unanimous,sharing_experience,3,unanimous
consistent-salmon,5,True,False,agreement,False,90,Do you work from home?,arbitrary,0,shared,1.0,False,3,unanimous,none,3,unanimous,none,3,unanimous,perspective_seeking,3,unanimous
consistent-salmon,7,True,False,agreement,False,120,Do you work from home?,arbitrary,0,shared,1.0,False,3,unanimous,none,3,unanimous,none,3,unanimous,sharing_experience,3,unanimous
consistent-salmon,8,True,False,agreement,False,135,Do you work from home?,arbitrary,0,shared,1.0,True,2,majority,related_subtopic,2,majority,shared_feelings,2,majority,sharing_experience,3,unanimous
consistent-salmon,9,True,False,agreement,False,150,Do you work from home?,arbitrary,0,shared,1.0,False,3,unanimous,none,3,unanimous,none,3,unanimous,perspective_seeking,3,unanimous
consistent-salmon,10,True,False,agreement,False,165,Do you work from home?,arbitrary,0,shared,1.0,True,3,unanimous,related_subtopic,3,unanimous,shared_thoughts,3,unanimous,sharing_experience,3,unanimous
consistent-salmon,11,True,False,agreement,False,180,Do you work from home?,arbitrary,0,shared,1.0,False,3,unanimous,rapport_only,3,unanimous,none,3,unanimous,rapport_building,3,unanimous
constitutional-harlequin,1,True,True,disagreement,True,30,Do you go out on weekdays?,arbitrary,0,shared,0.5,False,3,unanimous,none,3,unanimous,none,3,unanimous,stance_sharing,3,unanimous
constitutional-harlequin,2,True,False,disagreement,False,45,Do you go out on weekdays?,arbitrary,0,shared,0.5,False,3,unanimous,none,3,unanimous,none,3,unanimous,perspective_seeking,3,unanimous
constitutional-harlequin,4,True,False,unclear,False,75,Do you go out on weekdays?,arbitrary,0,shared,0.5,True,3,unanimous,related_subtopic,3,unanimous,shared_thoughts,3,unanimous,finding_commonality,2,majority
constitutional-harlequin,5,True,False,disagreement,False,90,Do you go out on weekdays?,arbitrary,0,shared,0.5,False,3,unanimous,none,3,unanimous,none,3,unanimous,perspective_seeking,3,unanimous
constitutional-harlequin,6,True,False,disagreement,False,105,Do you go out on weekdays?,arbitrary,0,shared,0.5,False,3,unanimous,none,3,unanimous,none,3,unanimous,perspective_seeking,3,unanimous
constitutional-harlequin,9,True,False,disagreement,False,150,Do you go out on weekdays?,arbitrary,0,shared,0.5,True,3,unanimous,related_subtopic,2,majority,shared_thoughts,2,majority,finding_commonality,3,unanimous
constitutional-harlequin,11,True,False,disagreement,False,180,Do you go out on weekdays?,arbitrary,0,shared,0.5,True,3,unanimous,related_subtopic,3,unanimous,shared_thoughts,3,unanimous,finding_commonality,3,unanimous
constitutional-harlequin,12,True,False,disagreement,False,195,Do you go out on weekdays?,arbitrary,0,shared,0.5,False,3,unanimous,rapport_only,3,unanimous,none,3,unanimous,rapport_building,3,unanimous
controversial-lavender,1,False,False,not_discussed,False,30,Do you work from home?,arbitrary,0,shared,1.0,False,3,unanimous,none,3,unanimous,none,3,unanimous,stance_sharing,3,unanimous
controversial-lavender,4,True,True,agreement,False,75,Do you work from home?,arbitrary,0,shared,1.0,False,3,unanimous,none,3,unanimous,none,3,unanimous,stance_sharing,3,unanimous
controversial-lavender,5,True,False,agreement,False,90,Do you work from home?,arbitrary,0,shared,1.0,False,3,unanimous,none,3,unanimous,none,3,unanimous,rapport_building,2,majority
controversial-lavender,6,True,False,agreement,False,105,Do you work from home?,arbitrary,0,shared,1.0,False,3,unanimous,none,3,unanimous,none,3,unanimous,perspective_seeking,3,unanimous
controversial-lavender,8,True,False,agreement,False,135,Do you work from home?,arbitrary,0,shared,1.0,False,3,unanimous,none,3,unanimous,none,3,unanimous,sharing_experience,3,unanimous
controversial-lavender,9,True,False,agreement,False,150,Do you work from home?,arbitrary,0,shared,1.0,False,3,unanimous,none,3,unanimous,none,3,unanimous,perspective_seeking,3,unanimous
controversial-lavender,11,True,False,agreement,False,180,Do you work from home?,arbitrary,0,shared,1.0,False,3,unanimous,none,3,unanimous,none,3,unanimous,perspective_seeking,3,unanimous
controversial-lavender,12,True,False,agreement,False,195,Do you work from home?,arbitrary,0,shared,1.0,False,3,unanimous,none,3,unanimous,none,3,unanimous,sharing_experience,3,unanimous
convincing-chocolate,1,False,False,not_discussed,False,30,Do you prefer TV shows over movies?,preferences,0,shared,1.0,False,3,unanimous,none,3,unanimous,none,3,unanimous,stance_sharing,3,unanimous
convincing-chocolate,2,True,True,agreement,False,45,Do you prefer TV shows over movies?,preferences,0,shared,1.0,True,3,unanimous,same_values,3,unanimous,shared_thoughts,3,unanimous,stance_sharing,3,unanimous
convincing-chocolate,4,True,False,agreement,False,75,Do you prefer TV shows over movies?,preferences,0,shared,1.0,False,3,unanimous,none,3,unanimous,none,3,unanimous,exploring_nuance,3,unanimous
convincing-chocolate,5,True,False,agreement,False,90,Do you prefer TV shows over movies?,preferences,0,shared,1.0,False,3,unanimous,none,3,unanimous,none,3,unanimous,perspective_seeking,3,unanimous
convincing-chocolate,6,True,False,agreement,False,105,Do you prefer TV shows over movies?,preferences,0,shared,1.0,False,3,unanimous,none,3,unanimous,none,3,unanimous,stance_sharing,3,unanimous
convincing-chocolate,7,True,False,agreement,False,120,Do you prefer TV shows over movies?,preferences,0,shared,1.0,True,3,unanimous,related_subtopic,3,unanimous,shared_thoughts,3,unanimous,finding_commonality,3,unanimous
convincing-chocolate,8,True,False,agreement,False,135,Do you prefer TV shows over movies?,preferences,0,shared,1.0,False,3,unanimous,none,3,unanimous,none,3,unanimous,exploring_nuance,3,unanimous
convincing-chocolate,9,True,False,agreement,True,150,Do you prefer TV shows over movies?,preferences,0,shared,1.0,False,3,unanimous,none,3,unanimous,none,3,unanimous,stance_sharing,3,unanimous
convincing-chocolate,10,True,False,agreement,True,165,Do you prefer TV shows over movies?,preferences,0,shared,1.0,False,3,unanimous,none,3,unanimous,none,3,unanimous,stance_sharing,2,majority
convincing-chocolate,11,True,False,agreement,False,180,Do you prefer TV shows over movies?,preferences,0,shared,1.0,False,3,unanimous,none,2,majority,none,3,unanimous,other,2,majority
convincing-chocolate,12,True,False,agreement,False,195,Do you prefer TV shows over movies?,preferences,0,shared,1.0,False,3,unanimous,rapport_only,3,unanimous,none,3,unanimous,rapport_building,3,unanimous
corresponding-teal,2,False,False,not_discussed,False,45,Do you live in a warm climate?,background,0,shared,1.0,False,3,unanimous,none,3,unanimous,none,3,unanimous,stance_sharing,3,unanimous
corresponding-teal,4,True,True,agreement,False,75,Do you live in a warm climate?,background,0,shared,1.0,False,3,unanimous,none,3,unanimous,none,3,unanimous,stance_sharing,3,unanimous
corresponding-teal,6,True,False,agreement,False,105,Do you live in a warm climate?,background,0,shared,1.0,True,3,unanimous,same_values,3,unanimous,shared_thoughts,3,unanimous,finding_commonality,3,unanimous
corresponding-teal,9,True,False,agreement,False,150,Do you live in a warm climate?,background,0,shared,1.0,False,3,unanimous,none,3,unanimous,none,3,unanimous,perspective_seeking,3,unanimous
corresponding-teal,10,True,False,agreement,False,165,Do you live in a warm climate?,background,0,shared,1.0,False,3,unanimous,none,3,unanimous,none,3,unanimous,stance_sharing,3,unanimous
corresponding-teal,11,True,False,agreement,True,180,Do you live in a warm climate?,background,0,shared,1.0,False,3,unanimous,none,3,unanimous,none,3,unanimous,sharing_experience,2,majority
costly-salmon,0,False,False,not_discussed,False,15,Do you live in a warm climate?,background,4,opposing,0.0,False,3,unanimous,none,3,unanimous,none,3,unanimous,rapport_building,3,unanimous
costly-salmon,1,False,False,not_discussed,False,30,Do you live in a warm climate?,background,4,opposing,0.0,False,3,unanimous,none,3,unanimous,none,3,unanimous,rapport_building,3,unanimous
costly-salmon,2,False,False,not_discussed,False,45,Do you live in a warm climate?,background,4,opposing,0.0,False,3,unanimous,none,3,unanimous,none,3,unanimous,perspective_seeking,3,unanimous
costly-salmon,3,False,False,not_discussed,False,60,Do you live in a warm climate?,background,4,opposing,0.0,False,3,unanimous,none,3,unanimous,none,3,unanimous,stance_sharing,3,unanimous
costly-salmon,4,False,False,unclear,False,75,Do you live in a warm climate?,background,4,opposing,0.0,False,3,unanimous,none,3,unanimous,none,3,unanimous,sharing_experience,3,unanimous
costly-salmon,5,False,False,unclear,False,90,Do you live in a warm climate?,background,4,opposing,0.0,False,3,unanimous,none,3,unanimous,none,3,unanimous,rapport_building,2,majority
costly-salmon,6,False,False,not_discussed,False,105,Do you live in a warm climate?,background,4,opposing,0.0,False,3,unanimous,none,3,unanimous,none,3,unanimous,perspective_seeking,3,unanimous
costly-salmon,7,True,True,disagreement,True,120,Do you live in a warm climate?,background,4,opposing,0.0,False,3,unanimous,none,3,unanimous,none,3,unanimous,stance_sharing,3,unanimous
costly-salmon,8,True,False,disagreement,False,135,Do you live in a warm climate?,background,4,opposing,0.0,True,3,unanimous,related_subtopic,3,unanimous,shared_thoughts,3,unanimous,finding_commonality,3,unanimous
costly-salmon,9,True,False,disagreement,False,150,Do you live in a warm climate?,background,4,opposing,0.0,False,2,majority,none,2,majority,none,2,majority,finding_commonality,3,unanimous
costly-salmon,10,True,False,disagreement,False,165,Do you live in a warm climate?,background,4,opposing,0.0,False,3,unanimous,none,3,unanimous,none,3,unanimous,perspective_seeking,3,unanimous
costly-salmon,11,True,False,disagreement,False,180,Do you live in a warm climate?,background,4,opposing,0.0,True,3,unanimous,related_subtopic,3,unanimous,shared_feelings,3,unanimous,sharing_experience,3,unanimous
crazy-silver,2,False,False,not_discussed,False,45,Do you identify as heterosexual?,identity,0,shared,1.0,False,3,unanimous,none,3,unanimous,none,3,unanimous,stance_sharing,3,unanimous
crazy-silver,3,True,True,agreement,False,60,Do you identify as heterosexual?,identity,0,shared,1.0,True,2,majority,same_values,2,majority,none,1,no_consensus,stance_sharing,3,unanimous
crazy-silver,4,True,False,agreement,False,75,Do you identify as heterosexual?,identity,0,shared,1.0,False,3,unanimous,none,3,unanimous,none,3,unanimous,other,2,majority
crazy-silver,5,True,False,agreement,False,90,Do you identify as heterosexual?,identity,0,shared,1.0,False,3,unanimous,rapport_only,3,unanimous,none,3,unanimous,rapport_building,3,unanimous
crazy-silver,6,True,False,agreement,False,105,Do you identify as heterosexual?,identity,0,shared,1.0,True,3,unanimous,same_values,3,unanimous,shared_beliefs,3,unanimous,stance_sharing,2,majority
crazy-silver,7,True,False,agreement,True,120,Do you identify as heterosexual?,identity,0,shared,1.0,False,3,unanimous,none,3,unanimous,none,3,unanimous,exploring_nuance,3,unanimous
crazy-silver,9,True,False,agreement,False,150,Do you identify as heterosexual?,identity,0,shared,1.0,False,3,unanimous,none,3,unanimous,none,3,unanimous,other,2,majority
creative-lavender,0,False,False,not_discussed,False,15,Do you feel like the country is moving in the right direction?,politics,1,shared,1.0,False,3,unanimous,none,3,unanimous,none,3,unanimous,rapport_building,3,unanimous
creative-lavender,1,False,False,not_discussed,False,30,Do you feel like the country is moving in the right direction?,politics,1,shared,1.0,False,3,unanimous,none,3,unanimous,none,3,unanimous,perspective_seeking,3,unanimous
creative-lavender,2,False,False,unclear,False,45,Do you feel like the country is moving in the right direction?,politics,1,shared,1.0,False,3,unanimous,none,3,unanimous,none,3,unanimous,stance_sharing,3,unanimous
creative-lavender,3,True,True,agreement,False,60,Do you feel like the country is moving in the right direction?,politics,1,shared,1.0,True,3,unanimous,same_values,3,unanimous,shared_thoughts,3,unanimous,stance_sharing,3,unanimous
creative-lavender,5,True,False,agreement,False,90,Do you feel like the country is moving in the right direction?,politics,1,shared,1.0,False,3,unanimous,none,3,unanimous,none,3,unanimous,stance_sharing,3,unanimous
creative-lavender,7,True,False,agreement,False,120,Do you feel like the country is moving in the right direction?,politics,1,shared,1.0,True,3,unanimous,related_subtopic,3,unanimous,shared_thoughts,3,unanimous,finding_commonality,3,unanimous
creative-lavender,8,True,False,agreement,False,135,Do you feel like the country is moving in the right direction?,politics,1,shared,1.0,True,3,unanimous,related_subtopic,3,unanimous,shared_thoughts,3,unanimous,stance_sharing,2,majority
creative-lavender,9,True,False,agreement,False,150,Do you feel like the country is moving in the right direction?,politics,1,shared,1.0,True,3,unanimous,related_subtopic,3,unanimous,shared_thoughts,2,majority,finding_commonality,3,unanimous
creative-lavender,10,True,False,agreement,False,165,Do you feel like the country is moving in the right direction?,politics,1,shared,1.0,True,3,unanimous,related_subtopic,3,unanimous,shared_beliefs,2,majority,stance_sharing,2,majority
creative-lavender,11,True,False,agreement,False,180,Do you feel like the country is moving in the right direction?,politics,1,shared,1.0,True,3,unanimous,related_subtopic,2,majority,shared_beliefs,3,unanimous,finding_commonality,2,majority
crucial-violet,1,False,False,not_discussed,False,30,Do you go out on weekdays?,arbitrary,0,shared,1.0,False,3,unanimous,none,3,unanimous,none,3,unanimous,stance_sharing,3,unanimous
crucial-violet,2,True,True,agreement,False,45,Do you go out on weekdays?,arbitrary,0,shared,1.0,True,3,unanimous,same_values,3,unanimous,shared_thoughts,3,unanimous,stance_sharing,3,unanimous
crucial-violet,4,True,False,agreement,False,75,Do you go out on weekdays?,arbitrary,0,shared,1.0,False,3,unanimous,none,3,unanimous,none,3,unanimous,perspective_seeking,3,unanimous
crucial-violet,5,True,False,agreement,False,90,Do you go out on weekdays?,arbitrary,0,shared,1.0,False,3,unanimous,none,3,unanimous,none,3,unanimous,stance_sharing,3,unanimous
crucial-violet,7,True,False,agreement,False,120,Do you go out on weekdays?,arbitrary,0,shared,1.0,True,3,unanimous,related_subtopic,3,unanimous,shared_thoughts,3,unanimous,sharing_experience,2,majority
crucial-violet,10,True,False,agreement,False,165,Do you go out on weekdays?,arbitrary,0,shared,1.0,False,3,unanimous,none,3,unanimous,none,3,unanimous,exploring_nuance,3,unanimous
cuddly-coral,0,False,False,not_discussed,False,15,Are you a parent or caregiver?,identity,4,opposing,0.5,False,3,unanimous,none,3,unanimous,none,3,unanimous,stance_sharing,3,unanimous
cuddly-coral,1,True,True,disagreement,True,30,Are you a parent or caregiver?,identity,4,opposing,0.5,False,3,unanimous,rapport_only,2,majority,none,3,unanimous,stance_sharing,3,unanimous
cuddly-coral,4,True,False,disagreement,False,75,Are you a parent or caregiver?,identity,4,opposing,0.5,True,3,unanimous,related_subtopic,3,unanimous,shared_thoughts,3,unanimous,sharing_experience,3,unanimous
cuddly-coral,5,True,False,disagreement,False,90,Are you a parent or caregiver?,identity,4,opposing,0.5,True,3,unanimous,related_subtopic,3,unanimous,shared_thoughts,2,majority,finding_commonality,3,unanimous
cuddly-coral,8,True,False,unclear,False,135,Are you a parent or caregiver?,identity,4,opposing,0.5,True,3,unanimous,related_subtopic,3,unanimous,shared_feelings,3,unanimous,exploring_nuance,3,unanimous
cuddly-coral,10,True,False,disagreement,False,165,Are you a parent or caregiver?,identity,4,opposing,0.5,False,3,unanimous,rapport_only,3,unanimous,none,3,unanimous,rapport_building,3,unanimous
cuddly-coral,11,True,False,unclear,False,180,Are you a parent or caregiver?,identity,4,opposing,0.5,False,3,unanimous,rapport_only,3,unanimous,none,3,unanimous,rapport_building,3,unanimous
cultural-tomato,0,False,False,not_discussed,False,15,Do you believe in God or a higher power?,religion,0,shared,0.5,False,3,unanimous,none,3,unanimous,none,3,unanimous,rapport_building,3,unanimous
cultural-tomato,1,False,False,not_discussed,False,30,Do you believe in God or a higher power?,religion,0,shared,0.5,False,3,unanimous,none,3,unanimous,none,3,unanimous,perspective_seeking,3,unanimous
cultural-tomato,4,True,True,agreement,False,75,Do you believe in God or a higher power?,religion,0,shared,0.5,True,3,unanimous,same_values,3,unanimous,shared_beliefs,3,unanimous,stance_sharing,3,unanimous
cultural-tomato,7,True,False,agreement,False,120,Do you believe in God or a higher power?,religion,0,shared,0.5,False,3,unanimous,none,3,unanimous,none,3,unanimous,exploring_nuance,3,unanimous
cultural-tomato,8,True,False,agreement,False,135,Do you believe in God or a higher power?,religion,0,shared,0.5,False,3,unanimous,none,3,unanimous,none,3,unanimous,sharing_experience,2,majority
cultural-tomato,9,True,False,agreement,False,150,Do you believe in God or a higher power?,religion,0,shared,0.5,True,2,majority,same_values,2,majority,shared_beliefs,2,majority,stance_sharing,3,unanimous
cultural-tomato,10,True,False,agreement,False,165,Do you believe in God or a higher power?,religion,0,shared,0.5,True,3,unanimous,same_values,3,unanimous,shared_thoughts,3,unanimous,exploring_nuance,3,unanimous
cultural-tomato,11,True,False,agreement,False,180,Do you believe in God or a higher power?,religion,0,shared,0.5,True,3,unanimous,same_values,3,unanimous,shared_thoughts,3,unanimous,exploring_nuance,2,majority
curly-amber,0,False,False,not_discussed,False,15,Are you a parent or caregiver?,identity,4,opposing,0.0,False,3,unanimous,none,3,unanimous,none,3,unanimous,rapport_building,3,unanimous
curly-amber,1,False,False,not_discussed,False,30,Are you a parent or caregiver?,identity,4,opposing,0.0,False,3,unanimous,none,3,unanimous,none,3,unanimous,perspective_seeking,3,unanimous
curly-amber,2,True,True,disagreement,True,45,Are you a parent or caregiver?,identity,4,opposing,0.0,False,3,unanimous,none,3,unanimous,none,3,unanimous,stance_sharing,3,unanimous
curly-amber,3,True,False,disagreement,False,60,Are you a parent or caregiver?,identity,4,opposing,0.0,False,3,unanimous,rapport_only,3,unanimous,none,3,unanimous,perspective_seeking,3,unanimous
curly-amber,4,True,False,disagreement,False,75,Are you a parent or caregiver?,identity,4,opposing,0.0,False,3,unanimous,none,3,unanimous,none,3,unanimous,sharing_experience,3,unanimous
curly-amber,5,True,False,disagreement,False,90,Are you a parent or caregiver?,identity,4,opposing,0.0,False,3,unanimous,none,3,unanimous,none,3,unanimous,sharing_experience,3,unanimous
curly-amber,6,True,False,disagreement,False,105,Are you a parent or caregiver?,identity,4,opposing,0.0,True,3,unanimous,related_subtopic,3,unanimous,shared_feelings,3,unanimous,finding_commonality,3,unanimous
curly-amber,7,True,False,disagreement,False,120,Are you a parent or caregiver?,identity,4,opposing,0.0,False,3,unanimous,none,3,unanimous,none,3,unanimous,exploring_nuance,3,unanimous
curly-amber,8,True,False,disagreement,False,135,Are you a parent or caregiver?,identity,4,opposing,0.0,True,3,unanimous,related_subtopic,3,unanimous,shared_thoughts,3,unanimous,finding_commonality,3,unanimous
curly-amber,10,True,False,disagreement,False,165,Are you a parent or caregiver?,identity,4,opposing,0.0,False,3,unanimous,none,3,unanimous,none,3,unanimous,sharing_experience,3,unanimous
curly-amber,11,True,False,disagreement,False,180,Are you a parent or caregiver?,identity,4,opposing,0.0,False,3,unanimous,rapport_only,3,unanimous,none,3,unanimous,rapport_building,3,unanimous
current-cyan,1,False,False,not_discussed,False,30,Do you eat breakfast?,arbitrary,3,opposing,0.5,False,3,unanimous,none,3,unanimous,none,3,unanimous,stance_sharing,3,unanimous
current-cyan,2,True,True,disagreement,True,45,Do you eat breakfast?,arbitrary,3,opposing,0.5,False,3,unanimous,none,3,unanimous,none,3,unanimous,stance_sharing,3,unanimous
current-cyan,3,True,False,disagreement,False,60,Do you eat breakfast?,arbitrary,3,opposing,0.5,False,3,unanimous,none,3,unanimous,none,3,unanimous,perspective_seeking,3,unanimous
current-cyan,4,True,False,disagreement,False,75,Do you eat breakfast?,arbitrary,3,opposing,0.5,False,3,unanimous,rapport_only,3,unanimous,none,3,unanimous,perspective_seeking,3,unanimous
current-cyan,5,True,False,disagreement,False,90,Do you eat breakfast?,arbitrary,3,opposing,0.5,False,3,unanimous,none,3,unanimous,none,3,unanimous,perspective_seeking,3,unanimous
current-cyan,6,True,False,disagreement,False,105,Do you eat breakfast?,arbitrary,3,opposing,0.5,True,3,unanimous,related_subtopic,3,unanimous,shared_thoughts,3,unanimous,finding_commonality,3,unanimous
current-cyan,7,True,False,disagreement,False,120,Do you eat breakfast?,arbitrary,3,opposing,0.5,False,3,unanimous,none,3,unanimous,none,3,unanimous,sharing_experience,3,unanimous
current-cyan,8,True,False,disagreement,True,135,Do you eat breakfast?,arbitrary,3,opposing,0.5,False,3,unanimous,none,3,unanimous,none,3,unanimous,sharing_experience,3,unanimous
current-cyan,9,True,False,disagreement,False,150,Do you eat breakfast?,arbitrary,3,opposing,0.5,True,3,unanimous,related_subtopic,3,unanimous,shared_thoughts,3,unanimous,finding_commonality,3,unanimous
current-cyan,10,True,False,disagreement,False,165,Do you eat breakfast?,arbitrary,3,opposing,0.5,False,3,unanimous,none,3,unanimous,none,3,unanimous,sharing_experience,2,majority
current-cyan,11,True,False,disagreement,True,180,Do you eat breakfast?,arbitrary,3,opposing,0.5,True,3,unanimous,related_subtopic,3,unanimous,shared_thoughts,3,unanimous,finding_commonality,3,unanimous
deaf-gray,0,False,False,not_discussed,False,15,Are you a spiritual person?,religion,1,shared,0.5,False,3,unanimous,none,3,unanimous,none,3,unanimous,rapport_building,3,unanimous
deaf-gray,1,False,False,unclear,False,30,Are you a spiritual person?,religion,1,shared,0.5,False,3,unanimous,none,3,unanimous,none,3,unanimous,perspective_seeking,2,majority
deaf-gray,3,True,True,agreement,False,60,Are you a spiritual person?,religion,1,shared,0.5,True,3,unanimous,same_values,3,unanimous,shared_thoughts,3,unanimous,stance_sharing,3,unanimous
deaf-gray,5,True,False,agreement,False,90,Are you a spiritual person?,religion,1,shared,0.5,False,3,unanimous,none,3,unanimous,none,3,unanimous,exploring_nuance,3,unanimous
deaf-gray,6,True,False,agreement,False,105,Are you a spiritual person?,religion,1,shared,0.5,True,3,unanimous,related_subtopic,3,unanimous,shared_thoughts,3,unanimous,exploring_nuance,3,unanimous
deaf-gray,7,True,False,agreement,False,120,Are you a spiritual person?,religion,1,shared,0.5,False,3,unanimous,none,3,unanimous,none,3,unanimous,exploring_nuance,3,unanimous
deaf-gray,9,True,False,agreement,False,150,Are you a spiritual person?,religion,1,shared,0.5,True,3,unanimous,related_subtopic,3,unanimous,shared_thoughts,3,unanimous,exploring_nuance,3,unanimous
deaf-gray,10,True,False,agreement,True,165,Are you a spiritual person?,religion,1,shared,0.5,False,3,unanimous,none,3,unanimous,none,3,unanimous,perspective_seeking,3,unanimous
deaf-gray,12,True,False,agreement,False,195,Are you a spiritual person?,religion,1,shared,0.5,False,3,unanimous,none,3,unanimous,none,3,unanimous,sharing_experience,3,unanimous
delighted-lavender,1,False,False,unclear,False,30,Do you identify as heterosexual?,identity,4,opposing,0.0,False,3,unanimous,none,3,unanimous,none,3,unanimous,stance_sharing,3,unanimous
delighted-lavender,2,True,True,disagreement,True,45,Do you identify as heterosexual?,identity,4,opposing,0.0,False,3,unanimous,none,3,unanimous,none,3,unanimous,stance_sharing,3,unanimous
delighted-lavender,4,True,False,disagreement,False,75,Do you identify as heterosexual?,identity,4,opposing,0.0,False,3,unanimous,none,3,unanimous,none,3,unanimous,perspective_seeking,3,unanimous
delighted-lavender,5,True,False,disagreement,False,90,Do you identify as heterosexual?,identity,4,opposing,0.0,False,3,unanimous,none,3,unanimous,none,3,unanimous,sharing_experience,3,unanimous
delighted-lavender,7,True,False,disagreement,False,120,Do you identify as heterosexual?,identity,4,opposing,0.0,False,3,unanimous,rapport_only,3,unanimous,none,3,unanimous,rapport_building,2,majority
delightful-emerald,0,False,False,not_discussed,False,15,Do you identify as heterosexual?,identity,4,opposing,0.5,False,3,unanimous,none,2,majority,none,3,unanimous,rapport_building,3,unanimous
delightful-emerald,1,False,False,unclear,False,30,Do you identify as heterosexual?,identity,4,opposing,0.5,False,3,unanimous,none,3,unanimous,none,3,unanimous,stance_sharing,3,unanimous
delightful-emerald,2,True,True,disagreement,True,45,Do you identify as heterosexual?,identity,4,opposing,0.5,False,3,unanimous,none,3,unanimous,none,3,unanimous,stance_sharing,3,unanimous
delightful-emerald,4,True,False,disagreement,False,75,Do you identify as heterosexual?,identity,4,opposing,0.5,False,3,unanimous,none,3,unanimous,none,3,unanimous,sharing_experience,3,unanimous
delightful-emerald,5,True,False,disagreement,False,90,Do you identify as heterosexual?,identity,4,opposing,0.5,False,3,unanimous,rapport_only,3,unanimous,none,3,unanimous,other,2,majority
delightful-emerald,6,True,False,disagreement,False,105,Do you identify as heterosexual?,identity,4,opposing,0.5,True,2,majority,different_topic,2,majority,shared_thoughts,2,majority,rapport_building,3,unanimous
delightful-emerald,8,True,False,disagreement,False,135,Do you identify as heterosexual?,identity,4,opposing,0.5,False,3,unanimous,none,3,unanimous,none,3,unanimous,perspective_seeking,3,unanimous
delightful-emerald,9,True,False,disagreement,False,150,Do you identify as heterosexual?,identity,4,opposing,0.5,True,3,unanimous,related_subtopic,3,unanimous,shared_beliefs,3,unanimous,stance_sharing,3,unanimous
delightful-emerald,10,True,False,disagreement,False,165,Do you identify as heterosexual?,identity,4,opposing,0.5,True,3,unanimous,related_subtopic,3,unanimous,shared_beliefs,2,majority,finding_commonality,3,unanimous
delightful-emerald,11,True,False,disagreement,False,180,Do you identify as heterosexual?,identity,4,opposing,0.5,True,3,unanimous,related_subtopic,3,unanimous,shared_beliefs,3,unanimous,finding_commonality,3,unanimous
delightful-emerald,12,True,False,disagreement,False,195,Do you identify as heterosexual?,identity,4,opposing,0.5,False,2,majority,rapport_only,2,majority,none,2,majority,rapport_building,3,unanimous
dependent-plum,0,False,False,not_discussed,False,15,Do you go out on weekdays?,arbitrary,3,opposing,0.0,False,3,unanimous,none,3,unanimous,none,3,unanimous,rapport_building,3,unanimous
dependent-plum,1,False,False,unclear,False,30,Do you go out on weekdays?,arbitrary,3,opposing,0.0,False,3,unanimous,none,3,unanimous,none,3,unanimous,stance_sharing,3,unanimous
dependent-plum,3,True,True,disagreement,True,60,Do you go out on weekdays?,arbitrary,3,opposing,0.0,False,3,unanimous,none,3,unanimous,none,3,unanimous,stance_sharing,3,unanimous
dependent-plum,4,True,False,disagreement,False,75,Do you go out on weekdays?,arbitrary,3,opposing,0.0,True,3,unanimous,related_subtopic,3,unanimous,shared_thoughts,3,unanimous,finding_commonality,3,unanimous
dependent-plum,5,True,False,disagreement,False,90,Do you go out on weekdays?,arbitrary,3,opposing,0.0,False,3,unanimous,none,3,unanimous,none,3,unanimous,sharing_experience,3,unanimous
dependent-plum,6,True,False,disagreement,False,105,Do you go out on weekdays?,arbitrary,3,opposing,0.0,False,3,unanimous,none,3,unanimous,none,3,unanimous,stance_sharing,3,unanimous
dependent-plum,7,True,False,disagreement,False,120,Do you go out on weekdays?,arbitrary,3,opposing,0.0,False,3,unanimous,none,3,unanimous,none,3,unanimous,perspective_seeking,3,unanimous
dependent-plum,8,True,False,disagreement,False,135,Do you go out on weekdays?,arbitrary,3,opposing,0.0,False,3,unanimous,none,3,unanimous,none,3,unanimous,sharing_experience,3,unanimous
dependent-plum,10,True,False,disagreement,False,165,Do you go out on weekdays?,arbitrary,3,opposing,0.0,False,3,unanimous,none,3,unanimous,none,3,unanimous,sharing_experience,3,unanimous
developing-apricot,1,False,False,not_discussed,False,30,Are you a parent or caregiver?,identity,4,opposing,0.5,False,3,unanimous,none,3,unanimous,none,3,unanimous,stance_sharing,3,unanimous
developing-apricot,2,True,True,disagreement,True,45,Are you a parent or caregiver?,identity,4,opposing,0.5,False,3,unanimous,none,3,unanimous,none,3,unanimous,stance_sharing,3,unanimous
developing-apricot,4,True,False,disagreement,False,75,Are you a parent or caregiver?,identity,4,opposing,0.5,False,3,unanimous,rapport_only,3,unanimous,none,3,unanimous,rapport_building,3,unanimous
developing-apricot,5,True,False,disagreement,False,90,Are you a parent or caregiver?,identity,4,opposing,0.5,False,3,unanimous,none,3,unanimous,none,3,unanimous,sharing_experience,3,unanimous
developing-apricot,6,True,False,disagreement,False,105,Are you a parent or caregiver?,identity,4,opposing,0.5,False,2,majority,rapport_only,2,majority,none,2,majority,rapport_building,2,majority
developing-apricot,8,True,False,disagreement,False,135,Are you a parent or caregiver?,identity,4,opposing,0.5,False,3,unanimous,none,3,unanimous,none,3,unanimous,perspective_seeking,3,unanimous
developing-apricot,10,True,False,disagreement,False,165,Are you a parent or caregiver?,identity,4,opposing,0.5,False,3,unanimous,none,3,unanimous,none,3,unanimous,stance_sharing,2,majority
developing-apricot,11,True,False,disagreement,False,180,Are you a parent or caregiver?,identity,4,opposing,0.5,False,3,unanimous,none,3,unanimous,none,3,unanimous,other,3,unanimous
devoted-maroon,1,False,False,unclear,False,30,Have you stayed in the same place for your entire life?,background,0,shared,1.0,False,3,unanimous,none,3,unanimous,none,3,unanimous,stance_sharing,3,unanimous
devoted-maroon,3,False,False,not_discussed,False,60,Have you stayed in the same place for your entire life?,background,0,shared,1.0,False,3,unanimous,none,3,unanimous,none,3,unanimous,perspective_seeking,3,unanimous
devoted-maroon,5,True,True,agreement,False,90,Have you stayed in the same place for your entire life?,background,0,shared,1.0,False,3,unanimous,none,3,unanimous,none,3,unanimous,stance_sharing,3,unanimous
devoted-maroon,7,True,False,agreement,False,120,Have you stayed in the same place for your entire life?,background,0,shared,1.0,False,3,unanimous,none,3,unanimous,none,3,unanimous,sharing_experience,3,unanimous
devoted-maroon,9,True,False,agreement,False,150,Have you stayed in the same place for your entire life?,background,0,shared,1.0,False,3,unanimous,none,3,unanimous,none,3,unanimous,perspective_seeking,3,unanimous
devoted-maroon,11,True,False,agreement,False,180,Have you stayed in the same place for your entire life?,background,0,shared,1.0,False,3,unanimous,none,3,unanimous,none,3,unanimous,sharing_experience,3,unanimous
difficult-purple,0,False,False,not_discussed,False,15,Do you affiliate with any political party?,politics,4,opposing,0.0,False,3,unanimous,none,3,unanimous,none,3,unanimous,rapport_building,3,unanimous
difficult-purple,1,False,False,not_discussed,False,30,Do you affiliate with any political party?,politics,4,opposing,0.0,False,3,unanimous,none,3,unanimous,none,3,unanimous,rapport_building,3,unanimous
difficult-purple,3,False,False,not_discussed,False,60,Do you affiliate with any political party?,politics,4,opposing,0.0,False,3,unanimous,none,3,unanimous,none,3,unanimous,stance_sharing,3,unanimous
difficult-purple,4,True,True,disagreement,True,75,Do you affiliate with any political party?,politics,4,opposing,0.0,False,3,unanimous,none,3,unanimous,none,3,unanimous,stance_sharing,3,unanimous
difficult-purple,6,True,False,disagreement,False,105,Do you affiliate with any political party?,politics,4,opposing,0.0,False,3,unanimous,none,3,unanimous,none,3,unanimous,stance_sharing,3,unanimous
difficult-purple,9,True,False,disagreement,False,150,Do you affiliate with any political party?,politics,4,opposing,0.0,False,3,unanimous,none,3,unanimous,none,3,unanimous,stance_sharing,3,unanimous
difficult-purple,11,True,False,disagreement,True,180,Do you affiliate with any political party?,politics,4,opposing,0.0,True,3,unanimous,same_values,3,unanimous,shared_thoughts,3,unanimous,finding_commonality,3,unanimous
direct-ivory,0,False,False,not_discussed,False,15,Do you enjoy spending time with your family?,background,0,shared,1.0,False,3,unanimous,none,2,majority,none,3,unanimous,rapport_building,3,unanimous
direct-ivory,4,False,False,not_discussed,False,75,Do you enjoy spending time with your family?,background,0,shared,1.0,False,3,unanimous,none,3,unanimous,none,3,unanimous,stance_sharing,3,unanimous
direct-ivory,5,True,True,agreement,True,90,Do you enjoy spending time with your family?,background,0,shared,1.0,True,3,unanimous,same_values,3,unanimous,shared_thoughts,3,unanimous,stance_sharing,3,unanimous
direct-ivory,7,True,False,agreement,False,120,Do you enjoy spending time with your family?,background,0,shared,1.0,True,3,unanimous,same_values,3,unanimous,shared_thoughts,3,unanimous,exploring_nuance,3,unanimous
direct-ivory,8,True,False,agreement,False,135,Do you enjoy spending time with your family?,background,0,shared,1.0,True,3,unanimous,same_values,3,unanimous,shared_thoughts,3,unanimous,exploring_nuance,3,unanimous
direct-ivory,9,True,False,agreement,False,150,Do you enjoy spending time with your family?,background,0,shared,1.0,True,3,unanimous,same_values,3,unanimous,shared_thoughts,3,unanimous,exploring_nuance,3,unanimous
dirty-lime,1,False,False,unclear,False,30,Did you or your family immigrate to a new country?,background,4,opposing,0.5,False,3,unanimous,none,3,unanimous,none,3,unanimous,stance_sharing,3,unanimous
dirty-lime,2,True,True,disagreement,True,45,Did you or your family immigrate to a new country?,background,4,opposing,0.5,False,3,unanimous,none,3,unanimous,none,3,unanimous,stance_sharing,3,unanimous
dirty-lime,3,True,False,disagreement,False,60,Did you or your family immigrate to a new country?,background,4,opposing,0.5,False,3,unanimous,none,3,unanimous,none,3,unanimous,perspective_seeking,3,unanimous
dirty-lime,5,True,False,disagreement,False,90,Did you or your family immigrate to a new country?,background,4,opposing,0.5,False,3,unanimous,none,3,unanimous,none,3,unanimous,sharing_experience,3,unanimous
dirty-lime,6,True,False,disagreement,False,105,Did you or your family immigrate to a new country?,background,4,opposing,0.5,False,3,unanimous,none,3,unanimous,none,3,unanimous,finding_commonality,3,unanimous
dirty-lime,7,True,False,disagreement,False,120,Did you or your family immigrate to a new country?,background,4,opposing,0.5,False,3,unanimous,none,3,unanimous,none,3,unanimous,perspective_seeking,3,unanimous
dirty-lime,9,True,False,disagreement,False,150,Did you or your family immigrate to a new country?,background,4,opposing,0.5,False,3,unanimous,none,3,unanimous,none,3,unanimous,sharing_experience,3,unanimous
dirty-lime,10,True,False,disagreement,False,165,Did you or your family immigrate to a new country?,background,4,opposing,0.5,False,3,unanimous,none,3,unanimous,none,3,unanimous,perspective_seeking,3,unanimous
disgusted-fuchsia,1,False,False,not_discussed,False,30,Are you affiliated with any organized religion?,religion,4,opposing,1.0,False,3,unanimous,none,3,unanimous,none,3,unanimous,perspective_seeking,3,unanimous
disgusted-fuchsia,2,False,False,unclear,False,45,Are you affiliated with any organized religion?,religion,4,opposing,1.0,False,3,unanimous,none,3,unanimous,none,3,unanimous,stance_sharing,3,unanimous
disgusted-fuchsia,3,True,True,agreement,False,60,Are you affiliated with any organized religion?,religion,4,opposing,1.0,True,3,unanimous,same_values,3,unanimous,shared_beliefs,3,unanimous,stance_sharing,3,unanimous
disgusted-fuchsia,4,True,False,agreement,False,75,Are you affiliated with any organized religion?,religion,4,opposing,1.0,True,3,unanimous,same_values,3,unanimous,shared_beliefs,3,unanimous,finding_commonality,3,unanimous
disgusted-fuchsia,5,True,False,agreement,False,90,Are you affiliated with any organized religion?,religion,4,opposing,1.0,True,3,unanimous,same_values,3,unanimous,shared_thoughts,3,unanimous,finding_commonality,2,majority
disgusted-fuchsia,6,True,False,agreement,False,105,Are you affiliated with any organized religion?,religion,4,opposing,1.0,False,3,unanimous,none,3,unanimous,none,3,unanimous,perspective_seeking,3,unanimous
disgusted-fuchsia,10,True,False,agreement,False,165,Are you affiliated with any organized religion?,religion,4,opposing,1.0,False,3,unanimous,none,3,unanimous,none,3,unanimous,sharing_experience,3,unanimous
disgusted-fuchsia,11,True,False,agreement,False,180,Are you affiliated with any organized religion?,religion,4,opposing,1.0,True,3,unanimous,related_subtopic,3,unanimous,shared_beliefs,2,majority,finding_commonality,2,majority
distinct-emerald,1,False,False,not_discussed,False,30,Are you a parent or caregiver?,identity,4,opposing,0.0,False,3,unanimous,none,3,unanimous,none,3,unanimous,rapport_building,3,unanimous
distinct-emerald,2,True,True,disagreement,True,45,Are you a parent or caregiver?,identity,4,opposing,0.0,False,3,unanimous,none,3,unanimous,none,3,unanimous,stance_sharing,3,unanimous
distinct-emerald,3,True,False,disagreement,True,60,Are you a parent or caregiver?,identity,4,opposing,0.0,False,3,unanimous,none,3,unanimous,none,3,unanimous,stance_sharing,3,unanimous
distinct-emerald,5,True,False,disagreement,False,90,Are you a parent or caregiver?,identity,4,opposing,0.0,False,3,unanimous,none,3,unanimous,none,3,unanimous,perspective_seeking,3,unanimous
distinct-emerald,6,True,False,disagreement,False,105,Are you a parent or caregiver?,identity,4,opposing,0.0,False,3,unanimous,none,3,unanimous,none,3,unanimous,rapport_building,2,majority
distinct-emerald,7,True,False,disagreement,False,120,Are you a parent or caregiver?,identity,4,opposing,0.0,False,3,unanimous,rapport_only,2,majority,none,3,unanimous,rapport_building,3,unanimous
distinct-emerald,9,True,False,disagreement,False,150,Are you a parent or caregiver?,identity,4,opposing,0.0,False,3,unanimous,none,3,unanimous,none,3,unanimous,rapport_building,3,unanimous
distinct-emerald,10,True,False,disagreement,True,165,Are you a parent or caregiver?,identity,4,opposing,0.0,False,3,unanimous,none,3,unanimous,none,3,unanimous,sharing_experience,2,majority
distinct-emerald,11,True,False,disagreement,False,180,Are you a parent or caregiver?,identity,4,opposing,0.0,False,3,unanimous,rapport_only,3,unanimous,none,3,unanimous,rapport_building,3,unanimous
distinct-moccasin,0,False,False,not_discussed,False,15,Do you create art?,preferences,1,shared,1.0,False,3,unanimous,none,3,unanimous,none,3,unanimous,rapport_building,3,unanimous
distinct-moccasin,1,False,False,not_discussed,False,30,Do you create art?,preferences,1,shared,1.0,False,3,unanimous,none,3,unanimous,none,3,unanimous,perspective_seeking,3,unanimous
distinct-moccasin,3,False,False,not_discussed,False,60,Do you create art?,preferences,1,shared,1.0,False,3,unanimous,none,3,unanimous,none,3,unanimous,stance_sharing,3,unanimous
distinct-moccasin,4,False,False,not_discussed,False,75,Do you create art?,preferences,1,shared,1.0,False,3,unanimous,none,3,unanimous,none,3,unanimous,perspective_seeking,3,unanimous
distinct-moccasin,6,False,False,not_discussed,False,105,Do you create art?,preferences,1,shared,1.0,False,3,unanimous,none,3,unanimous,none,3,unanimous,perspective_seeking,3,unanimous
distinct-moccasin,7,True,True,agreement,False,120,Do you create art?,preferences,1,shared,1.0,False,3,unanimous,none,3,unanimous,none,3,unanimous,stance_sharing,3,unanimous
distinct-moccasin,9,True,False,agreement,False,150,Do you create art?,preferences,1,shared,1.0,False,3,unanimous,rapport_only,2,majority,none,3,unanimous,finding_commonality,2,majority
distinct-moccasin,11,True,False,agreement,False,180,Do you create art?,preferences,1,shared,1.0,False,3,unanimous,none,3,unanimous,none,3,unanimous,sharing_experience,3,unanimous
distinct-moccasin,12,True,False,agreement,False,195,Do you create art?,preferences,1,shared,1.0,False,3,unanimous,none,3,unanimous,none,3,unanimous,sharing_experience,3,unanimous
dramatic-amber,0,False,False,not_discussed,False,15,Are people innately good?,morality,0,shared,0.5,False,3,unanimous,none,3,unanimous,none,3,unanimous,stance_sharing,3,unanimous
dramatic-amber,1,True,True,agreement,True,30,Are people innately good?,morality,0,shared,0.5,True,3,unanimous,same_values,3,unanimous,shared_thoughts,2,majority,stance_sharing,3,unanimous
dramatic-amber,2,True,False,agreement,True,45,Are people innately good?,morality,0,shared,0.5,False,3,unanimous,none,3,unanimous,none,3,unanimous,exploring_nuance,3,unanimous
dramatic-amber,3,True,False,agreement,True,60,Are people innately good?,morality,0,shared,0.5,False,3,unanimous,none,3,unanimous,none,3,unanimous,exploring_nuance,3,unanimous
dramatic-amber,4,True,False,agreement,True,75,Are people innately good?,morality,0,shared,0.5,False,3,unanimous,none,3,unanimous,none,3,unanimous,perspective_seeking,3,unanimous
dramatic-amber,5,True,False,agreement,False,90,Are people innately good?,morality,0,shared,0.5,False,3,unanimous,none,3,unanimous,none,3,unanimous,persuading,2,majority
dramatic-amber,6,True,False,disagreement,True,105,Are people innately good?,morality,0,shared,0.5,False,3,unanimous,none,3,unanimous,none,3,unanimous,persuading,3,unanimous
dramatic-amber,7,True,False,agreement,True,120,Are people innately good?,morality,0,shared,0.5,False,3,unanimous,none,3,unanimous,none,3,unanimous,persuading,2,majority
dramatic-amber,8,True,False,disagreement,True,135,Are people innately good?,morality,0,shared,0.5,False,3,unanimous,none,3,unanimous,none,3,unanimous,stance_sharing,3,unanimous
dramatic-amber,9,True,False,disagreement,True,150,Are people innately good?,morality,0,shared,0.5,True,3,unanimous,related_subtopic,3,unanimous,shared_beliefs,3,unanimous,persuading,3,unanimous
dramatic-amber,11,True,False,disagreement,True,180,Are people innately good?,morality,0,shared,0.5,False,3,unanimous,none,3,unanimous,none,3,unanimous,persuading,3,unanimous
dull-jade,2,False,False,not_discussed,False,45,Are you affiliated with any organized religion?,religion,0,shared,1.0,False,3,unanimous,none,3,unanimous,none,3,unanimous,stance_sharing,3,unanimous
dull-jade,3,True,True,agreement,False,60,Are you affiliated with any organized religion?,religion,0,shared,1.0,True,3,unanimous,same_values,3,unanimous,shared_beliefs,3,unanimous,stance_sharing,3,unanimous
dull-jade,11,True,False,agreement,False,180,Are you affiliated with any organized religion?,religion,0,shared,1.0,False,3,unanimous,none,3,unanimous,none,3,unanimous,sharing_experience,3,unanimous
eager-aquamarine,0,False,False,not_discussed,False,15,Are you a parent or caregiver?,identity,4,opposing,0.0,False,3,unanimous,none,3,unanimous,none,3,unanimous,stance_sharing,3,unanimous
eager-aquamarine,1,True,True,disagreement,True,30,Are you a parent or caregiver?,identity,4,opposing,0.0,False,3,unanimous,none,3,unanimous,none,3,unanimous,stance_sharing,3,unanimous
eager-aquamarine,2,True,False,disagreement,False,45,Are you a parent or caregiver?,identity,4,opposing,0.0,False,3,unanimous,rapport_only,3,unanimous,none,3,unanimous,perspective_seeking,3,unanimous
eager-aquamarine,4,True,False,disagreement,False,75,Are you a parent or caregiver?,identity,4,opposing,0.0,False,3,unanimous,none,3,unanimous,none,3,unanimous,perspective_seeking,3,unanimous
eager-aquamarine,6,True,False,disagreement,False,105,Are you a parent or caregiver?,identity,4,opposing,0.0,False,3,unanimous,none,3,unanimous,none,3,unanimous,sharing_experience,3,unanimous
eager-aquamarine,7,True,False,disagreement,False,120,Are you a parent or caregiver?,identity,4,opposing,0.0,False,3,unanimous,rapport_only,3,unanimous,none,3,unanimous,rapport_building,2,majority
eager-aquamarine,9,True,False,disagreement,False,150,Are you a parent or caregiver?,identity,4,opposing,0.0,False,3,unanimous,rapport_only,3,unanimous,none,3,unanimous,rapport_building,3,unanimous
eager-aquamarine,10,True,False,disagreement,False,165,Are you a parent or caregiver?,identity,4,opposing,0.0,True,3,unanimous,different_topic,3,unanimous,shared_feelings,2,majority,finding_commonality,3,unanimous
eager-aquamarine,11,True,False,disagreement,False,180,Are you a parent or caregiver?,identity,4,opposing,0.0,False,2,majority,rapport_only,2,majority,none,2,majority,rapport_building,3,unanimous
eerie-white,2,False,False,not_discussed,False,45,Do you enjoy being outdoors?,arbitrary,4,opposing,1.0,False,3,unanimous,none,3,unanimous,none,3,unanimous,other,3,unanimous
eerie-white,3,False,False,not_discussed,False,60,Do you enjoy being outdoors?,arbitrary,4,opposing,1.0,False,3,unanimous,none,3,unanimous,none,3,unanimous,other,3,unanimous
eerie-white,4,True,True,agreement,False,75,Do you enjoy being outdoors?,arbitrary,4,opposing,1.0,True,3,unanimous,same_values,3,unanimous,shared_feelings,3,unanimous,stance_sharing,3,unanimous
eerie-white,8,True,False,agreement,False,135,Do you enjoy being outdoors?,arbitrary,4,opposing,1.0,False,3,unanimous,none,3,unanimous,none,3,unanimous,perspective_seeking,3,unanimous
eerie-white,9,True,False,agreement,False,150,Do you enjoy being outdoors?,arbitrary,4,opposing,1.0,False,3,unanimous,none,3,unanimous,none,3,unanimous,perspective_seeking,3,unanimous
eerie-white,10,True,False,agreement,False,165,Do you enjoy being outdoors?,arbitrary,4,opposing,1.0,False,3,unanimous,none,2,majority,none,3,unanimous,stance_sharing,2,majority
eerie-white,12,True,False,agreement,False,195,Do you enjoy being outdoors?,arbitrary,4,opposing,1.0,True,3,unanimous,related_subtopic,3,unanimous,shared_feelings,3,unanimous,finding_commonality,3,unanimous
electrical-harlequin,0,False,False,not_discussed,False,15,Do you enjoy spending time with your family?,background,0,shared,1.0,False,3,unanimous,none,3,unanimous,none,3,unanimous,rapport_building,3,unanimous
electrical-harlequin,2,False,False,not_discussed,False,45,Do you enjoy spending time with your family?,background,0,shared,1.0,False,3,unanimous,none,3,unanimous,none,3,unanimous,stance_sharing,3,unanimous
electrical-harlequin,3,True,True,agreement,False,60,Do you enjoy spending time with your family?,background,0,shared,1.0,True,3,unanimous,same_values,3,unanimous,shared_feelings,3,unanimous,stance_sharing,3,unanimous
electrical-harlequin,5,True,False,agreement,False,90,Do you enjoy spending time with your family?,background,0,shared,1.0,True,3,unanimous,same_values,3,unanimous,shared_feelings,3,unanimous,stance_sharing,2,majority
electrical-harlequin,6,True,False,agreement,False,105,Do you enjoy spending time with your family?,background,0,shared,1.0,False,3,unanimous,none,3,unanimous,none,3,unanimous,perspective_seeking,3,unanimous
electrical-harlequin,7,True,False,agreement,False,120,Do you enjoy spending time with your family?,background,0,shared,1.0,True,3,unanimous,related_subtopic,3,unanimous,shared_feelings,3,unanimous,finding_commonality,3,unanimous
electrical-harlequin,8,True,False,agreement,False,135,Do you enjoy spending time with your family?,background,0,shared,1.0,True,3,unanimous,related_subtopic,3,unanimous,shared_feelings,3,unanimous,finding_commonality,2,majority
electrical-harlequin,10,True,False,agreement,False,165,Do you enjoy spending time with your family?,background,0,shared,1.0,True,3,unanimous,related_subtopic,3,unanimous,shared_feelings,3,unanimous,sharing_experience,3,unanimous
empty-amber,0,False,False,not_discussed,False,15,Do you enjoy being outdoors?,arbitrary,3,opposing,0.5,False,3,unanimous,none,3,unanimous,none,3,unanimous,rapport_building,3,unanimous
empty-amber,1,False,False,not_discussed,False,30,Do you enjoy being outdoors?,arbitrary,3,opposing,0.5,False,3,unanimous,none,3,unanimous,none,3,unanimous,stance_sharing,3,unanimous
empty-amber,4,True,True,disagreement,True,75,Do you enjoy being outdoors?,arbitrary,3,opposing,0.5,False,3,unanimous,none,3,unanimous,none,3,unanimous,stance_sharing,3,unanimous
empty-amber,5,True,False,disagreement,False,90,Do you enjoy being outdoors?,arbitrary,3,opposing,0.5,False,3,unanimous,none,3,unanimous,none,3,unanimous,stance_sharing,3,unanimous
empty-amber,6,True,False,disagreement,False,105,Do you enjoy being outdoors?,arbitrary,3,opposing,0.5,False,3,unanimous,rapport_only,3,unanimous,none,3,unanimous,finding_commonality,2,majority
empty-amber,9,True,False,disagreement,False,150,Do you enjoy being outdoors?,arbitrary,3,opposing,0.5,False,3,unanimous,none,3,unanimous,none,3,unanimous,exploring_nuance,2,majority
empty-amber,11,True,False,disagreement,True,180,Do you enjoy being outdoors?,arbitrary,3,opposing,0.5,False,3,unanimous,none,3,unanimous,none,3,unanimous,stance_sharing,2,majority
empty-amber,12,True,False,disagreement,False,195,Do you enjoy being outdoors?,arbitrary,3,opposing,0.5,False,3,unanimous,rapport_only,3,unanimous,none,3,unanimous,rapport_building,3,unanimous
encouraging-violet,1,False,False,unclear,False,30,Do you enjoy being outdoors?,arbitrary,4,opposing,0.5,False,3,unanimous,none,3,unanimous,none,3,unanimous,stance_sharing,3,unanimous
encouraging-violet,4,True,True,disagreement,True,75,Do you enjoy being outdoors?,arbitrary,4,opposing,0.5,False,3,unanimous,none,3,unanimous,none,3,unanimous,stance_sharing,3,unanimous
encouraging-violet,6,True,False,disagreement,False,105,Do you enjoy being outdoors?,arbitrary,4,opposing,0.5,True,3,unanimous,related_subtopic,3,unanimous,shared_feelings,3,unanimous,finding_commonality,3,unanimous
encouraging-violet,10,True,False,disagreement,False,165,Do you enjoy being outdoors?,arbitrary,4,opposing,0.5,True,3,unanimous,related_subtopic,3,unanimous,shared_feelings,3,unanimous,sharing_experience,3,unanimous
encouraging-violet,11,True,False,disagreement,False,180,Do you enjoy being outdoors?,arbitrary,4,opposing,0.5,True,3,unanimous,related_subtopic,3,unanimous,shared_thoughts,3,unanimous,finding_commonality,3,unanimous
enthusiastic-coffee,2,False,False,not_discussed,False,45,Do you live in a warm climate?,background,2,opposing,1.0,False,3,unanimous,none,3,unanimous,none,3,unanimous,stance_sharing,3,unanimous
enthusiastic-coffee,6,True,True,agreement,False,105,Do you live in a warm climate?,background,2,opposing,1.0,True,3,unanimous,same_values,3,unanimous,shared_thoughts,3,unanimous,stance_sharing,2,majority
enthusiastic-coffee,8,True,False,agreement,False,135,Do you live in a warm climate?,background,2,opposing,1.0,True,3,unanimous,same_values,3,unanimous,shared_thoughts,3,unanimous,sharing_experience,3,unanimous
enthusiastic-coffee,11,True,False,agreement,False,180,Do you live in a warm climate?,background,2,opposing,1.0,False,2,majority,rapport_only,2,majority,none,2,majority,rapport_building,3,unanimous
entire-coffee,1,False,False,unclear,False,30,Do you live in a city?,background,3,opposing,0.0,False,3,unanimous,none,3,unanimous,none,3,unanimous,stance_sharing,3,unanimous
entire-coffee,11,True,True,disagreement,True,180,Do you live in a city?,background,3,opposing,0.0,False,3,unanimous,none,3,unanimous,none,3,unanimous,stance_sharing,3,unanimous
entire-coffee,12,True,False,disagreement,False,195,Do you live in a city?,background,3,opposing,0.0,False,3,unanimous,none,3,unanimous,none,3,unanimous,exploring_nuance,3,unanimous
equivalent-brown,0,False,False,not_discussed,False,15,Do you exercise regularly?,arbitrary,1,shared,0.5,False,3,unanimous,none,3,unanimous,none,3,unanimous,rapport_building,3,unanimous
equivalent-brown,1,False,False,not_discussed,False,30,Do you exercise regularly?,arbitrary,1,shared,0.5,False,3,unanimous,none,2,majority,none,3,unanimous,rapport_building,3,unanimous
equivalent-brown,2,False,False,not_discussed,False,45,Do you exercise regularly?,arbitrary,1,shared,0.5,False,3,unanimous,none,3,unanimous,none,3,unanimous,stance_sharing,3,unanimous
equivalent-brown,3,False,False,unclear,False,60,Do you exercise regularly?,arbitrary,1,shared,0.5,False,3,unanimous,none,3,unanimous,none,3,unanimous,rapport_building,3,unanimous
equivalent-brown,4,False,False,unclear,False,75,Do you exercise regularly?,arbitrary,1,shared,0.5,False,3,unanimous,none,3,unanimous,none,3,unanimous,rapport_building,3,unanimous
equivalent-brown,5,True,True,agreement,False,90,Do you exercise regularly?,arbitrary,1,shared,0.5,False,3,unanimous,none,3,unanimous,none,3,unanimous,perspective_seeking,3,unanimous
equivalent-brown,6,True,False,agreement,False,105,Do you exercise regularly?,arbitrary,1,shared,0.5,False,3,unanimous,none,3,unanimous,none,3,unanimous,perspective_seeking,3,unanimous
equivalent-brown,7,True,False,agreement,False,120,Do you exercise regularly?,arbitrary,1,shared,0.5,False,3,unanimous,none,3,unanimous,none,3,unanimous,perspective_seeking,3,unanimous
equivalent-brown,8,True,False,agreement,True,135,Do you exercise regularly?,arbitrary,1,shared,0.5,False,3,unanimous,none,3,unanimous,none,3,unanimous,stance_sharing,3,unanimous
equivalent-brown,9,True,False,agreement,False,150,Do you exercise regularly?,arbitrary,1,shared,0.5,False,3,unanimous,none,3,unanimous,none,3,unanimous,perspective_seeking,2,majority
equivalent-brown,10,True,False,agreement,False,165,Do you exercise regularly?,arbitrary,1,shared,0.5,False,3,unanimous,none,3,unanimous,none,3,unanimous,rapport_building,3,unanimous
equivalent-brown,11,True,False,agreement,False,180,Do you exercise regularly?,arbitrary,1,shared,0.5,False,3,unanimous,rapport_only,3,unanimous,none,3,unanimous,rapport_building,3,unanimous
equivalent-brown,12,True,False,agreement,False,195,Do you exercise regularly?,arbitrary,1,shared,0.5,False,3,unanimous,rapport_only,3,unanimous,none,3,unanimous,rapport_building,3,unanimous
ethnic-indigo,1,False,False,not_discussed,False,30,Do you enjoy spending time with your family?,background,0,shared,1.0,False,3,unanimous,none,3,unanimous,none,3,unanimous,perspective_seeking,3,unanimous
ethnic-indigo,2,False,False,unclear,False,45,Do you enjoy spending time with your family?,background,0,shared,1.0,False,3,unanimous,none,3,unanimous,none,3,unanimous,stance_sharing,3,unanimous
ethnic-indigo,3,False,False,unclear,False,60,Do you enjoy spending time with your family?,background,0,shared,1.0,False,3,unanimous,none,3,unanimous,none,3,unanimous,sharing_experience,3,unanimous
ethnic-indigo,4,False,False,unclear,False,75,Do you enjoy spending time with your family?,background,0,shared,1.0,False,3,unanimous,none,3,unanimous,none,3,unanimous,perspective_seeking,3,unanimous
ethnic-indigo,5,True,True,agreement,False,90,Do you enjoy spending time with your family?,background,0,shared,1.0,True,3,unanimous,same_values,3,unanimous,shared_feelings,3,unanimous,stance_sharing,3,unanimous
ethnic-indigo,7,True,False,agreement,True,120,Do you enjoy spending time with your family?,background,0,shared,1.0,False,3,unanimous,none,3,unanimous,none,3,unanimous,perspective_seeking,3,unanimous
ethnic-indigo,10,True,False,agreement,False,165,Do you enjoy spending time with your family?,background,0,shared,1.0,False,3,unanimous,none,3,unanimous,none,3,unanimous,sharing_experience,3,unanimous
eventual-cyan,1,False,False,not_discussed,False,30,Do you exercise regularly?,arbitrary,0,shared,1.0,False,3,unanimous,none,3,unanimous,none,3,unanimous,other,3,unanimous
eventual-cyan,2,False,False,not_discussed,False,45,Do you exercise regularly?,arbitrary,0,shared,1.0,False,3,unanimous,none,3,unanimous,none,3,unanimous,stance_sharing,3,unanimous
eventual-cyan,3,True,True,agreement,False,60,Do you exercise regularly?,arbitrary,0,shared,1.0,False,2,majority,none,2,majority,none,2,majority,stance_sharing,2,majority
eventual-cyan,4,True,False,agreement,True,75,Do you exercise regularly?,arbitrary,0,shared,1.0,False,3,unanimous,none,3,unanimous,none,3,unanimous,sharing_experience,3,unanimous
eventual-cyan,6,True,False,agreement,True,105,Do you exercise regularly?,arbitrary,0,shared,1.0,False,3,unanimous,none,3,unanimous,none,3,unanimous,sharing_experience,2,majority
eventual-cyan,7,True,False,agreement,False,120,Do you exercise regularly?,arbitrary,0,shared,1.0,False,3,unanimous,none,3,unanimous,none,3,unanimous,sharing_experience,3,unanimous
eventual-cyan,9,True,False,agreement,True,150,Do you exercise regularly?,arbitrary,0,shared,1.0,True,2,majority,related_subtopic,2,majority,shared_thoughts,2,majority,sharing_experience,2,majority
eventual-cyan,10,True,False,agreement,False,165,Do you exercise regularly?,arbitrary,0,shared,1.0,False,3,unanimous,none,3,unanimous,none,3,unanimous,sharing_experience,3,unanimous
eventual-cyan,11,True,False,agreement,False,180,Do you exercise regularly?,arbitrary,0,shared,1.0,True,3,unanimous,related_subtopic,3,unanimous,shared_feelings,3,unanimous,finding_commonality,3,unanimous
excellent-fuchsia,1,False,False,unclear,False,30,Have you stayed in the same place for your entire life?,background,3,opposing,0.0,False,3,unanimous,none,3,unanimous,none,3,unanimous,stance_sharing,3,unanimous
excellent-fuchsia,2,True,True,disagreement,True,45,Have you stayed in the same place for your entire life?,background,3,opposing,0.0,False,3,unanimous,none,3,unanimous,none,3,unanimous,perspective_seeking,3,unanimous
excellent-fuchsia,3,True,False,disagreement,False,60,Have you stayed in the same place for your entire life?,background,3,opposing,0.0,False,3,unanimous,none,3,unanimous,none,3,unanimous,perspective_seeking,3,unanimous
excellent-fuchsia,4,True,False,disagreement,False,75,Have you stayed in the same place for your entire life?,background,3,opposing,0.0,False,2,majority,none,2,majority,none,2,majority,finding_commonality,2,majority
excellent-fuchsia,6,True,False,disagreement,False,105,Have you stayed in the same place for your entire life?,background,3,opposing,0.0,False,3,unanimous,rapport_only,3,unanimous,none,3,unanimous,rapport_building,3,unanimous
excellent-fuchsia,7,True,False,disagreement,False,120,Have you stayed in the same place for your entire life?,background,3,opposing,0.0,False,3,unanimous,none,3,unanimous,none,3,unanimous,perspective_seeking,3,unanimous
excellent-fuchsia,9,True,False,disagreement,False,150,Have you stayed in the same place for your entire life?,background,3,opposing,0.0,False,3,unanimous,none,3,unanimous,none,3,unanimous,sharing_experience,3,unanimous
excellent-fuchsia,10,True,False,disagreement,False,165,Have you stayed in the same place for your entire life?,background,3,opposing,0.0,False,3,unanimous,rapport_only,3,unanimous,none,3,unanimous,perspective_seeking,3,unanimous
excellent-fuchsia,11,True,False,disagreement,False,180,Have you stayed in the same place for your entire life?,background,3,opposing,0.0,False,3,unanimous,none,3,unanimous,none,3,unanimous,perspective_seeking,3,unanimous
exceptional-maroon,0,False,False,not_discussed,False,15,Can stealing ever be justified?,morality,2,opposing,0.0,False,3,unanimous,none,3,unanimous,none,3,unanimous,rapport_building,3,unanimous
exceptional-maroon,1,False,False,not_discussed,False,30,Can stealing ever be justified?,morality,2,opposing,0.0,False,3,unanimous,none,3,unanimous,none,3,unanimous,stance_sharing,3,unanimous
exceptional-maroon,2,True,True,disagreement,True,45,Can stealing ever be justified?,morality,2,opposing,0.0,False,3,unanimous,none,3,unanimous,none,3,unanimous,stance_sharing,3,unanimous
exceptional-maroon,3,True,False,disagreement,True,60,Can stealing ever be justified?,morality,2,opposing,0.0,False,3,unanimous,none,3,unanimous,none,3,unanimous,exploring_nuance,3,unanimous
exceptional-maroon,5,True,False,disagreement,True,90,Can stealing ever be justified?,morality,2,opposing,0.0,False,3,unanimous,none,3,unanimous,none,3,unanimous,persuading,3,unanimous
exceptional-maroon,6,True,False,disagreement,True,105,Can stealing ever be justified?,morality,2,opposing,0.0,False,3,unanimous,none,3,unanimous,none,3,unanimous,persuading,3,unanimous
exceptional-maroon,9,True,False,disagreement,True,150,Can stealing ever be justified?,morality,2,opposing,0.0,False,3,unanimous,none,3,unanimous,none,3,unanimous,persuading,3,unanimous
exceptional-maroon,11,True,False,disagreement,True,180,Can stealing ever be justified?,morality,2,opposing,0.0,False,3,unanimous,none,3,unanimous,none,3,unanimous,persuading,3,unanimous
expensive-orange,0,False,False,not_discussed,False,15,Are you a parent or caregiver?,identity,4,opposing,0.0,False,3,unanimous,none,3,unanimous,none,3,unanimous,stance_sharing,3,unanimous
expensive-orange,1,True,True,disagreement,True,30,Are you a parent or caregiver?,identity,4,opposing,0.0,False,3,unanimous,none,3,unanimous,none,3,unanimous,stance_sharing,3,unanimous
expensive-orange,5,True,False,disagreement,False,90,Are you a parent or caregiver?,identity,4,opposing,0.0,False,3,unanimous,none,3,unanimous,none,3,unanimous,other,3,unanimous
expensive-orange,6,True,False,disagreement,False,105,Are you a parent or caregiver?,identity,4,opposing,0.0,False,3,unanimous,none,3,unanimous,none,3,unanimous,perspective_seeking,3,unanimous
expensive-orange,7,True,False,disagreement,False,120,Are you a parent or caregiver?,identity,4,opposing,0.0,False,3,unanimous,none,3,unanimous,none,3,unanimous,sharing_experience,3,unanimous
expensive-orange,8,True,False,disagreement,False,135,Are you a parent or caregiver?,identity,4,opposing,0.0,False,3,unanimous,none,3,unanimous,none,3,unanimous,other,3,unanimous
expensive-orange,10,True,False,disagreement,False,165,Are you a parent or caregiver?,identity,4,opposing,0.0,False,3,unanimous,rapport_only,3,unanimous,none,3,unanimous,rapport_building,3,unanimous
expensive-orange,12,True,False,disagreement,False,195,Are you a parent or caregiver?,identity,4,opposing,0.0,False,3,unanimous,rapport_only,2,majority,none,3,unanimous,rapport_building,2,majority
extended-maroon,0,False,False,not_discussed,False,15,Do you enjoy being outdoors?,arbitrary,3,opposing,0.5,False,3,unanimous,none,3,unanimous,none,3,unanimous,rapport_building,3,unanimous
extended-maroon,2,False,False,unclear,False,45,Do you enjoy being outdoors?,arbitrary,3,opposing,0.5,False,3,unanimous,none,3,unanimous,none,3,unanimous,stance_sharing,3,unanimous
extended-maroon,4,True,True,unclear,False,75,Do you enjoy being outdoors?,arbitrary,3,opposing,0.5,False,3,unanimous,none,3,unanimous,none,3,unanimous,stance_sharing,3,unanimous
extended-maroon,5,True,False,agreement,False,90,Do you enjoy being outdoors?,arbitrary,3,opposing,0.5,True,3,unanimous,same_values,2,majority,shared_thoughts,3,unanimous,finding_commonality,3,unanimous
extended-maroon,7,True,False,agreement,False,120,Do you enjoy being outdoors?,arbitrary,3,opposing,0.5,True,3,unanimous,same_values,3,unanimous,shared_thoughts,3,unanimous,stance_sharing,2,majority
extended-maroon,8,True,False,agreement,False,135,Do you enjoy being outdoors?,arbitrary,3,opposing,0.5,True,3,unanimous,related_subtopic,3,unanimous,shared_thoughts,3,unanimous,finding_commonality,3,unanimous
extended-maroon,9,True,False,agreement,False,150,Do you enjoy being outdoors?,arbitrary,3,opposing,0.5,True,3,unanimous,same_values,3,unanimous,shared_thoughts,3,unanimous,finding_commonality,3,unanimous
extended-maroon,10,True,False,agreement,False,165,Do you enjoy being outdoors?,arbitrary,3,opposing,0.5,True,3,unanimous,same_values,2,majority,shared_thoughts,3,unanimous,finding_commonality,3,unanimous
exuberant-black,1,False,False,not_discussed,False,30,Do you attend live music concerts?,preferences,4,opposing,0.0,False,3,unanimous,none,3,unanimous,none,3,unanimous,perspective_seeking,3,unanimous
exuberant-black,2,False,False,unclear,False,45,Do you attend live music concerts?,preferences,4,opposing,0.0,False,3,unanimous,none,3,unanimous,none,3,unanimous,stance_sharing,3,unanimous
exuberant-black,4,False,False,unclear,False,75,Do you attend live music concerts?,preferences,4,opposing,0.0,False,3,unanimous,none,3,unanimous,none,3,unanimous,perspective_seeking,3,unanimous
exuberant-black,7,False,False,not_discussed,False,120,Do you attend live music concerts?,preferences,4,opposing,0.0,False,3,unanimous,none,3,unanimous,none,3,unanimous,stance_sharing,3,unanimous
exuberant-black,10,True,True,disagreement,True,165,Do you attend live music concerts?,preferences,4,opposing,0.0,False,3,unanimous,none,3,unanimous,none,3,unanimous,stance_sharing,3,unanimous
exuberant-black,11,True,False,disagreement,False,180,Do you attend live music concerts?,preferences,4,opposing,0.0,False,3,unanimous,rapport_only,2,majority,none,3,unanimous,other,3,unanimous
fair-blush,1,False,False,not_discussed,False,30,Do you live in a warm climate?,background,2,opposing,0.0,False,3,unanimous,none,3,unanimous,none,3,unanimous,exploring_nuance,3,unanimous
fair-blush,2,False,False,not_discussed,False,45,Do you live in a warm climate?,background,2,opposing,0.0,False,3,unanimous,none,3,unanimous,none,3,unanimous,exploring_nuance,3,unanimous
fair-blush,3,False,False,not_discussed,False,60,Do you live in a warm climate?,background,2,opposing,0.0,False,3,unanimous,none,3,unanimous,none,3,unanimous,perspective_seeking,3,unanimous
fair-blush,5,False,False,not_discussed,False,90,Do you live in a warm climate?,background,2,opposing,0.0,False,3,unanimous,none,3,unanimous,none,3,unanimous,stance_sharing,3,unanimous
fair-blush,6,False,False,not_discussed,False,105,Do you live in a warm climate?,background,2,opposing,0.0,False,3,unanimous,none,3,unanimous,none,3,unanimous,sharing_experience,3,unanimous
fair-blush,7,False,False,not_discussed,False,120,Do you live in a warm climate?,background,2,opposing,0.0,False,3,unanimous,none,3,unanimous,none,3,unanimous,perspective_seeking,3,unanimous
fair-blush,8,True,True,disagreement,True,135,Do you live in a warm climate?,background,2,opposing,0.0,False,3,unanimous,none,3,unanimous,none,3,unanimous,stance_sharing,3,unanimous
fair-blush,9,True,True,disagreement,False,150,Do you live in a warm climate?,background,2,opposing,0.0,False,3,unanimous,none,3,unanimous,none,3,unanimous,stance_sharing,2,majority
fair-blush,10,True,False,disagreement,True,165,Do you live in a warm climate?,background,2,opposing,0.0,False,3,unanimous,none,3,unanimous,none,3,unanimous,sharing_experience,3,unanimous
fair-blush,11,True,False,disagreement,False,180,Do you live in a warm climate?,background,2,opposing,0.0,False,3,unanimous,rapport_only,3,unanimous,none,3,unanimous,rapport_building,3,unanimous
faithful-lavender,1,False,False,not_discussed,False,30,Are you married or dating someone?,identity,4,opposing,0.5,False,3,unanimous,none,3,unanimous,none,3,unanimous,stance_sharing,3,unanimous
faithful-lavender,3,True,True,disagreement,True,60,Are you married or dating someone?,identity,4,opposing,0.5,False,3,unanimous,none,3,unanimous,none,3,unanimous,stance_sharing,3,unanimous
faithful-lavender,5,True,False,disagreement,False,90,Are you married or dating someone?,identity,4,opposing,0.5,False,3,unanimous,rapport_only,3,unanimous,none,3,unanimous,perspective_seeking,2,majority
faithful-lavender,6,True,False,disagreement,False,105,Are you married or dating someone?,identity,4,opposing,0.5,False,3,unanimous,none,3,unanimous,none,3,unanimous,sharing_experience,3,unanimous
faithful-lavender,9,True,False,disagreement,False,150,Are you married or dating someone?,identity,4,opposing,0.5,False,3,unanimous,none,2,majority,none,3,unanimous,stance_sharing,3,unanimous
faithful-lavender,11,True,False,disagreement,False,180,Are you married or dating someone?,identity,4,opposing,0.5,False,3,unanimous,none,3,unanimous,none,3,unanimous,sharing_experience,3,unanimous
far-fuchsia,1,False,False,unclear,False,30,Do you live in a city?,background,3,opposing,1.0,False,3,unanimous,none,3,unanimous,none,3,unanimous,stance_sharing,3,unanimous
far-fuchsia,3,True,True,disagreement,True,60,Do you live in a city?,background,3,opposing,1.0,False,3,unanimous,none,2,majority,none,3,unanimous,stance_sharing,3,unanimous
far-fuchsia,4,True,False,disagreement,False,75,Do you live in a city?,background,3,opposing,1.0,False,3,unanimous,none,3,unanimous,none,3,unanimous,perspective_seeking,3,unanimous
far-fuchsia,5,True,False,disagreement,False,90,Do you live in a city?,background,3,opposing,1.0,False,3,unanimous,none,3,unanimous,none,3,unanimous,stance_sharing,3,unanimous
far-fuchsia,6,True,False,disagreement,False,105,Do you live in a city?,background,3,opposing,1.0,False,3,unanimous,none,3,unanimous,none,3,unanimous,stance_sharing,2,majority
far-fuchsia,7,True,False,disagreement,False,120,Do you live in a city?,background,3,opposing,1.0,False,3,unanimous,none,3,unanimous,none,3,unanimous,other,3,unanimous
far-fuchsia,8,True,False,disagreement,False,135,Do you live in a city?,background,3,opposing,1.0,True,3,unanimous,different_topic,3,unanimous,shared_thoughts,3,unanimous,perspective_seeking,3,unanimous
far-fuchsia,9,True,False,disagreement,False,150,Do you live in a city?,background,3,opposing,1.0,True,3,unanimous,related_subtopic,3,unanimous,shared_feelings,3,unanimous,stance_sharing,3,unanimous
far-harlequin,0,False,False,not_discussed,False,15,Do you identify as heterosexual?,identity,4,opposing,0.5,False,3,unanimous,none,3,unanimous,none,3,unanimous,stance_sharing,3,unanimous
far-harlequin,1,True,True,disagreement,True,30,Do you identify as heterosexual?,identity,4,opposing,0.5,False,3,unanimous,none,3,unanimous,none,3,unanimous,stance_sharing,3,unanimous
far-harlequin,2,True,False,disagreement,False,45,Do you identify as heterosexual?,identity,4,opposing,0.5,False,3,unanimous,none,3,unanimous,none,3,unanimous,other,2,majority
far-harlequin,3,True,False,disagreement,False,60,Do you identify as heterosexual?,identity,4,opposing,0.5,True,3,unanimous,different_topic,3,unanimous,shared_feelings,3,unanimous,rapport_building,3,unanimous
far-harlequin,7,True,False,disagreement,False,120,Do you identify as heterosexual?,identity,4,opposing,0.5,False,3,unanimous,rapport_only,2,majority,none,3,unanimous,rapport_building,3,unanimous
far-harlequin,8,True,False,disagreement,False,135,Do you identify as heterosexual?,identity,4,opposing,0.5,False,3,unanimous,rapport_only,3,unanimous,none,3,unanimous,rapport_building,3,unanimous
far-harlequin,9,True,False,disagreement,False,150,Do you identify as heterosexual?,identity,4,opposing,0.5,False,3,unanimous,rapport_only,2,majority,none,3,unanimous,rapport_building,3,unanimous
far-harlequin,10,True,False,disagreement,False,165,Do you identify as heterosexual?,identity,4,opposing,0.5,True,3,unanimous,different_topic,3,unanimous,shared_feelings,3,unanimous,rapport_building,3,unanimous
fellow-brown,0,False,False,not_discussed,False,15,Do you regularly attend religious services?,religion,4,opposing,0.0,False,3,unanimous,none,3,unanimous,none,3,unanimous,rapport_building,3,unanimous
fellow-brown,1,True,True,disagreement,True,30,Do you regularly attend religious services?,religion,4,opposing,0.0,False,3,unanimous,none,3,unanimous,none,3,unanimous,stance_sharing,3,unanimous
fellow-brown,2,True,False,disagreement,True,45,Do you regularly attend religious services?,religion,4,opposing,0.0,False,3,unanimous,none,3,unanimous,none,3,unanimous,sharing_experience,3,unanimous
fellow-brown,3,True,False,disagreement,True,60,Do you regularly attend religious services?,religion,4,opposing,0.0,False,3,unanimous,none,3,unanimous,none,3,unanimous,sharing_experience,3,unanimous
fellow-brown,6,True,False,disagreement,False,105,Do you regularly attend religious services?,religion,4,opposing,0.0,False,3,unanimous,none,2,majority,none,3,unanimous,perspective_seeking,3,unanimous
fellow-brown,8,True,False,disagreement,False,135,Do you regularly attend religious services?,religion,4,opposing,0.0,False,3,unanimous,none,3,unanimous,none,3,unanimous,sharing_experience,3,unanimous
fellow-brown,11,True,False,disagreement,True,180,Do you regularly attend religious services?,religion,4,opposing,0.0,True,3,unanimous,related_subtopic,3,unanimous,shared_feelings,3,unanimous,finding_commonality,3,unanimous
fellow-brown,12,True,False,disagreement,False,195,Do you regularly attend religious services?,religion,4,opposing,0.0,False,3,unanimous,rapport_only,3,unanimous,none,3,unanimous,rapport_building,3,unanimous
feminist-scarlet,0,False,False,not_discussed,False,15,Do you live in a warm climate?,background,4,opposing,0.5,False,3,unanimous,none,3,unanimous,none,3,unanimous,stance_sharing,3,unanimous
feminist-scarlet,1,False,False,not_discussed,False,30,Do you live in a warm climate?,background,4,opposing,0.5,False,3,unanimous,none,3,unanimous,none,3,unanimous,exploring_nuance,2,majority
feminist-scarlet,2,True,True,disagreement,True,45,Do you live in a warm climate?,background,4,opposing,0.5,False,3,unanimous,none,3,unanimous,none,3,unanimous,stance_sharing,3,unanimous
feminist-scarlet,4,True,False,disagreement,False,75,Do you live in a warm climate?,background,4,opposing,0.5,False,3,unanimous,none,3,unanimous,none,3,unanimous,perspective_seeking,2,majority
feminist-scarlet,5,True,False,disagreement,False,90,Do you live in a warm climate?,background,4,opposing,0.5,False,3,unanimous,none,3,unanimous,none,3,unanimous,other,3,unanimous
feminist-scarlet,8,True,False,disagreement,True,135,Do you live in a warm climate?,background,4,opposing,0.5,False,3,unanimous,none,3,unanimous,none,3,unanimous,stance_sharing,3,unanimous
feminist-scarlet,10,True,False,disagreement,True,165,Do you live in a warm climate?,background,4,opposing,0.5,False,3,unanimous,none,3,unanimous,none,3,unanimous,stance_sharing,2,majority
feminist-scarlet,11,True,False,disagreement,False,180,Do you live in a warm climate?,background,4,opposing,0.5,False,3,unanimous,none,3,unanimous,none,3,unanimous,perspective_seeking,3,unanimous
filthy-rose,1,False,False,unclear,False,30,Do you work from home?,arbitrary,4,opposing,0.0,False,3,unanimous,none,3,unanimous,none,3,unanimous,stance_sharing,3,unanimous
filthy-rose,2,False,False,unclear,False,45,Do you work from home?,arbitrary,4,opposing,0.0,False,3,unanimous,none,3,unanimous,none,3,unanimous,perspective_seeking,3,unanimous
filthy-rose,4,False,False,not_discussed,False,75,Do you work from home?,arbitrary,4,opposing,0.0,False,3,unanimous,none,3,unanimous,none,3,unanimous,perspective_seeking,3,unanimous
filthy-rose,5,True,True,disagreement,True,90,Do you work from home?,arbitrary,4,opposing,0.0,False,3,unanimous,none,3,unanimous,none,3,unanimous,stance_sharing,3,unanimous
filthy-rose,6,True,False,disagreement,False,105,Do you work from home?,arbitrary,4,opposing,0.0,False,3,unanimous,none,3,unanimous,none,3,unanimous,perspective_seeking,3,unanimous
filthy-rose,7,True,False,disagreement,False,120,Do you work from home?,arbitrary,4,opposing,0.0,False,3,unanimous,none,3,unanimous,none,3,unanimous,sharing_experience,3,unanimous
filthy-rose,8,True,False,disagreement,False,135,Do you work from home?,arbitrary,4,opposing,0.0,False,3,unanimous,rapport_only,3,unanimous,none,3,unanimous,rapport_building,3,unanimous
filthy-rose,9,True,False,disagreement,False,150,Do you work from home?,arbitrary,4,opposing,0.0,False,3,unanimous,rapport_only,2,majority,none,3,unanimous,perspective_seeking,3,unanimous
filthy-rose,10,True,False,disagreement,False,165,Do you work from home?,arbitrary,4,opposing,0.0,False,3,unanimous,none,3,unanimous,none,3,unanimous,sharing_experience,3,unanimous
filthy-rose,11,True,False,disagreement,False,180,Do you work from home?,arbitrary,4,opposing,0.0,False,3,unanimous,none,3,unanimous,none,3,unanimous,perspective_seeking,3,unanimous
financial-lime,0,False,False,not_discussed,False,15,Do you enjoy being outdoors?,arbitrary,4,opposing,0.5,False,3,unanimous,none,3,unanimous,none,3,unanimous,rapport_building,3,unanimous
financial-lime,1,False,False,not_discussed,False,30,Do you enjoy being outdoors?,arbitrary,4,opposing,0.5,False,3,unanimous,none,3,unanimous,none,3,unanimous,perspective_seeking,2,majority
financial-lime,4,False,False,unclear,False,75,Do you enjoy being outdoors?,arbitrary,4,opposing,0.5,False,3,unanimous,none,3,unanimous,none,3,unanimous,stance_sharing,3,unanimous
financial-lime,6,True,True,disagreement,True,105,Do you enjoy being outdoors?,arbitrary,4,opposing,0.5,False,3,unanimous,none,3,unanimous,none,3,unanimous,stance_sharing,3,unanimous
financial-lime,9,True,False,disagreement,False,150,Do you enjoy being outdoors?,arbitrary,4,opposing,0.5,True,3,unanimous,related_subtopic,3,unanimous,shared_feelings,3,unanimous,finding_commonality,3,unanimous
financial-lime,11,True,False,disagreement,False,180,Do you enjoy being outdoors?,arbitrary,4,opposing,0.5,True,3,unanimous,related_subtopic,3,unanimous,shared_thoughts,2,majority,finding_commonality,3,unanimous
fine-lime,1,False,False,unclear,False,30,Do you identify as heterosexual?,identity,0,shared,1.0,False,3,unanimous,none,3,unanimous,none,3,unanimous,stance_sharing,3,unanimous
fine-lime,2,True,True,agreement,False,45,Do you identify as heterosexual?,identity,0,shared,1.0,True,3,unanimous,same_values,3,unanimous,shared_beliefs,2,majority,stance_sharing,3,unanimous
fine-lime,4,True,False,agreement,False,75,Do you identify as heterosexual?,identity,0,shared,1.0,False,3,unanimous,none,3,unanimous,none,3,unanimous,exploring_nuance,3,unanimous
fine-lime,5,True,False,agreement,False,90,Do you identify as heterosexual?,identity,0,shared,1.0,True,3,unanimous,related_subtopic,3,unanimous,shared_beliefs,3,unanimous,finding_commonality,3,unanimous
fine-lime,8,True,False,agreement,False,135,Do you identify as heterosexual?,identity,0,shared,1.0,False,3,unanimous,none,3,unanimous,none,3,unanimous,perspective_seeking,3,unanimous
fine-lime,11,True,False,agreement,False,180,Do you identify as heterosexual?,identity,0,shared,1.0,True,3,unanimous,related_subtopic,3,unanimous,shared_thoughts,3,unanimous,stance_sharing,3,unanimous
fine-olive,2,False,False,not_discussed,False,45,Should events in politicians' personal lives impact their ability to hold public office?,politics,2,opposing,0.5,False,3,unanimous,none,3,unanimous,none,3,unanimous,stance_sharing,3,unanimous
fine-olive,3,False,False,unclear,False,60,Should events in politicians' personal lives impact their ability to hold public office?,politics,2,opposing,0.5,False,3,unanimous,none,3,unanimous,none,3,unanimous,rapport_building,3,unanimous
fine-olive,7,True,True,disagreement,True,120,Should events in politicians' personal lives impact their ability to hold public office?,politics,2,opposing,0.5,False,3,unanimous,none,3,unanimous,none,3,unanimous,stance_sharing,3,unanimous
fine-olive,10,True,False,disagreement,True,165,Should events in politicians' personal lives impact their ability to hold public office?,politics,2,opposing,0.5,False,3,unanimous,none,3,unanimous,none,3,unanimous,exploring_nuance,2,majority
fine-olive,12,True,False,disagreement,False,195,Should events in politicians' personal lives impact their ability to hold public office?,politics,2,opposing,0.5,False,3,unanimous,none,3,unanimous,none,3,unanimous,other,3,unanimous
firm-sapphire,0,False,False,not_discussed,False,15,Do you prefer TV shows over movies?,preferences,0,shared,1.0,False,3,unanimous,none,3,unanimous,none,3,unanimous,rapport_building,3,unanimous
firm-sapphire,1,True,True,agreement,False,30,Do you prefer TV shows over movies?,preferences,0,shared,1.0,True,3,unanimous,same_values,3,unanimous,shared_thoughts,3,unanimous,stance_sharing,3,unanimous
firm-sapphire,2,True,False,agreement,False,45,Do you prefer TV shows over movies?,preferences,0,shared,1.0,True,3,unanimous,same_values,3,unanimous,shared_thoughts,3,unanimous,finding_commonality,3,unanimous
firm-sapphire,3,True,False,agreement,False,60,Do you prefer TV shows over movies?,preferences,0,shared,1.0,False,3,unanimous,none,3,unanimous,none,3,unanimous,exploring_nuance,3,unanimous
firm-sapphire,4,True,False,agreement,False,75,Do you prefer TV shows over movies?,preferences,0,shared,1.0,False,2,majority,none,2,majority,none,2,majority,exploring_nuance,3,unanimous
firm-sapphire,5,True,False,agreement,False,90,Do you prefer TV shows over movies?,preferences,0,shared,1.0,True,3,unanimous,same_values,3,unanimous,shared_thoughts,3,unanimous,stance_sharing,3,unanimous
firm-sapphire,9,True,False,agreement,False,150,Do you prefer TV shows over movies?,preferences,0,shared,1.0,True,3,unanimous,same_values,3,unanimous,shared_thoughts,3,unanimous,exploring_nuance,3,unanimous
firm-sapphire,10,True,False,agreement,False,165,Do you prefer TV shows over movies?,preferences,0,shared,1.0,True,3,unanimous,same_values,3,unanimous,shared_thoughts,3,unanimous,finding_commonality,3,unanimous
fiscal-apricot,0,False,False,not_discussed,False,15,Do you eat breakfast?,arbitrary,3,opposing,0.5,False,3,unanimous,none,3,unanimous,none,3,unanimous,rapport_building,3,unanimous
fiscal-apricot,1,False,False,not_discussed,False,30,Do you eat breakfast?,arbitrary,3,opposing,0.5,False,3,unanimous,none,3,unanimous,none,3,unanimous,rapport_building,3,unanimous
fiscal-apricot,2,False,False,not_discussed,False,45,Do you eat breakfast?,arbitrary,3,opposing,0.5,False,3,unanimous,none,3,unanimous,none,3,unanimous,stance_sharing,3,unanimous
fiscal-apricot,4,True,True,disagreement,True,75,Do you eat breakfast?,arbitrary,3,opposing,0.5,False,3,unanimous,none,3,unanimous,none,3,unanimous,stance_sharing,3,unanimous
fiscal-apricot,6,True,False,disagreement,True,105,Do you eat breakfast?,arbitrary,3,opposing,0.5,False,3,unanimous,none,3,unanimous,none,3,unanimous,sharing_experience,3,unanimous
fiscal-apricot,8,True,False,disagreement,False,135,Do you eat breakfast?,arbitrary,3,opposing,0.5,True,3,unanimous,related_subtopic,3,unanimous,shared_thoughts,3,unanimous,finding_commonality,3,unanimous
fiscal-apricot,10,True,False,disagreement,False,165,Do you eat breakfast?,arbitrary,3,opposing,0.5,False,3,unanimous,none,3,unanimous,none,3,unanimous,perspective_seeking,3,unanimous
fiscal-apricot,11,True,False,disagreement,False,180,Do you eat breakfast?,arbitrary,3,opposing,0.5,False,3,unanimous,none,3,unanimous,none,3,unanimous,sharing_experience,3,unanimous
flying-salmon,0,False,False,not_discussed,False,15,Do you identify as heterosexual?,identity,4,opposing,0.0,False,3,unanimous,none,3,unanimous,none,3,unanimous,rapport_building,3,unanimous
flying-salmon,1,False,False,unclear,False,30,Do you identify as heterosexual?,identity,4,opposing,0.0,False,3,unanimous,none,3,unanimous,none,3,unanimous,stance_sharing,3,unanimous
flying-salmon,2,True,True,disagreement,True,45,Do you identify as heterosexual?,identity,4,opposing,0.0,False,3,unanimous,rapport_only,3,unanimous,none,3,unanimous,stance_sharing,3,unanimous
flying-salmon,3,True,False,disagreement,False,60,Do you identify as heterosexual?,identity,4,opposing,0.0,False,3,unanimous,none,3,unanimous,none,3,unanimous,other,3,unanimous
flying-salmon,4,True,False,disagreement,False,75,Do you identify as heterosexual?,identity,4,opposing,0.0,True,3,unanimous,different_topic,3,unanimous,shared_thoughts,3,unanimous,rapport_building,3,unanimous
flying-salmon,5,True,False,disagreement,False,90,Do you identify as heterosexual?,identity,4,opposing,0.0,False,3,unanimous,none,3,unanimous,none,3,unanimous,perspective_seeking,3,unanimous
flying-salmon,7,True,False,disagreement,False,120,Do you identify as heterosexual?,identity,4,opposing,0.0,False,3,unanimous,none,3,unanimous,none,3,unanimous,exploring_nuance,3,unanimous
flying-salmon,8,True,False,disagreement,False,135,Do you identify as heterosexual?,identity,4,opposing,0.0,False,3,unanimous,none,3,unanimous,none,3,unanimous,perspective_seeking,3,unanimous
flying-salmon,9,True,False,disagreement,False,150,Do you identify as heterosexual?,identity,4,opposing,0.0,False,3,unanimous,none,2,majority,none,3,unanimous,sharing_experience,2,majority
flying-salmon,10,True,False,disagreement,False,165,Do you identify as heterosexual?,identity,4,opposing,0.0,False,3,unanimous,none,3,unanimous,none,3,unanimous,sharing_experience,2,majority
flying-salmon,11,True,False,disagreement,False,180,Do you identify as heterosexual?,identity,4,opposing,0.0,False,3,unanimous,none,3,unanimous,none,3,unanimous,sharing_experience,3,unanimous
flying-tan,0,False,False,not_discussed,False,15,Is lying acceptable?,morality,2,opposing,1.0,False,3,unanimous,none,3,unanimous,none,3,unanimous,rapport_building,3,unanimous
flying-tan,1,False,False,not_discussed,False,30,Is lying acceptable?,morality,2,opposing,1.0,False,3,unanimous,none,3,unanimous,none,3,unanimous,perspective_seeking,3,unanimous
flying-tan,5,False,False,not_discussed,False,90,Is lying acceptable?,morality,2,opposing,1.0,False,3,unanimous,none,3,unanimous,none,3,unanimous,stance_sharing,3,unanimous
flying-tan,6,False,False,unclear,False,105,Is lying acceptable?,morality,2,opposing,1.0,False,3,unanimous,none,3,unanimous,none,3,unanimous,stance_sharing,3,unanimous
flying-tan,7,True,True,agreement,False,120,Is lying acceptable?,morality,2,opposing,1.0,True,3,unanimous,same_values,3,unanimous,shared_beliefs,3,unanimous,stance_sharing,3,unanimous
flying-tan,10,True,False,agreement,False,165,Is lying acceptable?,morality,2,opposing,1.0,True,3,unanimous,same_values,3,unanimous,shared_thoughts,3,unanimous,finding_commonality,3,unanimous
flying-tan,11,True,False,agreement,False,180,Is lying acceptable?,morality,2,opposing,1.0,False,3,unanimous,rapport_only,3,unanimous,none,3,unanimous,rapport_building,3,unanimous
foreign-lime,2,False,False,not_discussed,False,45,Have you stayed in the same place for your entire life?,background,4,opposing,0.0,False,3,unanimous,none,3,unanimous,none,3,unanimous,stance_sharing,3,unanimous
foreign-lime,3,True,True,disagreement,True,60,Have you stayed in the same place for your entire life?,background,4,opposing,0.0,False,3,unanimous,rapport_only,3,unanimous,none,3,unanimous,stance_sharing,3,unanimous
foreign-lime,5,True,False,disagreement,False,90,Have you stayed in the same place for your entire life?,background,4,opposing,0.0,False,3,unanimous,none,3,unanimous,none,3,unanimous,exploring_nuance,3,unanimous
foreign-lime,6,True,False,disagreement,False,105,Have you stayed in the same place for your entire life?,background,4,opposing,0.0,False,3,unanimous,none,3,unanimous,none,3,unanimous,sharing_experience,2,majority
foreign-lime,7,True,False,disagreement,False,120,Have you stayed in the same place for your entire life?,background,4,opposing,0.0,False,3,unanimous,none,3,unanimous,none,3,unanimous,sharing_experience,3,unanimous
foreign-lime,9,True,False,disagreement,False,150,Have you stayed in the same place for your entire life?,background,4,opposing,0.0,True,3,unanimous,related_subtopic,3,unanimous,shared_thoughts,2,majority,finding_commonality,2,majority
foreign-lime,10,True,False,disagreement,False,165,Have you stayed in the same place for your entire life?,background,4,opposing,0.0,False,3,unanimous,none,3,unanimous,none,3,unanimous,sharing_experience,3,unanimous
foreign-lime,11,True,False,disagreement,False,180,Have you stayed in the same place for your entire life?,background,4,opposing,0.0,False,3,unanimous,none,3,unanimous,none,3,unanimous,sharing_experience,3,unanimous
foreign-lime,12,True,False,disagreement,False,195,Have you stayed in the same place for your entire life?,background,4,opposing,0.0,False,3,unanimous,none,3,unanimous,none,3,unanimous,perspective_seeking,3,unanimous
formal-amethyst,1,False,False,not_discussed,False,30,Do you feel like an outsider in your local community?,identity,1,shared,1.0,False,3,unanimous,none,3,unanimous,none,3,unanimous,rapport_building,3,unanimous
formal-amethyst,2,True,True,agreement,False,45,Do you feel like an outsider in your local community?,identity,1,shared,1.0,True,3,unanimous,same_values,3,unanimous,shared_feelings,3,unanimous,stance_sharing,3,unanimous
formal-amethyst,3,True,False,agreement,False,60,Do you feel like an outsider in your local community?,identity,1,shared,1.0,False,3,unanimous,none,3,unanimous,none,3,unanimous,rapport_building,3,unanimous
formal-amethyst,4,True,False,agreement,False,75,Do you feel like an outsider in your local community?,identity,1,shared,1.0,False,3,unanimous,rapport_only,2,majority,none,3,unanimous,rapport_building,3,unanimous
formal-amethyst,5,True,False,agreement,False,90,Do you feel like an outsider in your local community?,identity,1,shared,1.0,False,3,unanimous,rapport_only,3,unanimous,none,3,unanimous,rapport_building,3,unanimous
formal-amethyst,6,True,False,agreement,True,105,Do you feel like an outsider in your local community?,identity,1,shared,1.0,False,3,unanimous,none,3,unanimous,none,3,unanimous,sharing_experience,3,unanimous
formal-amethyst,7,True,False,agreement,False,120,Do you feel like an outsider in your local community?,identity,1,shared,1.0,False,3,unanimous,none,2,majority,none,3,unanimous,rapport_building,3,unanimous
formal-amethyst,8,True,False,agreement,False,135,Do you feel like an outsider in your local community?,identity,1,shared,1.0,False,3,unanimous,rapport_only,3,unanimous,none,3,unanimous,rapport_building,3,unanimous
formal-amethyst,9,True,False,agreement,False,150,Do you feel like an outsider in your local community?,identity,1,shared,1.0,False,3,unanimous,rapport_only,2,majority,none,3,unanimous,rapport_building,3,unanimous
formal-amethyst,11,True,False,agreement,False,180,Do you feel like an outsider in your local community?,identity,1,shared,1.0,True,3,unanimous,different_topic,3,unanimous,shared_thoughts,3,unanimous,rapport_building,2,majority
fresh-maroon,1,True,True,disagreement,True,30,Did you or your family immigrate to a new country?,background,4,opposing,0.5,False,3,unanimous,none,3,unanimous,none,3,unanimous,stance_sharing,3,unanimous
fresh-maroon,2,True,False,disagreement,False,45,Did you or your family immigrate to a new country?,background,4,opposing,0.5,False,3,unanimous,rapport_only,3,unanimous,none,3,unanimous,perspective_seeking,3,unanimous
fresh-maroon,3,True,False,disagreement,False,60,Did you or your family immigrate to a new country?,background,4,opposing,0.5,False,3,unanimous,none,3,unanimous,none,3,unanimous,other,2,majority
fresh-maroon,4,True,False,disagreement,False,75,Did you or your family immigrate to a new country?,background,4,opposing,0.5,False,3,unanimous,none,3,unanimous,none,3,unanimous,sharing_experience,3,unanimous
fresh-maroon,6,True,False,disagreement,False,105,Did you or your family immigrate to a new country?,background,4,opposing,0.5,False,3,unanimous,none,3,unanimous,none,3,unanimous,perspective_seeking,3,unanimous
fresh-maroon,8,True,False,disagreement,False,135,Did you or your family immigrate to a new country?,background,4,opposing,0.5,False,3,unanimous,none,3,unanimous,none,3,unanimous,sharing_experience,3,unanimous
fresh-maroon,11,True,False,disagreement,False,180,Did you or your family immigrate to a new country?,background,4,opposing,0.5,False,3,unanimous,rapport_only,3,unanimous,none,3,unanimous,rapport_building,3,unanimous
friendly-amber,1,True,True,agreement,False,30,Do you believe in an afterlife?,religion,0,shared,1.0,True,3,unanimous,same_values,3,unanimous,shared_beliefs,3,unanimous,stance_sharing,3,unanimous
friendly-amber,2,True,False,agreement,False,45,Do you believe in an afterlife?,religion,0,shared,1.0,True,3,unanimous,same_values,3,unanimous,shared_beliefs,3,unanimous,finding_commonality,3,unanimous
friendly-amber,3,True,False,agreement,False,60,Do you believe in an afterlife?,religion,0,shared,1.0,False,3,unanimous,none,3,unanimous,none,3,unanimous,perspective_seeking,3,unanimous
friendly-amber,8,True,False,agreement,False,135,Do you believe in an afterlife?,religion,0,shared,1.0,False,3,unanimous,none,3,unanimous,none,3,unanimous,other,3,unanimous
friendly-amber,10,True,False,agreement,False,165,Do you believe in an afterlife?,religion,0,shared,1.0,True,2,majority,none,1,no_consensus,shared_beliefs,2,majority,stance_sharing,3,unanimous
frightened-azure,0,False,False,not_discussed,False,15,Do you prefer TV shows over movies?,preferences,0,shared,1.0,False,3,unanimous,none,3,unanimous,none,3,unanimous,rapport_building,3,unanimous
frightened-azure,1,False,False,not_discussed,False,30,Do you prefer TV shows over movies?,preferences,0,shared,1.0,False,3,unanimous,none,3,unanimous,none,3,unanimous,perspective_seeking,3,unanimous
frightened-azure,3,False,False,not_discussed,False,60,Do you prefer TV shows over movies?,preferences,0,shared,1.0,False,3,unanimous,none,3,unanimous,none,3,unanimous,stance_sharing,3,unanimous
frightened-azure,5,True,True,agreement,False,90,Do you prefer TV shows over movies?,preferences,0,shared,1.0,True,3,unanimous,same_values,3,unanimous,shared_thoughts,3,unanimous,stance_sharing,3,unanimous
frightened-azure,7,True,False,agreement,False,120,Do you prefer TV shows over movies?,preferences,0,shared,1.0,True,3,unanimous,same_values,3,unanimous,shared_thoughts,3,unanimous,finding_commonality,3,unanimous
frightened-azure,8,True,False,agreement,False,135,Do you prefer TV shows over movies?,preferences,0,shared,1.0,True,3,unanimous,same_values,3,unanimous,shared_thoughts,3,unanimous,exploring_nuance,3,unanimous
frightened-azure,9,True,False,agreement,False,150,Do you prefer TV shows over movies?,preferences,0,shared,1.0,False,3,unanimous,none,3,unanimous,none,3,unanimous,perspective_seeking,3,unanimous
frightened-azure,10,True,False,agreement,False,165,Do you prefer TV shows over movies?,preferences,0,shared,1.0,False,3,unanimous,none,3,unanimous,none,3,unanimous,sharing_experience,2,majority
frightened-azure,11,True,False,agreement,False,180,Do you prefer TV shows over movies?,preferences,0,shared,1.0,False,3,unanimous,rapport_only,3,unanimous,none,3,unanimous,rapport_building,3,unanimous
frightened-azure,12,True,False,agreement,False,195,Do you prefer TV shows over movies?,preferences,0,shared,1.0,False,3,unanimous,rapport_only,3,unanimous,none,3,unanimous,rapport_building,3,unanimous
full-violet,0,False,False,not_discussed,False,15,Do you enjoy reading?,preferences,3,opposing,0.5,False,3,unanimous,none,3,unanimous,none,3,unanimous,rapport_building,3,unanimous
full-violet,2,False,False,not_discussed,False,45,Do you enjoy reading?,preferences,3,opposing,0.5,False,3,unanimous,none,3,unanimous,none,3,unanimous,stance_sharing,3,unanimous
full-violet,5,True,True,disagreement,True,90,Do you enjoy reading?,preferences,3,opposing,0.5,False,3,unanimous,none,3,unanimous,none,3,unanimous,stance_sharing,3,unanimous
full-violet,7,True,False,disagreement,False,120,Do you enjoy reading?,preferences,3,opposing,0.5,False,3,unanimous,none,3,unanimous,none,3,unanimous,finding_commonality,3,unanimous
full-violet,8,True,False,disagreement,False,135,Do you enjoy reading?,preferences,3,opposing,0.5,False,3,unanimous,none,3,unanimous,none,3,unanimous,sharing_experience,2,majority
full-violet,9,True,False,disagreement,False,150,Do you enjoy reading?,preferences,3,opposing,0.5,False,3,unanimous,none,3,unanimous,none,3,unanimous,perspective_seeking,3,unanimous
full-violet,10,True,False,disagreement,False,165,Do you enjoy reading?,preferences,3,opposing,0.5,True,3,unanimous,related_subtopic,3,unanimous,shared_thoughts,3,unanimous,finding_commonality,3,unanimous
full-violet,11,True,False,disagreement,False,180,Do you enjoy reading?,preferences,3,opposing,0.5,False,3,unanimous,none,3,unanimous,none,3,unanimous,sharing_experience,3,unanimous
fundamental-pink,0,False,False,not_discussed,False,15,Have you stayed in the same place for your entire life?,background,4,opposing,1.0,False,3,unanimous,none,3,unanimous,none,3,unanimous,rapport_building,3,unanimous
fundamental-pink,1,False,False,not_discussed,False,30,Have you stayed in the same place for your entire life?,background,4,opposing,1.0,False,3,unanimous,none,3,unanimous,none,3,unanimous,perspective_seeking,3,unanimous
fundamental-pink,2,False,False,not_discussed,False,45,Have you stayed in the same place for your entire life?,background,4,opposing,1.0,False,3,unanimous,none,3,unanimous,none,3,unanimous,stance_sharing,3,unanimous
fundamental-pink,4,True,True,agreement,False,75,Have you stayed in the same place for your entire life?,background,4,opposing,1.0,False,3,unanimous,none,3,unanimous,none,3,unanimous,stance_sharing,3,unanimous
fundamental-pink,7,True,False,agreement,False,120,Have you stayed in the same place for your entire life?,background,4,opposing,1.0,False,3,unanimous,none,3,unanimous,none,3,unanimous,perspective_seeking,3,unanimous
fundamental-pink,9,True,False,agreement,False,150,Have you stayed in the same place for your entire life?,background,4,opposing,1.0,False,3,unanimous,none,3,unanimous,none,3,unanimous,sharing_experience,3,unanimous
fundamental-pink,11,True,False,agreement,False,180,Have you stayed in the same place for your entire life?,background,4,opposing,1.0,False,3,unanimous,rapport_only,3,unanimous,none,3,unanimous,rapport_building,3,unanimous
funny-brown,1,False,False,unclear,False,30,Do you regularly attend religious services?,religion,4,opposing,0.5,False,3,unanimous,none,3,unanimous,none,3,unanimous,stance_sharing,3,unanimous
funny-brown,2,True,True,disagreement,True,45,Do you regularly attend religious services?,religion,4,opposing,0.5,False,3,unanimous,none,3,unanimous,none,3,unanimous,stance_sharing,3,unanimous
funny-brown,4,True,False,disagreement,False,75,Do you regularly attend religious services?,religion,4,opposing,0.5,False,3,unanimous,none,3,unanimous,none,3,unanimous,sharing_experience,3,unanimous
funny-brown,6,True,False,disagreement,False,105,Do you regularly attend religious services?,religion,4,opposing,0.5,False,3,unanimous,none,3,unanimous,none,3,unanimous,perspective_seeking,3,unanimous
funny-brown,7,True,False,disagreement,False,120,Do you regularly attend religious services?,religion,4,opposing,0.5,True,3,unanimous,related_subtopic,3,unanimous,shared_beliefs,3,unanimous,finding_commonality,3,unanimous
funny-brown,9,True,False,disagreement,False,150,Do you regularly attend religious services?,religion,4,opposing,0.5,True,3,unanimous,related_subtopic,3,unanimous,shared_beliefs,3,unanimous,finding_commonality,3,unanimous
funny-brown,10,True,False,disagreement,False,165,Do you regularly attend religious services?,religion,4,opposing,0.5,False,3,unanimous,rapport_only,3,unanimous,none,3,unanimous,rapport_building,3,unanimous
funny-coffee,0,False,False,not_discussed,False,15,Are you affiliated with any organized religion?,religion,2,opposing,0.5,False,3,unanimous,none,3,unanimous,none,3,unanimous,rapport_building,3,unanimous
funny-coffee,1,False,False,not_discussed,False,30,Are you affiliated with any organized religion?,religion,2,opposing,0.5,False,3,unanimous,none,3,unanimous,none,3,unanimous,perspective_seeking,3,unanimous
funny-coffee,2,False,False,not_discussed,False,45,Are you affiliated with any organized religion?,religion,2,opposing,0.5,False,3,unanimous,none,3,unanimous,none,3,unanimous,stance_sharing,3,unanimous
funny-coffee,3,True,True,disagreement,True,60,Are you affiliated with any organized religion?,religion,2,opposing,0.5,False,3,unanimous,none,3,unanimous,none,3,unanimous,stance_sharing,3,unanimous
funny-coffee,4,True,False,disagreement,True,75,Are you affiliated with any organized religion?,religion,2,opposing,0.5,False,3,unanimous,none,3,unanimous,none,3,unanimous,perspective_seeking,3,unanimous
funny-coffee,5,True,False,disagreement,False,90,Are you affiliated with any organized religion?,religion,2,opposing,0.5,False,3,unanimous,rapport_only,3,unanimous,none,3,unanimous,exploring_nuance,1,no_consensus
funny-coffee,6,True,False,disagreement,False,105,Are you affiliated with any organized religion?,religion,2,opposing,0.5,False,3,unanimous,none,3,unanimous,none,3,unanimous,perspective_seeking,3,unanimous
funny-coffee,8,True,False,disagreement,False,135,Are you affiliated with any organized religion?,religion,2,opposing,0.5,False,3,unanimous,none,3,unanimous,none,3,unanimous,stance_sharing,3,unanimous
funny-coffee,11,True,False,disagreement,True,180,Are you affiliated with any organized religion?,religion,2,opposing,0.5,False,3,unanimous,none,2,majority,none,3,unanimous,rapport_building,2,majority
fuzzy-pink,1,False,False,not_discussed,False,30,Are you a parent or caregiver?,identity,4,opposing,1.0,False,3,unanimous,none,3,unanimous,none,3,unanimous,rapport_building,3,unanimous
fuzzy-pink,3,True,True,disagreement,True,60,Are you a parent or caregiver?,identity,4,opposing,1.0,False,3,unanimous,none,3,unanimous,none,3,unanimous,stance_sharing,3,unanimous
fuzzy-pink,4,True,False,disagreement,False,75,Are you a parent or caregiver?,identity,4,opposing,1.0,False,3,unanimous,rapport_only,3,unanimous,none,3,unanimous,sharing_experience,3,unanimous
fuzzy-pink,5,True,False,disagreement,False,90,Are you a parent or caregiver?,identity,4,opposing,1.0,False,3,unanimous,none,3,unanimous,none,3,unanimous,sharing_experience,3,unanimous
fuzzy-pink,6,True,False,disagreement,False,105,Are you a parent or caregiver?,identity,4,opposing,1.0,False,3,unanimous,rapport_only,3,unanimous,none,3,unanimous,rapport_building,3,unanimous
fuzzy-pink,7,True,False,disagreement,False,120,Are you a parent or caregiver?,identity,4,opposing,1.0,False,3,unanimous,none,3,unanimous,none,3,unanimous,perspective_seeking,3,unanimous
fuzzy-pink,8,True,False,disagreement,False,135,Are you a parent or caregiver?,identity,4,opposing,1.0,False,3,unanimous,none,3,unanimous,none,3,unanimous,sharing_experience,3,unanimous
fuzzy-pink,10,True,False,disagreement,False,165,Are you a parent or caregiver?,identity,4,opposing,1.0,False,3,unanimous,none,3,unanimous,none,3,unanimous,perspective_seeking,3,unanimous
fuzzy-pink,12,True,False,disagreement,False,195,Are you a parent or caregiver?,identity,4,opposing,1.0,False,3,unanimous,none,3,unanimous,none,3,unanimous,sharing_experience,3,unanimous
generous-teal,0,False,False,unclear,False,15,Do you work from home?,arbitrary,0,shared,0.5,False,3,unanimous,none,3,unanimous,none,3,unanimous,stance_sharing,3,unanimous
generous-teal,1,True,True,unclear,True,30,Do you work from home?,arbitrary,0,shared,0.5,False,3,unanimous,none,3,unanimous,none,3,unanimous,stance_sharing,3,unanimous
generous-teal,2,True,False,unclear,False,45,Do you work from home?,arbitrary,0,shared,0.5,False,3,unanimous,rapport_only,3,unanimous,none,3,unanimous,rapport_building,3,unanimous
generous-teal,3,True,False,unclear,False,60,Do you work from home?,arbitrary,0,shared,0.5,False,3,unanimous,none,3,unanimous,none,3,unanimous,perspective_seeking,3,unanimous
generous-teal,4,True,False,unclear,False,75,Do you work from home?,arbitrary,0,shared,0.5,False,3,unanimous,rapport_only,3,unanimous,none,3,unanimous,rapport_building,3,unanimous
generous-teal,5,True,False,agreement,False,90,Do you work from home?,arbitrary,0,shared,0.5,False,3,unanimous,none,3,unanimous,none,3,unanimous,perspective_seeking,3,unanimous
generous-teal,6,True,False,disagreement,False,105,Do you work from home?,arbitrary,0,shared,0.5,False,3,unanimous,none,3,unanimous,none,3,unanimous,sharing_experience,3,unanimous
generous-teal,7,True,False,disagreement,False,120,Do you work from home?,arbitrary,0,shared,0.5,False,3,unanimous,none,3,unanimous,none,3,unanimous,sharing_experience,3,unanimous
generous-teal,8,True,False,agreement,False,135,Do you work from home?,arbitrary,0,shared,0.5,False,3,unanimous,rapport_only,2,majority,none,3,unanimous,finding_commonality,2,majority
generous-teal,9,True,False,agreement,False,150,Do you work from home?,arbitrary,0,shared,0.5,False,3,unanimous,none,3,unanimous,none,3,unanimous,perspective_seeking,3,unanimous
generous-teal,10,True,False,disagreement,False,165,Do you work from home?,arbitrary,0,shared,0.5,False,3,unanimous,none,3,unanimous,none,3,unanimous,sharing_experience,3,unanimous
generous-teal,11,True,False,agreement,False,180,Do you work from home?,arbitrary,0,shared,0.5,False,3,unanimous,none,3,unanimous,none,3,unanimous,stance_sharing,3,unanimous
generous-teal,12,True,False,unclear,False,195,Do you work from home?,arbitrary,0,shared,0.5,False,3,unanimous,none,3,unanimous,none,3,unanimous,other,3,unanimous
genetic-blue,1,False,False,not_discussed,False,30,Are people innately good?,morality,2,opposing,0.0,False,3,unanimous,none,3,unanimous,none,3,unanimous,perspective_seeking,3,unanimous
genetic-blue,2,False,False,unclear,False,45,Are people innately good?,morality,2,opposing,0.0,False,3,unanimous,none,3,unanimous,none,3,unanimous,stance_sharing,3,unanimous
genetic-blue,5,True,True,disagreement,True,90,Are people innately good?,morality,2,opposing,0.0,False,3,unanimous,none,3,unanimous,none,3,unanimous,stance_sharing,3,unanimous
genetic-blue,8,True,False,disagreement,False,135,Are people innately good?,morality,2,opposing,0.0,True,3,unanimous,same_values,3,unanimous,shared_thoughts,3,unanimous,exploring_nuance,3,unanimous
genetic-blue,10,True,False,disagreement,False,165,Are people innately good?,morality,2,opposing,0.0,True,3,unanimous,same_values,3,unanimous,shared_thoughts,3,unanimous,exploring_nuance,3,unanimous
genetic-blue,11,True,False,disagreement,False,180,Are people innately good?,morality,2,opposing,0.0,True,3,unanimous,same_values,3,unanimous,shared_beliefs,3,unanimous,exploring_nuance,3,unanimous
genetic-fuchsia,1,True,True,disagreement,True,30,Do you work from home?,arbitrary,4,opposing,0.0,False,3,unanimous,none,3,unanimous,none,3,unanimous,stance_sharing,3,unanimous
genetic-fuchsia,2,True,False,disagreement,False,45,Do you work from home?,arbitrary,4,opposing,0.0,False,3,unanimous,none,3,unanimous,none,3,unanimous,perspective_seeking,3,unanimous
genetic-fuchsia,3,True,False,disagreement,False,60,Do you work from home?,arbitrary,4,opposing,0.0,False,3,unanimous,none,3,unanimous,none,3,unanimous,perspective_seeking,3,unanimous
genetic-fuchsia,5,True,False,disagreement,False,90,Do you work from home?,arbitrary,4,opposing,0.0,False,3,unanimous,none,3,unanimous,none,3,unanimous,perspective_seeking,3,unanimous
genetic-fuchsia,7,True,False,disagreement,False,120,Do you work from home?,arbitrary,4,opposing,0.0,False,3,unanimous,none,3,unanimous,none,3,unanimous,perspective_seeking,3,unanimous
genetic-fuchsia,9,True,False,disagreement,False,150,Do you work from home?,arbitrary,4,opposing,0.0,False,3,unanimous,none,3,unanimous,none,3,unanimous,other,3,unanimous
genetic-fuchsia,11,True,False,disagreement,False,180,Do you work from home?,arbitrary,4,opposing,0.0,False,3,unanimous,rapport_only,3,unanimous,none,3,unanimous,perspective_seeking,3,unanimous
glamorous-black,0,False,False,not_discussed,False,15,Do you go out on weekdays?,arbitrary,3,opposing,0.5,False,3,unanimous,none,3,unanimous,none,3,unanimous,perspective_seeking,3,unanimous
glamorous-black,1,False,False,not_discussed,False,30,Do you go out on weekdays?,arbitrary,3,opposing,0.5,False,3,unanimous,none,3,unanimous,none,3,unanimous,other,3,unanimous
glamorous-black,2,False,False,not_discussed,False,45,Do you go out on weekdays?,arbitrary,3,opposing,0.5,False,3,unanimous,none,3,unanimous,none,3,unanimous,other,3,unanimous
glamorous-black,3,False,False,not_discussed,False,60,Do you go out on weekdays?,arbitrary,3,opposing,0.5,False,3,unanimous,none,3,unanimous,none,3,unanimous,stance_sharing,3,unanimous
glamorous-black,4,False,False,not_discussed,False,75,Do you go out on weekdays?,arbitrary,3,opposing,0.5,False,3,unanimous,none,3,unanimous,none,3,unanimous,perspective_seeking,3,unanimous
glamorous-black,6,True,True,disagreement,True,105,Do you go out on weekdays?,arbitrary,3,opposing,0.5,False,3,unanimous,none,3,unanimous,none,3,unanimous,stance_sharing,3,unanimous
glamorous-black,8,True,False,disagreement,True,135,Do you go out on weekdays?,arbitrary,3,opposing,0.5,False,3,unanimous,none,3,unanimous,none,3,unanimous,exploring_nuance,3,unanimous
glamorous-black,9,True,False,disagreement,False,150,Do you go out on weekdays?,arbitrary,3,opposing,0.5,False,3,unanimous,none,3,unanimous,none,3,unanimous,perspective_seeking,3,unanimous
glamorous-black,12,True,True,unclear,False,195,Do you go out on weekdays?,arbitrary,3,opposing,0.5,False,3,unanimous,none,3,unanimous,none,3,unanimous,stance_sharing,3,unanimous
global-beige,1,False,False,not_discussed,False,30,Do you identify as heterosexual?,identity,0,shared,1.0,False,3,unanimous,none,3,unanimous,none,3,unanimous,stance_sharing,3,unanimous
global-beige,2,True,True,agreement,False,45,Do you identify as heterosexual?,identity,0,shared,1.0,True,3,unanimous,same_values,3,unanimous,shared_thoughts,2,majority,stance_sharing,3,unanimous
global-beige,4,True,False,agreement,False,75,Do you identify as heterosexual?,identity,0,shared,1.0,False,3,unanimous,none,3,unanimous,none,3,unanimous,stance_sharing,2,majority
global-beige,7,True,False,agreement,False,120,Do you identify as heterosexual?,identity,0,shared,1.0,True,3,unanimous,related_subtopic,3,unanimous,shared_beliefs,3,unanimous,finding_commonality,3,unanimous
global-beige,9,True,False,agreement,False,150,Do you identify as heterosexual?,identity,0,shared,1.0,True,3,unanimous,related_subtopic,3,unanimous,shared_beliefs,3,unanimous,finding_commonality,3,unanimous
global-beige,10,True,False,agreement,False,165,Do you identify as heterosexual?,identity,0,shared,1.0,False,3,unanimous,none,3,unanimous,none,3,unanimous,sharing_experience,3,unanimous
global-beige,11,True,False,agreement,False,180,Do you identify as heterosexual?,identity,0,shared,1.0,True,3,unanimous,related_subtopic,3,unanimous,shared_beliefs,2,majority,rapport_building,2,majority
gorgeous-turquoise,1,False,False,not_discussed,False,30,Do you identify as the gender which you were assigned at birth?,identity,4,opposing,0.5,False,3,unanimous,none,3,unanimous,none,3,unanimous,stance_sharing,3,unanimous
gorgeous-turquoise,3,True,True,disagreement,True,60,Do you identify as the gender which you were assigned at birth?,identity,4,opposing,0.5,False,3,unanimous,none,2,majority,none,3,unanimous,stance_sharing,3,unanimous
gorgeous-turquoise,6,True,False,disagreement,False,105,Do you identify as the gender which you were assigned at birth?,identity,4,opposing,0.5,False,3,unanimous,none,3,unanimous,none,3,unanimous,sharing_experience,3,unanimous
gorgeous-turquoise,8,True,False,disagreement,False,135,Do you identify as the gender which you were assigned at birth?,identity,4,opposing,0.5,True,3,unanimous,related_subtopic,3,unanimous,shared_beliefs,2,majority,finding_commonality,3,unanimous
gorgeous-turquoise,11,True,False,disagreement,False,180,Do you identify as the gender which you were assigned at birth?,identity,4,opposing,0.5,False,3,unanimous,none,3,unanimous,none,3,unanimous,sharing_experience,3,unanimous
gorgeous-turquoise,12,True,False,disagreement,False,195,Do you identify as the gender which you were assigned at birth?,identity,4,opposing,0.5,False,3,unanimous,rapport_only,3,unanimous,none,3,unanimous,rapport_building,3,unanimous
governing-amethyst,0,False,False,not_discussed,False,15,Do you create art?,preferences,4,opposing,1.0,False,3,unanimous,none,3,unanimous,none,3,unanimous,rapport_building,3,unanimous
governing-amethyst,1,False,False,not_discussed,False,30,Do you create art?,preferences,4,opposing,1.0,False,3,unanimous,none,3,unanimous,none,3,unanimous,stance_sharing,3,unanimous
governing-amethyst,2,True,True,agreement,False,45,Do you create art?,preferences,4,opposing,1.0,True,2,majority,same_values,2,majority,shared_thoughts,2,majority,stance_sharing,3,unanimous
governing-amethyst,3,True,False,agreement,False,60,Do you create art?,preferences,4,opposing,1.0,False,3,unanimous,none,3,unanimous,none,3,unanimous,perspective_seeking,3,unanimous
governing-amethyst,4,True,False,agreement,False,75,Do you create art?,preferences,4,opposing,1.0,False,3,unanimous,none,3,unanimous,none,3,unanimous,sharing_experience,3,unanimous
governing-amethyst,5,True,False,agreement,False,90,Do you create art?,preferences,4,opposing,1.0,False,3,unanimous,none,3,unanimous,none,3,unanimous,sharing_experience,3,unanimous
governing-amethyst,6,True,False,agreement,False,105,Do you create art?,preferences,4,opposing,1.0,False,3,unanimous,rapport_only,3,unanimous,none,3,unanimous,rapport_building,3,unanimous
governing-amethyst,7,True,False,agreement,False,120,Do you create art?,preferences,4,opposing,1.0,False,3,unanimous,none,3,unanimous,none,3,unanimous,perspective_seeking,3,unanimous
governing-amethyst,8,True,False,agreement,False,135,Do you create art?,preferences,4,opposing,1.0,False,3,unanimous,none,3,unanimous,none,3,unanimous,sharing_experience,3,unanimous
governing-amethyst,10,True,False,agreement,False,165,Do you create art?,preferences,4,opposing,1.0,False,3,unanimous,none,3,unanimous,none,3,unanimous,sharing_experience,3,unanimous
governing-amethyst,11,True,False,agreement,False,180,Do you create art?,preferences,4,opposing,1.0,False,3,unanimous,none,3,unanimous,none,3,unanimous,perspective_seeking,3,unanimous
graceful-pink,1,False,False,unclear,False,30,Can a machine be moral?,morality,0,shared,1.0,False,3,unanimous,none,3,unanimous,none,3,unanimous,stance_sharing,3,unanimous
graceful-pink,3,False,False,not_discussed,False,60,Can a machine be moral?,morality,0,shared,1.0,False,3,unanimous,none,3,unanimous,none,3,unanimous,exploring_nuance,3,unanimous
graceful-pink,5,True,True,agreement,False,90,Can a machine be moral?,morality,0,shared,1.0,True,3,unanimous,same_values,3,unanimous,shared_thoughts,3,unanimous,stance_sharing,3,unanimous
graceful-pink,6,True,False,agreement,False,105,Can a machine be moral?,morality,0,shared,1.0,True,3,unanimous,same_values,3,unanimous,shared_beliefs,3,unanimous,stance_sharing,3,unanimous
graceful-pink,7,True,False,agreement,False,120,Can a machine be moral?,morality,0,shared,1.0,True,3,unanimous,same_values,3,unanimous,shared_beliefs,3,unanimous,finding_commonality,3,unanimous
graceful-pink,8,True,False,agreement,False,135,Can a machine be moral?,morality,0,shared,1.0,False,3,unanimous,rapport_only,3,unanimous,none,3,unanimous,rapport_building,3,unanimous
graceful-pink,10,True,False,agreement,False,165,Can a machine be moral?,morality,0,shared,1.0,False,3,unanimous,rapport_only,3,unanimous,none,3,unanimous,rapport_building,3,unanimous
grand-copper,0,False,False,not_discussed,False,15,Do you think elected officials work to support the public's best interest?,politics,0,shared,0.5,False,3,unanimous,none,3,unanimous,none,3,unanimous,rapport_building,3,unanimous
grand-copper,1,False,False,not_discussed,False,30,Do you think elected officials work to support the public's best interest?,politics,0,shared,0.5,False,3,unanimous,none,2,majority,none,3,unanimous,rapport_building,3,unanimous
grand-copper,3,False,False,not_discussed,False,60,Do you think elected officials work to support the public's best interest?,politics,0,shared,0.5,False,3,unanimous,none,3,unanimous,none,3,unanimous,stance_sharing,3,unanimous
grand-copper,6,True,True,agreement,False,105,Do you think elected officials work to support the public's best interest?,politics,0,shared,0.5,True,3,unanimous,same_values,3,unanimous,shared_thoughts,3,unanimous,stance_sharing,3,unanimous
grand-copper,8,True,False,agreement,False,135,Do you think elected officials work to support the public's best interest?,politics,0,shared,0.5,True,3,unanimous,same_values,3,unanimous,shared_thoughts,3,unanimous,exploring_nuance,3,unanimous
grand-copper,10,True,False,agreement,False,165,Do you think elected officials work to support the public's best interest?,politics,0,shared,0.5,True,3,unanimous,related_subtopic,2,majority,shared_thoughts,3,unanimous,stance_sharing,2,majority
great-coral,0,False,False,not_discussed,False,15,Are you a parent or caregiver?,identity,0,shared,0.5,False,3,unanimous,none,3,unanimous,none,3,unanimous,stance_sharing,3,unanimous
great-coral,1,False,False,unclear,False,30,Are you a parent or caregiver?,identity,0,shared,0.5,False,3,unanimous,none,3,unanimous,none,3,unanimous,other,3,unanimous
great-coral,2,True,True,agreement,False,45,Are you a parent or caregiver?,identity,0,shared,0.5,False,2,majority,rapport_only,2,majority,none,2,majority,stance_sharing,3,unanimous
great-coral,3,True,False,agreement,False,60,Are you a parent or caregiver?,identity,0,shared,0.5,False,3,unanimous,rapport_only,3,unanimous,none,3,unanimous,rapport_building,3,unanimous
great-coral,4,True,False,agreement,False,75,Are you a parent or caregiver?,identity,0,shared,0.5,False,3,unanimous,none,3,unanimous,none,3,unanimous,perspective_seeking,3,unanimous
great-coral,6,True,False,agreement,False,105,Are you a parent or caregiver?,identity,0,shared,0.5,False,3,unanimous,none,3,unanimous,none,3,unanimous,sharing_experience,3,unanimous
great-coral,7,True,False,agreement,False,120,Are you a parent or caregiver?,identity,0,shared,0.5,False,3,unanimous,none,3,unanimous,none,3,unanimous,perspective_seeking,3,unanimous
great-coral,8,True,False,agreement,False,135,Are you a parent or caregiver?,identity,0,shared,0.5,False,3,unanimous,none,2,majority,none,3,unanimous,rapport_building,3,unanimous
great-coral,10,True,False,agreement,True,165,Are you a parent or caregiver?,identity,0,shared,0.5,True,3,unanimous,related_subtopic,2,majority,shared_thoughts,3,unanimous,sharing_experience,3,unanimous
great-coral,11,True,False,agreement,False,180,Are you a parent or caregiver?,identity,0,shared,0.5,False,3,unanimous,rapport_only,3,unanimous,none,3,unanimous,rapport_building,3,unanimous
hot-scarlet,0,False,False,not_discussed,False,15,Are you a parent or caregiver?,identity,0,shared,1.0,False,3,unanimous,none,3,unanimous,none,3,unanimous,rapport_building,3,unanimous
hot-scarlet,1,False,False,not_discussed,False,30,Are you a parent or caregiver?,identity,0,shared,1.0,False,3,unanimous,none,3,unanimous,none,3,unanimous,rapport_building,3,unanimous
hot-scarlet,2,False,False,not_discussed,False,45,Are you a parent or caregiver?,identity,0,shared,1.0,False,3,unanimous,none,3,unanimous,none,3,unanimous,stance_sharing,3,unanimous
hot-scarlet,3,True,True,agreement,True,60,Are you a parent or caregiver?,identity,0,shared,1.0,True,3,unanimous,same_values,3,unanimous,shared_thoughts,3,unanimous,stance_sharing,3,unanimous
hot-scarlet,5,True,False,agreement,False,90,Are you a parent or caregiver?,identity,0,shared,1.0,False,3,unanimous,none,3,unanimous,none,3,unanimous,perspective_seeking,3,unanimous
hot-scarlet,11,True,False,agreement,False,180,Are you a parent or caregiver?,identity,0,shared,1.0,False,3,unanimous,none,3,unanimous,none,3,unanimous,stance_sharing,3,unanimous
ideal-green,0,False,False,not_discussed,False,15,Do you enjoy museums?,preferences,0,shared,1.0,False,3,unanimous,none,3,unanimous,none,3,unanimous,rapport_building,3,unanimous
ideal-green,1,False,False,not_discussed,False,30,Do you enjoy museums?,preferences,0,shared,1.0,False,3,unanimous,none,3,unanimous,none,3,unanimous,rapport_building,3,unanimous
ideal-green,3,False,False,not_discussed,False,60,Do you enjoy museums?,preferences,0,shared,1.0,False,3,unanimous,none,3,unanimous,none,3,unanimous,stance_sharing,3,unanimous
ideal-green,4,True,True,agreement,False,75,Do you enjoy museums?,preferences,0,shared,1.0,True,3,unanimous,same_values,3,unanimous,shared_feelings,3,unanimous,stance_sharing,3,unanimous
ideal-green,5,True,False,agreement,False,90,Do you enjoy museums?,preferences,0,shared,1.0,False,3,unanimous,none,3,unanimous,none,3,unanimous,perspective_seeking,3,unanimous
ideal-green,6,True,False,agreement,False,105,Do you enjoy museums?,preferences,0,shared,1.0,False,3,unanimous,none,3,unanimous,none,3,unanimous,perspective_seeking,2,majority
ideal-green,9,True,False,agreement,False,150,Do you enjoy museums?,preferences,0,shared,1.0,True,3,unanimous,related_subtopic,3,unanimous,shared_thoughts,3,unanimous,stance_sharing,3,unanimous
ideal-green,10,True,False,agreement,False,165,Do you enjoy museums?,preferences,0,shared,1.0,False,3,unanimous,none,3,unanimous,none,3,unanimous,perspective_seeking,3,unanimous
ideal-green,11,True,False,agreement,False,180,Do you enjoy museums?,preferences,0,shared,1.0,False,3,unanimous,none,3,unanimous,none,3,unanimous,sharing_experience,3,unanimous
ideal-white,0,False,False,not_discussed,False,15,Do you believe in God or a higher power?,religion,4,opposing,0.0,False,3,unanimous,none,3,unanimous,none,3,unanimous,rapport_building,3,unanimous
ideal-white,1,False,False,not_discussed,False,30,Do you believe in God or a higher power?,religion,4,opposing,0.0,False,3,unanimous,none,3,unanimous,none,3,unanimous,rapport_building,3,unanimous
ideal-white,2,False,False,not_discussed,False,45,Do you believe in God or a higher power?,religion,4,opposing,0.0,False,3,unanimous,none,3,unanimous,none,3,unanimous,stance_sharing,3,unanimous
ideal-white,4,True,True,disagreement,True,75,Do you believe in God or a higher power?,religion,4,opposing,0.0,False,3,unanimous,none,3,unanimous,none,3,unanimous,stance_sharing,3,unanimous
ideal-white,5,True,False,disagreement,False,90,Do you believe in God or a higher power?,religion,4,opposing,0.0,False,3,unanimous,rapport_only,3,unanimous,none,3,unanimous,exploring_nuance,3,unanimous
ideal-white,6,True,False,disagreement,False,105,Do you believe in God or a higher power?,religion,4,opposing,0.0,False,3,unanimous,rapport_only,3,unanimous,none,3,unanimous,rapport_building,3,unanimous
ideal-white,8,True,False,disagreement,False,135,Do you believe in God or a higher power?,religion,4,opposing,0.0,False,3,unanimous,none,3,unanimous,none,3,unanimous,exploring_nuance,2,majority
ideal-white,10,True,False,disagreement,False,165,Do you believe in God or a higher power?,religion,4,opposing,0.0,False,3,unanimous,none,3,unanimous,none,3,unanimous,rapport_building,2,majority
ideal-white,11,True,False,disagreement,False,180,Do you believe in God or a higher power?,religion,4,opposing,0.0,False,3,unanimous,rapport_only,3,unanimous,none,3,unanimous,rapport_building,3,unanimous
illegal-apricot,0,False,False,not_discussed,False,15,Are you married or dating someone?,identity,0,shared,1.0,False,3,unanimous,none,3,unanimous,none,3,unanimous,rapport_building,3,unanimous
illegal-apricot,1,False,False,not_discussed,False,30,Are you married or dating someone?,identity,0,shared,1.0,False,3,unanimous,none,3,unanimous,none,3,unanimous,rapport_building,3,unanimous
illegal-apricot,2,False,False,not_discussed,False,45,Are you married or dating someone?,identity,0,shared,1.0,False,3,unanimous,none,3,unanimous,none,3,unanimous,rapport_building,3,unanimous
illegal-apricot,3,False,False,not_discussed,False,60,Are you married or dating someone?,identity,0,shared,1.0,False,3,unanimous,none,3,unanimous,none,3,unanimous,perspective_seeking,3,unanimous
illegal-apricot,4,False,False,unclear,False,75,Are you married or dating someone?,identity,0,shared,1.0,False,3,unanimous,none,3,unanimous,none,3,unanimous,stance_sharing,3,unanimous
illegal-apricot,5,True,True,agreement,False,90,Are you married or dating someone?,identity,0,shared,1.0,True,3,unanimous,same_values,3,unanimous,shared_thoughts,3,unanimous,stance_sharing,3,unanimous
illegal-apricot,7,True,False,agreement,False,120,Are you married or dating someone?,identity,0,shared,1.0,False,3,unanimous,none,3,unanimous,none,3,unanimous,perspective_seeking,3,unanimous
illegal-apricot,8,True,False,agreement,False,135,Are you married or dating someone?,identity,0,shared,1.0,False,3,unanimous,none,3,unanimous,none,3,unanimous,perspective_seeking,3,unanimous
illegal-apricot,9,True,False,agreement,False,150,Are you married or dating someone?,identity,0,shared,1.0,True,3,unanimous,related_subtopic,3,unanimous,shared_thoughts,3,unanimous,finding_commonality,3,unanimous
illegal-apricot,10,True,False,agreement,False,165,Are you married or dating someone?,identity,0,shared,1.0,True,3,unanimous,related_subtopic,3,unanimous,shared_thoughts,3,unanimous,sharing_experience,3,unanimous
illegal-apricot,11,True,False,agreement,False,180,Are you married or dating someone?,identity,0,shared,1.0,True,3,unanimous,related_subtopic,3,unanimous,shared_thoughts,3,unanimous,finding_commonality,3,unanimous
immense-rose,1,True,True,agreement,False,30,Do you regularly attend religious services?,religion,0,shared,1.0,False,3,unanimous,none,3,unanimous,none,3,unanimous,stance_sharing,3,unanimous
immense-rose,2,True,False,agreement,False,45,Do you regularly attend religious services?,religion,0,shared,1.0,False,3,unanimous,none,3,unanimous,none,3,unanimous,perspective_seeking,3,unanimous
immense-rose,3,True,False,agreement,False,60,Do you regularly attend religious services?,religion,0,shared,1.0,True,3,unanimous,related_subtopic,3,unanimous,shared_thoughts,3,unanimous,sharing_experience,3,unanimous
immense-rose,4,True,False,agreement,False,75,Do you regularly attend religious services?,religion,0,shared,1.0,False,3,unanimous,none,3,unanimous,none,3,unanimous,perspective_seeking,3,unanimous
immense-rose,5,True,False,agreement,False,90,Do you regularly attend religious services?,religion,0,shared,1.0,False,3,unanimous,none,3,unanimous,none,3,unanimous,sharing_experience,3,unanimous
immense-rose,6,True,False,agreement,False,105,Do you regularly attend religious services?,religion,0,shared,1.0,True,3,unanimous,related_subtopic,3,unanimous,shared_thoughts,3,unanimous,finding_commonality,3,unanimous
immense-rose,8,True,False,agreement,False,135,Do you regularly attend religious services?,religion,0,shared,1.0,False,3,unanimous,none,3,unanimous,none,3,unanimous,perspective_seeking,3,unanimous
immense-rose,9,True,False,agreement,False,150,Do you regularly attend religious services?,religion,0,shared,1.0,False,3,unanimous,none,3,unanimous,none,3,unanimous,perspective_seeking,2,majority
immense-rose,11,True,False,agreement,False,180,Do you regularly attend religious services?,religion,0,shared,1.0,False,3,unanimous,none,3,unanimous,none,3,unanimous,sharing_experience,3,unanimous
imperial-purple,0,False,False,not_discussed,False,15,Are you a parent or caregiver?,identity,4,opposing,0.0,False,3,unanimous,none,3,unanimous,none,3,unanimous,perspective_seeking,3,unanimous
imperial-purple,2,False,False,unclear,False,45,Are you a parent or caregiver?,identity,4,opposing,0.0,False,3,unanimous,none,3,unanimous,none,3,unanimous,perspective_seeking,2,majority
imperial-purple,3,True,True,disagreement,True,60,Are you a parent or caregiver?,identity,4,opposing,0.0,False,3,unanimous,none,3,unanimous,none,3,unanimous,perspective_seeking,3,unanimous
imperial-purple,5,True,False,disagreement,False,90,Are you a parent or caregiver?,identity,4,opposing,0.0,False,3,unanimous,rapport_only,3,unanimous,none,3,unanimous,sharing_experience,3,unanimous
imperial-purple,6,True,False,disagreement,False,105,Are you a parent or caregiver?,identity,4,opposing,0.0,False,3,unanimous,none,3,unanimous,none,3,unanimous,perspective_seeking,3,unanimous
imperial-purple,7,True,False,disagreement,False,120,Are you a parent or caregiver?,identity,4,opposing,0.0,False,3,unanimous,rapport_only,3,unanimous,none,3,unanimous,rapport_building,3,unanimous
imperial-purple,9,True,False,disagreement,False,150,Are you a parent or caregiver?,identity,4,opposing,0.0,False,3,unanimous,none,3,unanimous,none,3,unanimous,sharing_experience,3,unanimous
imperial-purple,11,True,False,disagreement,False,180,Are you a parent or caregiver?,identity,4,opposing,0.0,True,3,unanimous,related_subtopic,3,unanimous,shared_thoughts,3,unanimous,finding_commonality,3,unanimous
implicit-apricot,1,False,False,not_discussed,False,30,Do you identify as the gender which you were assigned at birth?,identity,4,opposing,0.5,False,3,unanimous,none,3,unanimous,none,3,unanimous,stance_sharing,3,unanimous
implicit-apricot,2,True,True,disagreement,True,45,Do you identify as the gender which you were assigned at birth?,identity,4,opposing,0.5,False,3,unanimous,none,3,unanimous,none,3,unanimous,stance_sharing,3,unanimous
implicit-apricot,4,True,False,disagreement,True,75,Do you identify as the gender which you were assigned at birth?,identity,4,opposing,0.5,False,3,unanimous,none,3,unanimous,none,3,unanimous,perspective_seeking,3,unanimous
implicit-apricot,9,True,False,disagreement,True,150,Do you identify as the gender which you were assigned at birth?,identity,4,opposing,0.5,False,3,unanimous,none,2,majority,none,3,unanimous,sharing_experience,3,unanimous
implicit-apricot,10,True,False,disagreement,False,165,Do you identify as the gender which you were assigned at birth?,identity,4,opposing,0.5,False,3,unanimous,rapport_only,3,unanimous,none,3,unanimous,rapport_building,3,unanimous
implicit-apricot,11,True,False,disagreement,False,180,Do you identify as the gender which you were assigned at birth?,identity,4,opposing,0.5,False,3,unanimous,none,3,unanimous,none,3,unanimous,perspective_seeking,3,unanimous
implicit-yellow,0,False,False,not_discussed,False,15,Do you live in a warm climate?,background,4,opposing,0.5,False,3,unanimous,none,3,unanimous,none,3,unanimous,rapport_building,3,unanimous
implicit-yellow,1,False,False,not_discussed,False,30,Do you live in a warm climate?,background,4,opposing,0.5,False,3,unanimous,none,3,unanimous,none,3,unanimous,rapport_building,3,unanimous
implicit-yellow,2,False,False,unclear,False,45,Do you live in a warm climate?,background,4,opposing,0.5,False,3,unanimous,none,3,unanimous,none,3,unanimous,stance_sharing,3,unanimous
implicit-yellow,3,True,True,disagreement,True,60,Do you live in a warm climate?,background,4,opposing,0.5,False,3,unanimous,none,3,unanimous,none,3,unanimous,stance_sharing,3,unanimous
implicit-yellow,4,True,False,disagreement,False,75,Do you live in a warm climate?,background,4,opposing,0.5,False,3,unanimous,none,3,unanimous,none,3,unanimous,finding_commonality,2,majority
implicit-yellow,7,True,False,disagreement,False,120,Do you live in a warm climate?,background,4,opposing,0.5,False,3,unanimous,none,3,unanimous,none,3,unanimous,exploring_nuance,3,unanimous
implicit-yellow,9,True,False,disagreement,False,150,Do you live in a warm climate?,background,4,opposing,0.5,True,3,unanimous,related_subtopic,3,unanimous,shared_thoughts,3,unanimous,exploring_nuance,3,unanimous
implicit-yellow,10,True,False,disagreement,False,165,Do you live in a warm climate?,background,4,opposing,0.5,True,3,unanimous,related_subtopic,3,unanimous,shared_thoughts,3,unanimous,finding_commonality,3,unanimous
improved-copper,1,False,False,not_discussed,False,30,Do you believe in an afterlife?,religion,2,opposing,0.0,False,3,unanimous,none,3,unanimous,none,3,unanimous,stance_sharing,3,unanimous
improved-copper,2,True,True,disagreement,True,45,Do you believe in an afterlife?,religion,2,opposing,0.0,False,3,unanimous,none,3,unanimous,none,3,unanimous,stance_sharing,3,unanimous
improved-copper,4,True,False,disagreement,True,75,Do you believe in an afterlife?,religion,2,opposing,0.0,False,3,unanimous,none,3,unanimous,none,3,unanimous,perspective_seeking,3,unanimous
improved-copper,5,True,False,disagreement,False,90,Do you believe in an afterlife?,religion,2,opposing,0.0,False,3,unanimous,rapport_only,3,unanimous,none,3,unanimous,rapport_building,2,majority
improved-copper,7,True,False,disagreement,True,120,Do you believe in an afterlife?,religion,2,opposing,0.0,False,3,unanimous,none,3,unanimous,none,3,unanimous,stance_sharing,3,unanimous
improved-copper,8,True,False,disagreement,False,135,Do you believe in an afterlife?,religion,2,opposing,0.0,False,3,unanimous,rapport_only,3,unanimous,none,3,unanimous,finding_commonality,2,majority
improved-copper,10,True,False,disagreement,False,165,Do you believe in an afterlife?,religion,2,opposing,0.0,False,3,unanimous,none,3,unanimous,none,3,unanimous,perspective_seeking,3,unanimous
improved-copper,11,True,False,disagreement,False,180,Do you believe in an afterlife?,religion,2,opposing,0.0,False,3,unanimous,none,3,unanimous,none,3,unanimous,stance_sharing,3,unanimous
improved-copper,12,True,False,disagreement,False,195,Do you believe in an afterlife?,religion,2,opposing,0.0,False,3,unanimous,none,3,unanimous,none,3,unanimous,other,3,unanimous
inclined-jade,0,False,False,not_discussed,False,15,Do you prefer TV shows over movies?,preferences,0,shared,1.0,False,3,unanimous,none,2,majority,none,3,unanimous,rapport_building,3,unanimous
inclined-jade,1,False,False,not_discussed,False,30,Do you prefer TV shows over movies?,preferences,0,shared,1.0,False,3,unanimous,none,3,unanimous,none,3,unanimous,perspective_seeking,3,unanimous
inclined-jade,4,False,False,not_discussed,False,75,Do you prefer TV shows over movies?,preferences,0,shared,1.0,False,3,unanimous,none,3,unanimous,none,3,unanimous,stance_sharing,3,unanimous
inclined-jade,5,True,True,agreement,False,90,Do you prefer TV shows over movies?,preferences,0,shared,1.0,True,2,majority,same_values,2,majority,shared_thoughts,2,majority,stance_sharing,3,unanimous
inclined-jade,8,True,False,agreement,False,135,Do you prefer TV shows over movies?,preferences,0,shared,1.0,True,3,unanimous,related_subtopic,3,unanimous,shared_feelings,3,unanimous,finding_commonality,3,unanimous
inclined-jade,11,True,False,agreement,False,180,Do you prefer TV shows over movies?,preferences,0,shared,1.0,False,3,unanimous,none,3,unanimous,none,3,unanimous,rapport_building,2,majority
increased-maroon,1,False,False,not_discussed,False,30,Do you live in a city?,background,4,opposing,0.0,False,3,unanimous,none,3,unanimous,none,3,unanimous,rapport_building,3,unanimous
increased-maroon,2,False,False,not_discussed,False,45,Do you live in a city?,background,4,opposing,0.0,False,3,unanimous,none,3,unanimous,none,3,unanimous,rapport_building,3,unanimous
increased-maroon,4,False,False,not_discussed,False,75,Do you live in a city?,background,4,opposing,0.0,False,3,unanimous,none,3,unanimous,none,3,unanimous,perspective_seeking,3,unanimous
increased-maroon,5,False,False,not_discussed,False,90,Do you live in a city?,background,4,opposing,0.0,False,3,unanimous,none,3,unanimous,none,3,unanimous,stance_sharing,3,unanimous
increased-maroon,6,False,False,not_discussed,False,105,Do you live in a city?,background,4,opposing,0.0,False,3,unanimous,none,3,unanimous,none,3,unanimous,stance_sharing,3,unanimous
increased-maroon,8,True,True,disagreement,True,135,Do you live in a city?,background,4,opposing,0.0,False,3,unanimous,none,3,unanimous,none,3,unanimous,stance_sharing,3,unanimous
increased-maroon,9,True,False,disagreement,False,150,Do you live in a city?,background,4,opposing,0.0,False,3,unanimous,none,3,unanimous,none,3,unanimous,other,2,majority
increased-maroon,10,True,False,disagreement,False,165,Do you live in a city?,background,4,opposing,0.0,True,3,unanimous,related_subtopic,3,unanimous,shared_thoughts,3,unanimous,finding_commonality,3,unanimous
increased-maroon,11,True,False,disagreement,False,180,Do you live in a city?,background,4,opposing,0.0,False,3,unanimous,rapport_only,3,unanimous,none,3,unanimous,rapport_building,3,unanimous
independent-coffee,0,False,False,not_discussed,False,15,Can stealing ever be justified?,morality,1,shared,1.0,False,3,unanimous,none,3,unanimous,none,3,unanimous,rapport_building,3,unanimous
independent-coffee,1,False,False,not_discussed,False,30,Can stealing ever be justified?,morality,1,shared,1.0,False,3,unanimous,none,3,unanimous,none,3,unanimous,rapport_building,3,unanimous
independent-coffee,2,False,False,unclear,False,45,Can stealing ever be justified?,morality,1,shared,1.0,False,3,unanimous,none,3,unanimous,none,3,unanimous,stance_sharing,3,unanimous
independent-coffee,6,True,True,agreement,False,105,Can stealing ever be justified?,morality,1,shared,1.0,True,3,unanimous,same_values,3,unanimous,shared_beliefs,3,unanimous,stance_sharing,3,unanimous
independent-coffee,7,True,False,agreement,False,120,Can stealing ever be justified?,morality,1,shared,1.0,True,3,unanimous,same_values,3,unanimous,shared_beliefs,3,unanimous,finding_commonality,3,unanimous
independent-coffee,8,True,False,agreement,False,135,Can stealing ever be justified?,morality,1,shared,1.0,False,3,unanimous,none,3,unanimous,none,3,unanimous,exploring_nuance,3,unanimous
independent-coffee,9,True,False,agreement,False,150,Can stealing ever be justified?,morality,1,shared,1.0,True,3,unanimous,same_values,3,unanimous,shared_thoughts,2,majority,stance_sharing,3,unanimous
independent-coffee,12,True,False,agreement,False,195,Can stealing ever be justified?,morality,1,shared,1.0,False,3,unanimous,rapport_only,3,unanimous,none,3,unanimous,rapport_building,3,unanimous
inner-amethyst,1,False,False,not_discussed,False,30,Are you a parent or caregiver?,identity,3,opposing,0.5,False,3,unanimous,none,3,unanimous,none,3,unanimous,stance_sharing,3,unanimous
inner-amethyst,3,True,True,agreement,False,60,Are you a parent or caregiver?,identity,3,opposing,0.5,False,3,unanimous,none,3,unanimous,none,3,unanimous,stance_sharing,3,unanimous
inner-amethyst,8,True,False,agreement,False,135,Are you a parent or caregiver?,identity,3,opposing,0.5,False,3,unanimous,none,3,unanimous,none,3,unanimous,finding_commonality,3,unanimous
innovative-magenta,0,False,False,not_discussed,False,15,Do you work from home?,arbitrary,4,opposing,0.5,False,3,unanimous,none,3,unanimous,none,3,unanimous,rapport_building,3,unanimous
innovative-magenta,1,False,False,not_discussed,False,30,Do you work from home?,arbitrary,4,opposing,0.5,False,3,unanimous,none,3,unanimous,none,3,unanimous,stance_sharing,3,unanimous
innovative-magenta,2,True,True,disagreement,True,45,Do you work from home?,arbitrary,4,opposing,0.5,False,3,unanimous,none,3,unanimous,none,3,unanimous,stance_sharing,3,unanimous
innovative-magenta,3,True,False,disagreement,False,60,Do you work from home?,arbitrary,4,opposing,0.5,False,3,unanimous,none,3,unanimous,none,3,unanimous,perspective_seeking,3,unanimous
innovative-magenta,6,True,False,disagreement,False,105,Do you work from home?,arbitrary,4,opposing,0.5,False,3,unanimous,none,3,unanimous,none,3,unanimous,sharing_experience,3,unanimous
innovative-magenta,8,True,False,disagreement,False,135,Do you work from home?,arbitrary,4,opposing,0.5,True,3,unanimous,related_subtopic,3,unanimous,shared_thoughts,3,unanimous,finding_commonality,3,unanimous
innovative-magenta,11,True,False,disagreement,False,180,Do you work from home?,arbitrary,4,opposing,0.5,True,3,unanimous,related_subtopic,3,unanimous,shared_thoughts,3,unanimous,exploring_nuance,3,unanimous
intense-aqua,0,False,False,not_discussed,False,15,Do you attend live music concerts?,preferences,4,opposing,0.0,False,3,unanimous,none,3,unanimous,none,3,unanimous,rapport_building,3,unanimous
intense-aqua,2,True,True,unclear,True,45,Do you attend live music concerts?,preferences,4,opposing,0.0,False,3,unanimous,none,3,unanimous,none,3,unanimous,stance_sharing,3,unanimous
intense-aqua,3,True,False,disagreement,False,60,Do you attend live music concerts?,preferences,4,opposing,0.0,False,3,unanimous,none,3,unanimous,none,3,unanimous,stance_sharing,3,unanimous
intense-aqua,5,True,False,disagreement,True,90,Do you attend live music concerts?,preferences,4,opposing,0.0,False,2,majority,none,2,majority,none,2,majority,perspective_seeking,3,unanimous
intense-aqua,6,True,False,disagreement,False,105,Do you attend live music concerts?,preferences,4,opposing,0.0,False,3,unanimous,none,3,unanimous,none,3,unanimous,perspective_seeking,3,unanimous
intense-aqua,8,True,False,disagreement,False,135,Do you attend live music concerts?,preferences,4,opposing,0.0,False,3,unanimous,none,3,unanimous,none,3,unanimous,sharing_experience,3,unanimous
intense-aqua,11,True,False,disagreement,False,180,Do you attend live music concerts?,preferences,4,opposing,0.0,True,3,unanimous,related_subtopic,3,unanimous,shared_thoughts,3,unanimous,finding_commonality,3,unanimous
intense-aqua,12,True,False,disagreement,False,195,Do you attend live music concerts?,preferences,4,opposing,0.0,False,3,unanimous,rapport_only,3,unanimous,none,3,unanimous,rapport_building,3,unanimous
intense-scarlet,0,False,False,not_discussed,False,15,Do you create art?,preferences,0,shared,1.0,False,3,unanimous,none,3,unanimous,none,3,unanimous,rapport_building,3,unanimous
intense-scarlet,1,False,False,unclear,False,30,Do you create art?,preferences,0,shared,1.0,False,3,unanimous,none,3,unanimous,none,3,unanimous,stance_sharing,3,unanimous
intense-scarlet,2,True,True,agreement,False,45,Do you create art?,preferences,0,shared,1.0,True,3,unanimous,same_values,3,unanimous,shared_thoughts,3,unanimous,stance_sharing,3,unanimous
intense-scarlet,3,True,False,agreement,False,60,Do you create art?,preferences,0,shared,1.0,False,3,unanimous,none,3,unanimous,none,3,unanimous,exploring_nuance,3,unanimous
intense-scarlet,4,True,False,agreement,False,75,Do you create art?,preferences,0,shared,1.0,False,3,unanimous,none,3,unanimous,none,3,unanimous,sharing_experience,3,unanimous
intense-scarlet,5,True,False,agreement,False,90,Do you create art?,preferences,0,shared,1.0,True,3,unanimous,related_subtopic,3,unanimous,shared_feelings,3,unanimous,finding_commonality,3,unanimous
intense-scarlet,8,True,False,agreement,False,135,Do you create art?,preferences,0,shared,1.0,False,2,majority,none,2,majority,none,2,majority,sharing_experience,3,unanimous
intense-scarlet,9,True,False,agreement,False,150,Do you create art?,preferences,0,shared,1.0,True,3,unanimous,related_subtopic,3,unanimous,shared_feelings,3,unanimous,sharing_experience,3,unanimous
intense-scarlet,11,True,False,agreement,False,180,Do you create art?,preferences,0,shared,1.0,False,3,unanimous,rapport_only,3,unanimous,none,3,unanimous,rapport_building,3,unanimous
intermediate-blue,0,False,False,not_discussed,False,15,Can a machine be moral?,morality,0,shared,1.0,False,3,unanimous,none,3,unanimous,none,3,unanimous,rapport_building,3,unanimous
intermediate-blue,1,False,False,not_discussed,False,30,Can a machine be moral?,morality,0,shared,1.0,False,3,unanimous,none,3,unanimous,none,3,unanimous,perspective_seeking,3,unanimous
intermediate-blue,3,False,False,unclear,False,60,Can a machine be moral?,morality,0,shared,1.0,False,3,unanimous,none,3,unanimous,none,3,unanimous,stance_sharing,3,unanimous
intermediate-blue,6,True,True,agreement,False,105,Can a machine be moral?,morality,0,shared,1.0,True,3,unanimous,same_values,3,unanimous,shared_thoughts,3,unanimous,stance_sharing,3,unanimous
intermediate-blue,8,True,False,agreement,False,135,Can a machine be moral?,morality,0,shared,1.0,True,3,unanimous,same_values,3,unanimous,shared_thoughts,3,unanimous,exploring_nuance,3,unanimous
intermediate-blue,12,True,False,agreement,False,195,Can a machine be moral?,morality,0,shared,1.0,True,3,unanimous,same_values,3,unanimous,shared_thoughts,3,unanimous,perspective_seeking,3,unanimous
invisible-teal,1,False,False,unclear,False,30,Are you a parent or caregiver?,identity,4,opposing,0.0,False,3,unanimous,none,3,unanimous,none,3,unanimous,stance_sharing,3,unanimous
invisible-teal,2,True,True,disagreement,True,45,Are you a parent or caregiver?,identity,4,opposing,0.0,False,3,unanimous,none,3,unanimous,none,3,unanimous,stance_sharing,3,unanimous
invisible-teal,3,True,False,disagreement,False,60,Are you a parent or caregiver?,identity,4,opposing,0.0,True,3,unanimous,same_values,3,unanimous,shared_thoughts,2,majority,finding_commonality,3,unanimous
invisible-teal,5,True,False,disagreement,False,90,Are you a parent or caregiver?,identity,4,opposing,0.0,False,3,unanimous,none,2,majority,none,3,unanimous,perspective_seeking,3,unanimous
invisible-teal,6,True,False,disagreement,False,105,Are you a parent or caregiver?,identity,4,opposing,0.0,False,3,unanimous,none,3,unanimous,none,3,unanimous,rapport_building,3,unanimous
invisible-teal,9,True,False,disagreement,False,150,Are you a parent or caregiver?,identity,4,opposing,0.0,False,3,unanimous,rapport_only,2,majority,none,3,unanimous,sharing_experience,3,unanimous
invisible-teal,10,True,False,disagreement,False,165,Are you a parent or caregiver?,identity,4,opposing,0.0,False,3,unanimous,none,3,unanimous,none,3,unanimous,sharing_experience,2,majority
invisible-teal,12,True,False,disagreement,False,195,Are you a parent or caregiver?,identity,4,opposing,0.0,False,3,unanimous,rapport_only,3,unanimous,none,3,unanimous,rapport_building,3,unanimous
jittery-amaranth,0,False,False,not_discussed,False,15,Do you think elected officials work to support the public's best interest?,politics,0,shared,0.5,False,3,unanimous,none,3,unanimous,none,3,unanimous,rapport_building,3,unanimous
jittery-amaranth,1,False,False,not_discussed,False,30,Do you think elected officials work to support the public's best interest?,politics,0,shared,0.5,False,3,unanimous,none,3,unanimous,none,3,unanimous,rapport_building,3,unanimous
jittery-amaranth,2,False,False,not_discussed,False,45,Do you think elected officials work to support the public's best interest?,politics,0,shared,0.5,False,3,unanimous,none,3,unanimous,none,3,unanimous,rapport_building,3,unanimous
jittery-amaranth,3,False,False,not_discussed,False,60,Do you think elected officials work to support the public's best interest?,politics,0,shared,0.5,False,3,unanimous,none,3,unanimous,none,3,unanimous,rapport_building,3,unanimous
jittery-amaranth,4,False,False,not_discussed,False,75,Do you think elected officials work to support the public's best interest?,politics,0,shared,0.5,False,3,unanimous,none,3,unanimous,none,3,unanimous,rapport_building,3,unanimous
jittery-amaranth,5,False,False,not_discussed,False,90,Do you think elected officials work to support the public's best interest?,politics,0,shared,0.5,False,3,unanimous,none,3,unanimous,none,3,unanimous,rapport_building,3,unanimous
jittery-amaranth,7,False,False,unclear,False,120,Do you think elected officials work to support the public's best interest?,politics,0,shared,0.5,False,3,unanimous,none,3,unanimous,none,3,unanimous,stance_sharing,3,unanimous
jittery-amaranth,8,True,True,agreement,False,135,Do you think elected officials work to support the public's best interest?,politics,0,shared,0.5,True,3,unanimous,same_values,3,unanimous,shared_thoughts,3,unanimous,stance_sharing,3,unanimous
jittery-amaranth,11,True,False,agreement,False,180,Do you think elected officials work to support the public's best interest?,politics,0,shared,0.5,False,3,unanimous,rapport_only,2,majority,none,3,unanimous,rapport_building,2,majority
jittery-amaranth,12,True,False,agreement,False,195,Do you think elected officials work to support the public's best interest?,politics,0,shared,0.5,True,3,unanimous,related_subtopic,3,unanimous,shared_beliefs,2,majority,finding_commonality,3,unanimous
jolly-black,1,False,False,unclear,False,30,Do you regularly attend religious services?,religion,4,opposing,0.0,False,3,unanimous,none,3,unanimous,none,3,unanimous,stance_sharing,3,unanimous
jolly-black,2,False,False,unclear,False,45,Do you regularly attend religious services?,religion,4,opposing,0.0,False,3,unanimous,none,3,unanimous,none,3,unanimous,stance_sharing,3,unanimous
jolly-black,4,True,True,disagreement,True,75,Do you regularly attend religious services?,religion,4,opposing,0.0,False,3,unanimous,none,3,unanimous,none,3,unanimous,stance_sharing,3,unanimous
jolly-black,5,True,False,disagreement,False,90,Do you regularly attend religious services?,religion,4,opposing,0.0,False,3,unanimous,none,3,unanimous,none,3,unanimous,stance_sharing,2,majority
jolly-black,6,True,False,disagreement,True,105,Do you regularly attend religious services?,religion,4,opposing,0.0,False,3,unanimous,rapport_only,3,unanimous,none,3,unanimous,exploring_nuance,3,unanimous
jolly-black,8,True,False,disagreement,False,135,Do you regularly attend religious services?,religion,4,opposing,0.0,False,3,unanimous,none,3,unanimous,none,3,unanimous,perspective_seeking,3,unanimous
jolly-black,9,True,False,disagreement,False,150,Do you regularly attend religious services?,religion,4,opposing,0.0,True,3,unanimous,related_subtopic,3,unanimous,shared_thoughts,3,unanimous,finding_commonality,3,unanimous
jolly-black,10,True,False,disagreement,True,165,Do you regularly attend religious services?,religion,4,opposing,0.0,False,3,unanimous,none,3,unanimous,none,3,unanimous,stance_sharing,3,unanimous
jolly-black,11,True,False,disagreement,False,180,Do you regularly attend religious services?,religion,4,opposing,0.0,False,3,unanimous,none,3,unanimous,none,3,unanimous,other,3,unanimous
jolly-black,12,True,False,disagreement,False,195,Do you regularly attend religious services?,religion,4,opposing,0.0,False,3,unanimous,rapport_only,3,unanimous,none,3,unanimous,rapport_building,3,unanimous
jolly-bronze,0,False,False,not_discussed,False,15,Are people innately good?,morality,0,shared,1.0,False,3,unanimous,none,3,unanimous,none,3,unanimous,rapport_building,3,unanimous
jolly-bronze,1,True,True,agreement,False,30,Are people innately good?,morality,0,shared,1.0,True,3,unanimous,same_values,3,unanimous,shared_beliefs,3,unanimous,stance_sharing,3,unanimous
jolly-bronze,2,True,False,agreement,False,45,Are people innately good?,morality,0,shared,1.0,False,3,unanimous,none,3,unanimous,none,3,unanimous,exploring_nuance,3,unanimous
jolly-bronze,4,True,False,agreement,False,75,Are people innately good?,morality,0,shared,1.0,False,3,unanimous,none,3,unanimous,none,3,unanimous,stance_sharing,3,unanimous
jolly-bronze,5,True,False,agreement,True,90,Are people innately good?,morality,0,shared,1.0,True,3,unanimous,same_values,2,majority,shared_thoughts,3,unanimous,exploring_nuance,3,unanimous
jolly-bronze,6,True,False,agreement,False,105,Are people innately good?,morality,0,shared,1.0,True,3,unanimous,same_values,3,unanimous,shared_thoughts,3,unanimous,exploring_nuance,3,unanimous
jolly-bronze,7,True,False,agreement,False,120,Are people innately good?,morality,0,shared,1.0,True,3,unanimous,related_subtopic,3,unanimous,shared_thoughts,3,unanimous,exploring_nuance,3,unanimous
jolly-bronze,8,True,False,agreement,False,135,Are people innately good?,morality,0,shared,1.0,True,3,unanimous,related_subtopic,3,unanimous,shared_thoughts,3,unanimous,exploring_nuance,3,unanimous
jolly-bronze,9,True,False,agreement,False,150,Are people innately good?,morality,0,shared,1.0,True,3,unanimous,related_subtopic,3,unanimous,shared_thoughts,3,unanimous,finding_commonality,3,unanimous
jolly-bronze,10,True,False,agreement,False,165,Are people innately good?,morality,0,shared,1.0,True,3,unanimous,related_subtopic,3,unanimous,shared_thoughts,3,unanimous,finding_commonality,3,unanimous
jolly-bronze,11,True,False,agreement,False,180,Are people innately good?,morality,0,shared,1.0,True,3,unanimous,related_subtopic,3,unanimous,shared_thoughts,3,unanimous,exploring_nuance,2,majority
joyous-red,1,False,False,not_discussed,False,30,Do you enjoy reading?,preferences,0,shared,1.0,False,3,unanimous,none,3,unanimous,none,3,unanimous,stance_sharing,3,unanimous
joyous-red,3,True,True,agreement,False,60,Do you enjoy reading?,preferences,0,shared,1.0,True,3,unanimous,same_values,3,unanimous,shared_feelings,2,majority,stance_sharing,3,unanimous
joyous-red,5,True,False,agreement,False,90,Do you enjoy reading?,preferences,0,shared,1.0,True,3,unanimous,related_subtopic,3,unanimous,shared_feelings,2,majority,finding_commonality,3,unanimous
joyous-red,8,True,False,agreement,False,135,Do you enjoy reading?,preferences,0,shared,1.0,False,3,unanimous,none,3,unanimous,none,3,unanimous,perspective_seeking,3,unanimous
joyous-red,10,True,False,agreement,False,165,Do you enjoy reading?,preferences,0,shared,1.0,False,3,unanimous,none,3,unanimous,none,3,unanimous,other,3,unanimous
joyous-red,11,True,False,agreement,False,180,Do you enjoy reading?,preferences,0,shared,1.0,False,3,unanimous,none,3,unanimous,none,3,unanimous,other,3,unanimous
joyous-red,12,True,False,agreement,False,195,Do you enjoy reading?,preferences,0,shared,1.0,False,3,unanimous,none,3,unanimous,none,3,unanimous,other,3,unanimous
joyous-salmon,1,False,False,not_discussed,False,30,Can stealing ever be justified?,morality,0,shared,1.0,False,3,unanimous,none,3,unanimous,none,3,unanimous,perspective_seeking,3,unanimous
joyous-salmon,3,False,False,unclear,False,60,Can stealing ever be justified?,morality,0,shared,1.0,False,3,unanimous,none,3,unanimous,none,3,unanimous,stance_sharing,3,unanimous
joyous-salmon,5,True,True,agreement,False,90,Can stealing ever be justified?,morality,0,shared,1.0,True,3,unanimous,same_values,3,unanimous,shared_beliefs,3,unanimous,stance_sharing,3,unanimous
joyous-salmon,6,True,False,agreement,False,105,Can stealing ever be justified?,morality,0,shared,1.0,False,2,majority,none,2,majority,none,2,majority,exploring_nuance,3,unanimous
joyous-salmon,10,True,False,agreement,False,165,Can stealing ever be justified?,morality,0,shared,1.0,False,3,unanimous,none,3,unanimous,none,3,unanimous,exploring_nuance,3,unanimous
joyous-salmon,11,True,False,agreement,False,180,Can stealing ever be justified?,morality,0,shared,1.0,False,3,unanimous,none,3,unanimous,none,3,unanimous,stance_sharing,3,unanimous
key-apricot,0,False,False,not_discussed,False,15,Do you believe in God or a higher power?,religion,3,opposing,0.0,False,3,unanimous,none,2,majority,none,3,unanimous,rapport_building,3,unanimous
key-apricot,1,False,False,not_discussed,False,30,Do you believe in God or a higher power?,religion,3,opposing,0.0,False,3,unanimous,none,3,unanimous,none,3,unanimous,rapport_building,3,unanimous
key-apricot,3,False,False,not_discussed,False,60,Do you believe in God or a higher power?,religion,3,opposing,0.0,False,3,unanimous,none,3,unanimous,none,3,unanimous,stance_sharing,3,unanimous
key-apricot,7,True,True,disagreement,True,120,Do you believe in God or a higher power?,religion,3,opposing,0.0,False,3,unanimous,none,3,unanimous,none,3,unanimous,persuading,3,unanimous
key-apricot,11,True,False,disagreement,True,180,Do you believe in God or a higher power?,religion,3,opposing,0.0,False,3,unanimous,none,3,unanimous,none,3,unanimous,stance_sharing,3,unanimous
key-apricot,12,True,False,disagreement,True,195,Do you believe in God or a higher power?,religion,3,opposing,0.0,False,3,unanimous,none,3,unanimous,none,3,unanimous,stance_sharing,3,unanimous
key-magenta,0,False,False,not_discussed,False,15,Are you going to vote in the next election?,politics,0,shared,1.0,False,3,unanimous,none,3,unanimous,none,3,unanimous,rapport_building,3,unanimous
key-magenta,2,False,False,not_discussed,False,45,Are you going to vote in the next election?,politics,0,shared,1.0,False,3,unanimous,none,3,unanimous,none,3,unanimous,stance_sharing,3,unanimous
key-magenta,3,True,True,agreement,False,60,Are you going to vote in the next election?,politics,0,shared,1.0,True,3,unanimous,same_values,3,unanimous,shared_beliefs,3,unanimous,stance_sharing,3,unanimous
key-magenta,5,True,False,agreement,False,90,Are you going to vote in the next election?,politics,0,shared,1.0,False,3,unanimous,none,3,unanimous,none,3,unanimous,stance_sharing,3,unanimous
key-magenta,6,True,False,agreement,False,105,Are you going to vote in the next election?,politics,0,shared,1.0,True,3,unanimous,related_subtopic,2,majority,shared_beliefs,3,unanimous,finding_commonality,3,unanimous
key-magenta,7,True,False,agreement,False,120,Are you going to vote in the next election?,politics,0,shared,1.0,True,2,majority,different_topic,2,majority,shared_thoughts,2,majority,rapport_building,3,unanimous
key-magenta,8,True,False,agreement,False,135,Are you going to vote in the next election?,politics,0,shared,1.0,True,3,unanimous,different_topic,3,unanimous,shared_thoughts,3,unanimous,rapport_building,3,unanimous
key-magenta,10,True,False,agreement,False,165,Are you going to vote in the next election?,politics,0,shared,1.0,True,3,unanimous,related_subtopic,3,unanimous,shared_beliefs,3,unanimous,sharing_experience,3,unanimous
key-magenta,11,True,False,agreement,False,180,Are you going to vote in the next election?,politics,0,shared,1.0,True,3,unanimous,different_topic,3,unanimous,shared_thoughts,3,unanimous,rapport_building,3,unanimous
labour-coral,1,False,False,not_discussed,False,30,Do you feel like an outsider in your local community?,identity,0,shared,0.0,False,3,unanimous,none,3,unanimous,none,3,unanimous,stance_sharing,3,unanimous
labour-coral,2,True,True,disagreement,True,45,Do you feel like an outsider in your local community?,identity,0,shared,0.0,False,3,unanimous,none,3,unanimous,none,3,unanimous,stance_sharing,3,unanimous
labour-coral,4,True,False,disagreement,False,75,Do you feel like an outsider in your local community?,identity,0,shared,0.0,False,3,unanimous,none,3,unanimous,none,3,unanimous,sharing_experience,2,majority
labour-coral,5,True,False,disagreement,False,90,Do you feel like an outsider in your local community?,identity,0,shared,0.0,False,3,unanimous,none,3,unanimous,none,3,unanimous,sharing_experience,3,unanimous
labour-coral,6,True,False,disagreement,True,105,Do you feel like an outsider in your local community?,identity,0,shared,0.0,True,3,unanimous,related_subtopic,3,unanimous,shared_thoughts,3,unanimous,finding_commonality,3,unanimous
labour-indigo,2,False,False,unclear,False,45,Do you feel like the country is moving in the right direction?,politics,1,shared,1.0,False,3,unanimous,none,3,unanimous,none,3,unanimous,stance_sharing,3,unanimous
labour-indigo,3,True,True,unclear,True,60,Do you feel like the country is moving in the right direction?,politics,1,shared,1.0,False,3,unanimous,none,3,unanimous,none,3,unanimous,stance_sharing,3,unanimous
labour-indigo,5,True,False,agreement,False,90,Do you feel like the country is moving in the right direction?,politics,1,shared,1.0,True,3,unanimous,related_subtopic,2,majority,shared_thoughts,3,unanimous,finding_commonality,3,unanimous
labour-indigo,6,True,False,agreement,False,105,Do you feel like the country is moving in the right direction?,politics,1,shared,1.0,False,3,unanimous,none,3,unanimous,none,3,unanimous,exploring_nuance,3,unanimous
labour-indigo,7,True,False,unclear,True,120,Do you feel like the country is moving in the right direction?,politics,1,shared,1.0,False,3,unanimous,none,3,unanimous,none,3,unanimous,stance_sharing,3,unanimous
labour-indigo,8,True,False,unclear,False,135,Do you feel like the country is moving in the right direction?,politics,1,shared,1.0,False,3,unanimous,none,3,unanimous,none,3,unanimous,perspective_seeking,3,unanimous
labour-indigo,9,True,False,unclear,False,150,Do you feel like the country is moving in the right direction?,politics,1,shared,1.0,False,3,unanimous,none,3,unanimous,none,3,unanimous,stance_sharing,3,unanimous
labour-indigo,10,True,False,unclear,False,165,Do you feel like the country is moving in the right direction?,politics,1,shared,1.0,False,3,unanimous,none,3,unanimous,none,3,unanimous,perspective_seeking,3,unanimous
labour-indigo,11,True,False,unclear,False,180,Do you feel like the country is moving in the right direction?,politics,1,shared,1.0,True,3,unanimous,related_subtopic,3,unanimous,shared_thoughts,3,unanimous,finding_commonality,3,unanimous
late-maroon,0,False,False,not_discussed,False,15,Do you enjoy reading?,preferences,1,shared,1.0,False,3,unanimous,none,3,unanimous,none,3,unanimous,stance_sharing,3,unanimous
late-maroon,1,True,True,agreement,False,30,Do you enjoy reading?,preferences,1,shared,1.0,True,3,unanimous,same_values,3,unanimous,shared_feelings,3,unanimous,stance_sharing,3,unanimous
late-maroon,3,True,False,agreement,False,60,Do you enjoy reading?,preferences,1,shared,1.0,False,3,unanimous,none,3,unanimous,none,3,unanimous,perspective_seeking,3,unanimous
late-maroon,5,True,False,agreement,False,90,Do you enjoy reading?,preferences,1,shared,1.0,True,3,unanimous,related_subtopic,3,unanimous,shared_thoughts,3,unanimous,finding_commonality,3,unanimous
late-maroon,6,True,False,agreement,False,105,Do you enjoy reading?,preferences,1,shared,1.0,False,3,unanimous,none,3,unanimous,none,3,unanimous,perspective_seeking,3,unanimous
late-maroon,8,True,False,agreement,False,135,Do you enjoy reading?,preferences,1,shared,1.0,False,3,unanimous,none,3,unanimous,none,3,unanimous,sharing_experience,2,majority
late-maroon,9,True,False,agreement,False,150,Do you enjoy reading?,preferences,1,shared,1.0,False,3,unanimous,none,3,unanimous,none,3,unanimous,perspective_seeking,3,unanimous
late-maroon,10,True,False,agreement,False,165,Do you enjoy reading?,preferences,1,shared,1.0,False,3,unanimous,none,3,unanimous,none,3,unanimous,other,3,unanimous
late-maroon,11,True,False,agreement,False,180,Do you enjoy reading?,preferences,1,shared,1.0,False,3,unanimous,none,3,unanimous,none,3,unanimous,stance_sharing,3,unanimous
late-maroon,12,True,False,agreement,False,195,Do you enjoy reading?,preferences,1,shared,1.0,False,3,unanimous,rapport_only,3,unanimous,none,3,unanimous,rapport_building,3,unanimous
lengthy-purple,0,False,False,not_discussed,False,15,Do you believe in God or a higher power?,religion,0,shared,1.0,False,3,unanimous,none,3,unanimous,none,3,unanimous,rapport_building,3,unanimous
lengthy-purple,1,False,False,not_discussed,False,30,Do you believe in God or a higher power?,religion,0,shared,1.0,False,3,unanimous,none,3,unanimous,none,3,unanimous,rapport_building,3,unanimous
lengthy-purple,2,False,False,not_discussed,False,45,Do you believe in God or a higher power?,religion,0,shared,1.0,False,3,unanimous,none,3,unanimous,none,3,unanimous,rapport_building,3,unanimous
lengthy-purple,3,False,False,not_discussed,False,60,Do you believe in God or a higher power?,religion,0,shared,1.0,False,3,unanimous,none,3,unanimous,none,3,unanimous,rapport_building,3,unanimous
lengthy-purple,4,True,True,agreement,False,75,Do you believe in God or a higher power?,religion,0,shared,1.0,True,3,unanimous,same_values,3,unanimous,shared_beliefs,3,unanimous,stance_sharing,3,unanimous
lengthy-purple,5,True,False,agreement,False,90,Do you believe in God or a higher power?,religion,0,shared,1.0,False,3,unanimous,rapport_only,3,unanimous,none,3,unanimous,rapport_building,3,unanimous
lengthy-purple,6,True,False,agreement,False,105,Do you believe in God or a higher power?,religion,0,shared,1.0,False,3,unanimous,none,3,unanimous,none,3,unanimous,perspective_seeking,3,unanimous
lengthy-purple,7,True,False,agreement,False,120,Do you believe in God or a higher power?,religion,0,shared,1.0,False,3,unanimous,none,3,unanimous,none,3,unanimous,sharing_experience,3,unanimous
lengthy-purple,9,True,False,agreement,False,150,Do you believe in God or a higher power?,religion,0,shared,1.0,True,3,unanimous,same_values,2,majority,shared_beliefs,3,unanimous,sharing_experience,3,unanimous
lengthy-purple,10,True,False,agreement,False,165,Do you believe in God or a higher power?,religion,0,shared,1.0,True,3,unanimous,related_subtopic,2,majority,shared_beliefs,3,unanimous,finding_commonality,3,unanimous
lesser-maroon,0,False,False,not_discussed,False,15,Do you enjoy being outdoors?,arbitrary,0,shared,1.0,False,3,unanimous,none,3,unanimous,none,3,unanimous,perspective_seeking,3,unanimous
lesser-maroon,2,False,False,not_discussed,False,45,Do you enjoy being outdoors?,arbitrary,0,shared,1.0,False,3,unanimous,none,3,unanimous,none,3,unanimous,stance_sharing,3,unanimous
lesser-maroon,3,True,True,agreement,False,60,Do you enjoy being outdoors?,arbitrary,0,shared,1.0,True,3,unanimous,same_values,3,unanimous,shared_feelings,3,unanimous,stance_sharing,3,unanimous
lesser-maroon,4,True,False,agreement,False,75,Do you enjoy being outdoors?,arbitrary,0,shared,1.0,False,3,unanimous,none,3,unanimous,none,3,unanimous,exploring_nuance,3,unanimous
lesser-maroon,5,True,False,agreement,False,90,Do you enjoy being outdoors?,arbitrary,0,shared,1.0,True,3,unanimous,same_values,2,majority,shared_feelings,3,unanimous,finding_commonality,2,majority
lesser-maroon,7,True,False,agreement,False,120,Do you enjoy being outdoors?,arbitrary,0,shared,1.0,False,3,unanimous,none,3,unanimous,none,3,unanimous,perspective_seeking,3,unanimous
lesser-maroon,8,True,False,agreement,True,135,Do you enjoy being outdoors?,arbitrary,0,shared,1.0,False,3,unanimous,none,3,unanimous,none,3,unanimous,stance_sharing,3,unanimous
lesser-maroon,9,True,False,agreement,False,150,Do you enjoy being outdoors?,arbitrary,0,shared,1.0,False,3,unanimous,none,3,unanimous,none,3,unanimous,perspective_seeking,3,unanimous
lesser-maroon,11,True,False,agreement,False,180,Do you enjoy being outdoors?,arbitrary,0,shared,1.0,False,3,unanimous,none,3,unanimous,none,3,unanimous,perspective_seeking,3,unanimous
lesser-maroon,12,True,False,agreement,True,195,Do you enjoy being outdoors?,arbitrary,0,shared,1.0,False,3,unanimous,none,3,unanimous,none,3,unanimous,stance_sharing,3,unanimous
lexical-lime,0,False,False,not_discussed,False,15,Is lying acceptable?,morality,0,shared,1.0,False,3,unanimous,none,3,unanimous,none,3,unanimous,rapport_building,3,unanimous
lexical-lime,1,False,False,not_discussed,False,30,Is lying acceptable?,morality,0,shared,1.0,False,3,unanimous,none,3,unanimous,none,3,unanimous,stance_sharing,3,unanimous
lexical-lime,2,True,True,agreement,False,45,Is lying acceptable?,morality,0,shared,1.0,True,3,unanimous,same_values,3,unanimous,shared_thoughts,3,unanimous,stance_sharing,3,unanimous
lexical-lime,3,True,False,agreement,False,60,Is lying acceptable?,morality,0,shared,1.0,True,3,unanimous,same_values,3,unanimous,shared_thoughts,3,unanimous,finding_commonality,3,unanimous
lexical-lime,4,True,False,agreement,False,75,Is lying acceptable?,morality,0,shared,1.0,False,3,unanimous,none,3,unanimous,none,3,unanimous,exploring_nuance,3,unanimous
lexical-lime,5,True,False,agreement,False,90,Is lying acceptable?,morality,0,shared,1.0,True,3,unanimous,same_values,3,unanimous,shared_thoughts,3,unanimous,exploring_nuance,3,unanimous
lexical-lime,7,True,False,agreement,False,120,Is lying acceptable?,morality,0,shared,1.0,False,3,unanimous,none,3,unanimous,none,3,unanimous,sharing_experience,3,unanimous
lexical-lime,9,True,False,agreement,False,150,Is lying acceptable?,morality,0,shared,1.0,False,2,majority,none,2,majority,none,2,majority,sharing_experience,2,majority
lexical-lime,10,True,False,agreement,False,165,Is lying acceptable?,morality,0,shared,1.0,True,3,unanimous,same_values,3,unanimous,shared_beliefs,2,majority,finding_commonality,3,unanimous
lexical-lime,12,True,False,agreement,False,195,Is lying acceptable?,morality,0,shared,1.0,False,3,unanimous,rapport_only,3,unanimous,none,3,unanimous,rapport_building,3,unanimous
liable-amber,1,False,False,not_discussed,False,30,Do you attend live music concerts?,preferences,4,opposing,0.0,False,3,unanimous,none,3,unanimous,none,3,unanimous,rapport_building,3,unanimous
liable-amber,2,False,False,not_discussed,False,45,Do you attend live music concerts?,preferences,4,opposing,0.0,False,3,unanimous,none,3,unanimous,none,3,unanimous,stance_sharing,2,majority
liable-amber,3,False,False,not_discussed,False,60,Do you attend live music concerts?,preferences,4,opposing,0.0,False,3,unanimous,none,3,unanimous,none,3,unanimous,perspective_seeking,3,unanimous
liable-amber,5,True,True,disagreement,True,90,Do you attend live music concerts?,preferences,4,opposing,0.0,False,3,unanimous,none,3,unanimous,none,3,unanimous,stance_sharing,3,unanimous
liable-amber,6,True,False,disagreement,True,105,Do you attend live music concerts?,preferences,4,opposing,0.0,False,3,unanimous,none,3,unanimous,none,3,unanimous,stance_sharing,3,unanimous
liable-amber,9,True,False,disagreement,True,150,Do you attend live music concerts?,preferences,4,opposing,0.0,True,3,unanimous,related_subtopic,3,unanimous,shared_thoughts,3,unanimous,perspective_seeking,3,unanimous
liable-amber,11,True,False,disagreement,False,180,Do you attend live music concerts?,preferences,4,opposing,0.0,False,3,unanimous,none,3,unanimous,none,3,unanimous,stance_sharing,3,unanimous
liable-amber,12,True,False,disagreement,False,195,Do you attend live music concerts?,preferences,4,opposing,0.0,False,3,unanimous,rapport_only,3,unanimous,none,3,unanimous,rapport_building,3,unanimous
limited-scarlet,1,False,False,not_discussed,False,30,Do you exercise regularly?,arbitrary,4,opposing,1.0,False,3,unanimous,none,3,unanimous,none,3,unanimous,stance_sharing,3,unanimous
limited-scarlet,4,True,True,disagreement,True,75,Do you exercise regularly?,arbitrary,4,opposing,1.0,False,3,unanimous,none,3,unanimous,none,3,unanimous,stance_sharing,3,unanimous
limited-scarlet,7,True,False,disagreement,False,120,Do you exercise regularly?,arbitrary,4,opposing,1.0,False,3,unanimous,none,3,unanimous,none,3,unanimous,perspective_seeking,3,unanimous
limited-scarlet,9,True,False,disagreement,False,150,Do you exercise regularly?,arbitrary,4,opposing,1.0,False,3,unanimous,none,3,unanimous,none,3,unanimous,sharing_experience,3,unanimous
limited-scarlet,10,True,False,disagreement,False,165,Do you exercise regularly?,arbitrary,4,opposing,1.0,False,3,unanimous,none,3,unanimous,none,3,unanimous,sharing_experience,3,unanimous
limited-scarlet,11,True,False,disagreement,False,180,Do you exercise regularly?,arbitrary,4,opposing,1.0,False,3,unanimous,rapport_only,3,unanimous,none,3,unanimous,rapport_building,3,unanimous
linguistic-apricot,0,False,False,unclear,False,15,Do you work from home?,arbitrary,4,opposing,0.5,False,3,unanimous,none,3,unanimous,none,3,unanimous,stance_sharing,3,unanimous
linguistic-apricot,1,True,True,disagreement,True,30,Do you work from home?,arbitrary,4,opposing,0.5,False,3,unanimous,none,3,unanimous,none,3,unanimous,stance_sharing,3,unanimous
linguistic-apricot,2,True,False,disagreement,False,45,Do you work from home?,arbitrary,4,opposing,0.5,False,3,unanimous,none,3,unanimous,none,3,unanimous,perspective_seeking,3,unanimous
linguistic-apricot,4,True,False,disagreement,False,75,Do you work from home?,arbitrary,4,opposing,0.5,True,2,majority,related_subtopic,2,majority,shared_thoughts,2,majority,stance_sharing,2,majority
linguistic-apricot,6,True,False,disagreement,True,105,Do you work from home?,arbitrary,4,opposing,0.5,True,3,unanimous,related_subtopic,3,unanimous,shared_thoughts,3,unanimous,exploring_nuance,3,unanimous
linguistic-apricot,8,True,False,disagreement,False,135,Do you work from home?,arbitrary,4,opposing,0.5,True,3,unanimous,related_subtopic,3,unanimous,shared_thoughts,3,unanimous,perspective_seeking,3,unanimous
linguistic-apricot,9,True,False,disagreement,False,150,Do you work from home?,arbitrary,4,opposing,0.5,False,3,unanimous,none,3,unanimous,none,3,unanimous,sharing_experience,3,unanimous
linguistic-apricot,10,True,False,disagreement,False,165,Do you work from home?,arbitrary,4,opposing,0.5,False,3,unanimous,none,3,unanimous,none,3,unanimous,perspective_seeking,3,unanimous
linguistic-apricot,11,True,False,disagreement,False,180,Do you work from home?,arbitrary,4,opposing,0.5,False,3,unanimous,none,3,unanimous,none,3,unanimous,sharing_experience,3,unanimous
liquid-orange,0,False,False,not_discussed,False,15,Do you go out on weekdays?,arbitrary,0,shared,1.0,False,3,unanimous,none,3,unanimous,none,3,unanimous,rapport_building,3,unanimous
liquid-orange,1,False,False,not_discussed,False,30,Do you go out on weekdays?,arbitrary,0,shared,1.0,False,3,unanimous,none,3,unanimous,none,3,unanimous,rapport_building,3,unanimous
liquid-orange,2,False,False,not_discussed,False,45,Do you go out on weekdays?,arbitrary,0,shared,1.0,False,3,unanimous,none,3,unanimous,none,3,unanimous,perspective_seeking,3,unanimous
liquid-orange,3,False,False,unclear,False,60,Do you go out on weekdays?,arbitrary,0,shared,1.0,False,3,unanimous,none,3,unanimous,none,3,unanimous,stance_sharing,3,unanimous
liquid-orange,4,False,False,unclear,False,75,Do you go out on weekdays?,arbitrary,0,shared,1.0,False,3,unanimous,none,3,unanimous,none,3,unanimous,perspective_seeking,3,unanimous
liquid-orange,6,True,True,agreement,False,105,Do you go out on weekdays?,arbitrary,0,shared,1.0,True,2,majority,same_values,2,majority,shared_thoughts,2,majority,stance_sharing,3,unanimous
liquid-orange,8,True,False,agreement,False,135,Do you go out on weekdays?,arbitrary,0,shared,1.0,True,3,unanimous,same_values,3,unanimous,shared_thoughts,3,unanimous,finding_commonality,3,unanimous
liquid-orange,10,True,False,agreement,False,165,Do you go out on weekdays?,arbitrary,0,shared,1.0,True,3,unanimous,same_values,3,unanimous,shared_thoughts,3,unanimous,finding_commonality,3,unanimous
literary-tomato,2,False,False,unclear,False,45,Is it ethical to eat meat?,morality,0,shared,1.0,False,3,unanimous,none,3,unanimous,none,3,unanimous,stance_sharing,3,unanimous
literary-tomato,5,True,True,agreement,False,90,Is it ethical to eat meat?,morality,0,shared,1.0,True,3,unanimous,same_values,3,unanimous,shared_beliefs,3,unanimous,stance_sharing,3,unanimous
literary-tomato,7,True,False,agreement,False,120,Is it ethical to eat meat?,morality,0,shared,1.0,True,3,unanimous,same_values,3,unanimous,shared_beliefs,3,unanimous,finding_commonality,3,unanimous
literary-tomato,10,True,False,agreement,False,165,Is it ethical to eat meat?,morality,0,shared,1.0,True,3,unanimous,related_subtopic,2,majority,shared_beliefs,3,unanimous,exploring_nuance,3,unanimous
lively-red,1,False,False,not_discussed,False,30,Do you believe in an afterlife?,religion,0,shared,1.0,False,3,unanimous,none,3,unanimous,none,3,unanimous,perspective_seeking,3,unanimous
lively-red,2,False,False,not_discussed,False,45,Do you believe in an afterlife?,religion,0,shared,1.0,False,3,unanimous,none,3,unanimous,none,3,unanimous,stance_sharing,3,unanimous
lively-red,4,True,True,agreement,False,75,Do you believe in an afterlife?,religion,0,shared,1.0,False,3,unanimous,none,3,unanimous,none,3,unanimous,stance_sharing,3,unanimous
lively-red,5,True,False,agreement,False,90,Do you believe in an afterlife?,religion,0,shared,1.0,True,3,unanimous,related_subtopic,3,unanimous,shared_beliefs,2,majority,finding_commonality,3,unanimous
lively-red,6,True,False,agreement,False,105,Do you believe in an afterlife?,religion,0,shared,1.0,True,3,unanimous,related_subtopic,3,unanimous,shared_beliefs,2,majority,finding_commonality,2,majority
lively-red,7,True,False,agreement,False,120,Do you believe in an afterlife?,religion,0,shared,1.0,True,3,unanimous,related_subtopic,3,unanimous,shared_thoughts,2,majority,finding_commonality,2,majority
lively-red,9,True,False,agreement,False,150,Do you believe in an afterlife?,religion,0,shared,1.0,True,3,unanimous,related_subtopic,3,unanimous,shared_beliefs,3,unanimous,finding_commonality,3,unanimous
lively-red,10,True,False,agreement,False,165,Do you believe in an afterlife?,religion,0,shared,1.0,True,3,unanimous,related_subtopic,3,unanimous,shared_thoughts,3,unanimous,finding_commonality,3,unanimous
lively-red,11,True,False,agreement,False,180,Do you believe in an afterlife?,religion,0,shared,1.0,True,3,unanimous,related_subtopic,3,unanimous,shared_feelings,3,unanimous,finding_commonality,3,unanimous
living-beige,0,False,False,not_discussed,False,15,Do you eat breakfast?,arbitrary,0,shared,1.0,False,3,unanimous,none,3,unanimous,none,3,unanimous,rapport_building,3,unanimous
living-beige,1,False,False,not_discussed,False,30,Do you eat breakfast?,arbitrary,0,shared,1.0,False,3,unanimous,none,3,unanimous,none,3,unanimous,stance_sharing,3,unanimous
living-beige,2,True,True,agreement,True,45,Do you eat breakfast?,arbitrary,0,shared,1.0,False,2,majority,none,2,majority,none,2,majority,stance_sharing,3,unanimous
living-beige,5,True,False,agreement,False,90,Do you eat breakfast?,arbitrary,0,shared,1.0,False,3,unanimous,none,3,unanimous,none,3,unanimous,sharing_experience,3,unanimous
living-beige,6,True,False,agreement,False,105,Do you eat breakfast?,arbitrary,0,shared,1.0,False,3,unanimous,none,3,unanimous,none,3,unanimous,perspective_seeking,3,unanimous
living-beige,7,True,False,agreement,False,120,Do you eat breakfast?,arbitrary,0,shared,1.0,False,3,unanimous,none,3,unanimous,none,3,unanimous,perspective_seeking,3,unanimous
living-beige,8,True,False,agreement,False,135,Do you eat breakfast?,arbitrary,0,shared,1.0,False,3,unanimous,none,3,unanimous,none,3,unanimous,sharing_experience,3,unanimous
living-beige,9,True,False,agreement,True,150,Do you eat breakfast?,arbitrary,0,shared,1.0,False,3,unanimous,none,3,unanimous,none,3,unanimous,perspective_seeking,3,unanimous
living-beige,10,True,False,agreement,False,165,Do you eat breakfast?,arbitrary,0,shared,1.0,False,3,unanimous,none,3,unanimous,none,3,unanimous,exploring_nuance,3,unanimous
living-beige,11,True,False,agreement,False,180,Do you eat breakfast?,arbitrary,0,shared,1.0,False,3,unanimous,rapport_only,3,unanimous,none,3,unanimous,rapport_building,3,unanimous
living-beige,12,True,False,agreement,False,195,Do you eat breakfast?,arbitrary,0,shared,1.0,False,3,unanimous,rapport_only,3,unanimous,none,3,unanimous,rapport_building,3,unanimous
lonely-cyan,0,False,False,not_discussed,False,15,Do you identify as heterosexual?,identity,4,opposing,0.0,False,3,unanimous,none,3,unanimous,none,3,unanimous,rapport_building,3,unanimous
lonely-cyan,1,False,False,not_discussed,False,30,Do you identify as heterosexual?,identity,4,opposing,0.0,False,3,unanimous,none,3,unanimous,none,3,unanimous,stance_sharing,3,unanimous
lonely-cyan,3,True,True,disagreement,True,60,Do you identify as heterosexual?,identity,4,opposing,0.0,False,3,unanimous,rapport_only,3,unanimous,none,3,unanimous,stance_sharing,3,unanimous
lonely-cyan,5,True,False,disagreement,False,90,Do you identify as heterosexual?,identity,4,opposing,0.0,False,3,unanimous,rapport_only,3,unanimous,none,3,unanimous,rapport_building,3,unanimous
lonely-cyan,6,True,False,disagreement,False,105,Do you identify as heterosexual?,identity,4,opposing,0.0,False,3,unanimous,none,3,unanimous,none,3,unanimous,finding_commonality,3,unanimous
lonely-cyan,8,True,False,disagreement,False,135,Do you identify as heterosexual?,identity,4,opposing,0.0,False,3,unanimous,none,3,unanimous,none,3,unanimous,perspective_seeking,3,unanimous
lonely-cyan,9,True,False,disagreement,False,150,Do you identify as heterosexual?,identity,4,opposing,0.0,False,3,unanimous,none,3,unanimous,none,3,unanimous,sharing_experience,3,unanimous
lonely-cyan,10,True,False,disagreement,False,165,Do you identify as heterosexual?,identity,4,opposing,0.0,True,3,unanimous,related_subtopic,3,unanimous,shared_beliefs,3,unanimous,finding_commonality,3,unanimous
lonely-cyan,11,True,False,disagreement,False,180,Do you identify as heterosexual?,identity,4,opposing,0.0,False,3,unanimous,none,3,unanimous,none,3,unanimous,perspective_seeking,2,majority
long-gray,0,False,False,not_discussed,False,15,Do you create art?,preferences,4,opposing,0.5,False,3,unanimous,none,3,unanimous,none,3,unanimous,rapport_building,3,unanimous
long-gray,1,False,False,not_discussed,False,30,Do you create art?,preferences,4,opposing,0.5,False,3,unanimous,none,3,unanimous,none,3,unanimous,stance_sharing,3,unanimous
long-gray,2,True,True,disagreement,True,45,Do you create art?,preferences,4,opposing,0.5,False,3,unanimous,none,3,unanimous,none,3,unanimous,stance_sharing,3,unanimous
long-gray,3,True,False,disagreement,False,60,Do you create art?,preferences,4,opposing,0.5,False,3,unanimous,rapport_only,3,unanimous,none,3,unanimous,rapport_building,3,unanimous
long-gray,4,True,False,disagreement,False,75,Do you create art?,preferences,4,opposing,0.5,False,3,unanimous,none,3,unanimous,none,3,unanimous,perspective_seeking,3,unanimous
long-gray,5,True,False,disagreement,False,90,Do you create art?,preferences,4,opposing,0.5,False,3,unanimous,none,3,unanimous,none,3,unanimous,sharing_experience,3,unanimous
long-gray,6,True,False,disagreement,False,105,Do you create art?,preferences,4,opposing,0.5,False,3,unanimous,none,3,unanimous,none,3,unanimous,perspective_seeking,3,unanimous
long-gray,7,True,False,disagreement,False,120,Do you create art?,preferences,4,opposing,0.5,True,2,majority,related_subtopic,2,majority,shared_thoughts,2,majority,finding_commonality,3,unanimous
long-gray,9,True,False,disagreement,False,150,Do you create art?,preferences,4,opposing,0.5,False,3,unanimous,none,3,unanimous,none,3,unanimous,perspective_seeking,3,unanimous
long-gray,10,True,False,disagreement,False,165,Do you create art?,preferences,4,opposing,0.5,False,3,unanimous,rapport_only,3,unanimous,none,3,unanimous,rapport_building,3,unanimous
loose-bronze,0,False,False,not_discussed,False,15,Are you a spiritual person?,religion,1,shared,1.0,False,3,unanimous,none,2,majority,none,3,unanimous,rapport_building,3,unanimous
loose-bronze,1,False,False,not_discussed,False,30,Are you a spiritual person?,religion,1,shared,1.0,False,3,unanimous,none,3,unanimous,none,3,unanimous,perspective_seeking,3,unanimous
loose-bronze,2,False,False,not_discussed,False,45,Are you a spiritual person?,religion,1,shared,1.0,False,3,unanimous,none,3,unanimous,none,3,unanimous,stance_sharing,3,unanimous
loose-bronze,3,True,True,unclear,True,60,Are you a spiritual person?,religion,1,shared,1.0,False,3,unanimous,none,3,unanimous,none,3,unanimous,stance_sharing,3,unanimous
loose-bronze,5,True,False,disagreement,False,90,Are you a spiritual person?,religion,1,shared,1.0,False,3,unanimous,none,3,unanimous,none,3,unanimous,stance_sharing,3,unanimous
loose-bronze,8,True,False,agreement,False,135,Are you a spiritual person?,religion,1,shared,1.0,True,3,unanimous,same_values,3,unanimous,shared_beliefs,3,unanimous,finding_commonality,3,unanimous
loose-bronze,11,True,False,agreement,False,180,Are you a spiritual person?,religion,1,shared,1.0,True,3,unanimous,same_values,3,unanimous,shared_beliefs,3,unanimous,sharing_experience,3,unanimous
loose-bronze,12,True,False,agreement,False,195,Are you a spiritual person?,religion,1,shared,1.0,False,3,unanimous,rapport_only,3,unanimous,none,3,unanimous,rapport_building,3,unanimous
mad-aqua,0,False,False,not_discussed,False,15,Are you married or dating someone?,identity,0,shared,1.0,False,3,unanimous,none,3,unanimous,none,3,unanimous,rapport_building,3,unanimous
mad-aqua,1,False,False,not_discussed,False,30,Are you married or dating someone?,identity,0,shared,1.0,False,3,unanimous,none,3,unanimous,none,3,unanimous,stance_sharing,3,unanimous
mad-aqua,2,True,True,unclear,False,45,Are you married or dating someone?,identity,0,shared,1.0,False,3,unanimous,rapport_only,2,majority,none,3,unanimous,stance_sharing,3,unanimous
mad-aqua,3,True,False,disagreement,False,60,Are you married or dating someone?,identity,0,shared,1.0,False,3,unanimous,rapport_only,3,unanimous,none,3,unanimous,rapport_building,3,unanimous
mad-aqua,5,True,False,unclear,False,90,Are you married or dating someone?,identity,0,shared,1.0,False,3,unanimous,none,3,unanimous,none,3,unanimous,sharing_experience,3,unanimous
mad-aqua,6,True,False,agreement,False,105,Are you married or dating someone?,identity,0,shared,1.0,True,3,unanimous,related_subtopic,3,unanimous,shared_thoughts,3,unanimous,sharing_experience,2,majority
mad-aqua,7,True,False,agreement,False,120,Are you married or dating someone?,identity,0,shared,1.0,False,3,unanimous,none,3,unanimous,none,3,unanimous,finding_commonality,2,majority
mad-aqua,9,True,False,agreement,False,150,Are you married or dating someone?,identity,0,shared,1.0,False,3,unanimous,none,3,unanimous,none,3,unanimous,perspective_seeking,3,unanimous
mad-aqua,11,True,False,agreement,False,180,Are you married or dating someone?,identity,0,shared,1.0,False,3,unanimous,rapport_only,3,unanimous,none,3,unanimous,sharing_experience,3,unanimous
magic-azure,1,False,False,not_discussed,False,30,Do you work from home?,arbitrary,4,opposing,0.5,False,3,unanimous,none,3,unanimous,none,3,unanimous,rapport_building,3,unanimous
magic-azure,2,False,False,not_discussed,False,45,Do you work from home?,arbitrary,4,opposing,0.5,False,3,unanimous,none,3,unanimous,none,3,unanimous,stance_sharing,3,unanimous
magic-azure,3,True,True,disagreement,True,60,Do you work from home?,arbitrary,4,opposing,0.5,False,3,unanimous,none,3,unanimous,none,3,unanimous,stance_sharing,3,unanimous
magic-azure,4,True,False,disagreement,False,75,Do you work from home?,arbitrary,4,opposing,0.5,False,3,unanimous,none,3,unanimous,none,3,unanimous,perspective_seeking,3,unanimous
magic-azure,5,True,False,disagreement,False,90,Do you work from home?,arbitrary,4,opposing,0.5,False,3,unanimous,none,3,unanimous,none,3,unanimous,sharing_experience,3,unanimous
magic-azure,6,True,False,disagreement,False,105,Do you work from home?,arbitrary,4,opposing,0.5,False,3,unanimous,none,3,unanimous,none,3,unanimous,sharing_experience,3,unanimous
magic-azure,8,True,False,disagreement,True,135,Do you work from home?,arbitrary,4,opposing,0.5,False,3,unanimous,none,3,unanimous,none,3,unanimous,sharing_experience,3,unanimous
magic-azure,10,True,False,disagreement,False,165,Do you work from home?,arbitrary,4,opposing,0.5,False,3,unanimous,none,3,unanimous,none,3,unanimous,perspective_seeking,3,unanimous
magic-azure,11,True,False,disagreement,True,180,Do you work from home?,arbitrary,4,opposing,0.5,False,3,unanimous,none,3,unanimous,none,3,unanimous,stance_sharing,2,majority
magic-azure,12,True,False,disagreement,False,195,Do you work from home?,arbitrary,4,opposing,0.5,False,3,unanimous,none,3,unanimous,none,3,unanimous,stance_sharing,3,unanimous
magnetic-lavender,0,False,False,not_discussed,False,15,Do you enjoy being outdoors?,arbitrary,0,shared,1.0,False,3,unanimous,none,3,unanimous,none,3,unanimous,rapport_building,3,unanimous
magnetic-lavender,1,False,False,not_discussed,False,30,Do you enjoy being outdoors?,arbitrary,0,shared,1.0,False,3,unanimous,none,3,unanimous,none,3,unanimous,perspective_seeking,3,unanimous
magnetic-lavender,2,False,False,not_discussed,False,45,Do you enjoy being outdoors?,arbitrary,0,shared,1.0,False,3,unanimous,none,3,unanimous,none,3,unanimous,stance_sharing,3,unanimous
magnetic-lavender,3,True,True,agreement,False,60,Do you enjoy being outdoors?,arbitrary,0,shared,1.0,True,3,unanimous,same_values,3,unanimous,shared_feelings,3,unanimous,stance_sharing,3,unanimous
magnetic-lavender,5,True,False,agreement,False,90,Do you enjoy being outdoors?,arbitrary,0,shared,1.0,False,3,unanimous,none,3,unanimous,none,3,unanimous,perspective_seeking,3,unanimous
magnetic-lavender,6,True,False,agreement,False,105,Do you enjoy being outdoors?,arbitrary,0,shared,1.0,False,3,unanimous,none,3,unanimous,none,3,unanimous,perspective_seeking,3,unanimous
magnetic-lavender,8,True,False,agreement,False,135,Do you enjoy being outdoors?,arbitrary,0,shared,1.0,False,3,unanimous,none,3,unanimous,none,3,unanimous,sharing_experience,3,unanimous
magnetic-lavender,9,True,False,agreement,False,150,Do you enjoy being outdoors?,arbitrary,0,shared,1.0,False,3,unanimous,none,3,unanimous,none,3,unanimous,sharing_experience,2,majority
magnetic-lavender,10,True,False,agreement,False,165,Do you enjoy being outdoors?,arbitrary,0,shared,1.0,False,3,unanimous,rapport_only,3,unanimous,none,3,unanimous,rapport_building,3,unanimous
magnetic-salmon,1,False,False,not_discussed,False,30,Do you affiliate with any political party?,politics,1,shared,1.0,False,3,unanimous,none,3,unanimous,none,3,unanimous,rapport_building,3,unanimous
magnetic-salmon,4,False,False,not_discussed,False,75,Do you affiliate with any political party?,politics,1,shared,1.0,False,3,unanimous,none,3,unanimous,none,3,unanimous,stance_sharing,3,unanimous
magnetic-salmon,7,False,False,not_discussed,False,120,Do you affiliate with any political party?,politics,1,shared,1.0,False,3,unanimous,none,3,unanimous,none,3,unanimous,stance_sharing,3,unanimous
magnetic-salmon,8,True,True,agreement,False,135,Do you affiliate with any political party?,politics,1,shared,1.0,True,3,unanimous,same_values,3,unanimous,shared_beliefs,3,unanimous,stance_sharing,3,unanimous
magnetic-salmon,9,True,False,agreement,False,150,Do you affiliate with any political party?,politics,1,shared,1.0,True,3,unanimous,related_subtopic,2,majority,shared_beliefs,3,unanimous,finding_commonality,3,unanimous
magnetic-salmon,10,True,False,agreement,False,165,Do you affiliate with any political party?,politics,1,shared,1.0,True,3,unanimous,same_values,3,unanimous,shared_thoughts,3,unanimous,finding_commonality,3,unanimous
magnetic-salmon,11,True,False,agreement,False,180,Do you affiliate with any political party?,politics,1,shared,1.0,True,3,unanimous,related_subtopic,3,unanimous,shared_thoughts,2,majority,finding_commonality,3,unanimous
mammoth-brown,0,False,False,not_discussed,False,15,Did you or your family immigrate to a new country?,background,0,shared,1.0,False,3,unanimous,none,3,unanimous,none,3,unanimous,rapport_building,3,unanimous
mammoth-brown,1,False,False,not_discussed,False,30,Did you or your family immigrate to a new country?,background,0,shared,1.0,False,3,unanimous,none,2,majority,none,3,unanimous,rapport_building,3,unanimous
mammoth-brown,3,False,False,not_discussed,False,60,Did you or your family immigrate to a new country?,background,0,shared,1.0,False,3,unanimous,none,3,unanimous,none,3,unanimous,perspective_seeking,3,unanimous
mammoth-brown,4,False,False,not_discussed,False,75,Did you or your family immigrate to a new country?,background,0,shared,1.0,False,3,unanimous,none,3,unanimous,none,3,unanimous,stance_sharing,3,unanimous
mammoth-brown,7,True,True,agreement,False,120,Did you or your family immigrate to a new country?,background,0,shared,1.0,True,3,unanimous,same_values,3,unanimous,shared_thoughts,3,unanimous,stance_sharing,3,unanimous
mammoth-brown,9,True,False,agreement,False,150,Did you or your family immigrate to a new country?,background,0,shared,1.0,True,3,unanimous,same_values,2,majority,shared_thoughts,3,unanimous,finding_commonality,3,unanimous
mammoth-brown,11,True,False,agreement,False,180,Did you or your family immigrate to a new country?,background,0,shared,1.0,False,3,unanimous,none,3,unanimous,none,3,unanimous,other,3,unanimous
mammoth-brown,12,True,False,agreement,False,195,Did you or your family immigrate to a new country?,background,0,shared,1.0,False,3,unanimous,none,3,unanimous,none,3,unanimous,other,3,unanimous
married-amber,0,False,False,not_discussed,False,15,Do you enjoy spending time with your family?,background,1,shared,0.5,False,3,unanimous,none,3,unanimous,none,3,unanimous,rapport_building,3,unanimous
married-amber,1,False,False,not_discussed,False,30,Do you enjoy spending time with your family?,background,1,shared,0.5,False,3,unanimous,none,2,majority,none,3,unanimous,rapport_building,3,unanimous
married-amber,2,False,False,not_discussed,False,45,Do you enjoy spending time with your family?,background,1,shared,0.5,False,3,unanimous,none,3,unanimous,none,3,unanimous,rapport_building,2,majority
married-amber,4,False,False,not_discussed,False,75,Do you enjoy spending time with your family?,background,1,shared,0.5,False,3,unanimous,none,3,unanimous,none,3,unanimous,rapport_building,3,unanimous
married-amber,7,False,False,not_discussed,False,120,Do you enjoy spending time with your family?,background,1,shared,0.5,False,3,unanimous,none,3,unanimous,none,3,unanimous,stance_sharing,3,unanimous
married-amber,9,True,True,agreement,False,150,Do you enjoy spending time with your family?,background,1,shared,0.5,False,3,unanimous,none,3,unanimous,none,3,unanimous,stance_sharing,3,unanimous
married-amber,10,True,False,agreement,False,165,Do you enjoy spending time with your family?,background,1,shared,0.5,False,3,unanimous,none,3,unanimous,none,3,unanimous,perspective_seeking,3,unanimous
married-amber,11,True,False,agreement,False,180,Do you enjoy spending time with your family?,background,1,shared,0.5,False,3,unanimous,none,3,unanimous,none,3,unanimous,sharing_experience,3,unanimous
married-copper,0,False,False,not_discussed,False,15,Do you exercise regularly?,arbitrary,3,opposing,0.0,False,3,unanimous,none,3,unanimous,none,3,unanimous,rapport_building,3,unanimous
married-copper,2,False,False,not_discussed,False,45,Do you exercise regularly?,arbitrary,3,opposing,0.0,False,3,unanimous,none,3,unanimous,none,3,unanimous,stance_sharing,3,unanimous
married-copper,3,True,True,disagreement,True,60,Do you exercise regularly?,arbitrary,3,opposing,0.0,False,3,unanimous,none,3,unanimous,none,3,unanimous,stance_sharing,3,unanimous
married-copper,5,True,False,disagreement,False,90,Do you exercise regularly?,arbitrary,3,opposing,0.0,False,3,unanimous,none,3,unanimous,none,3,unanimous,sharing_experience,3,unanimous
married-copper,7,True,False,disagreement,False,120,Do you exercise regularly?,arbitrary,3,opposing,0.0,False,3,unanimous,none,3,unanimous,none,3,unanimous,sharing_experience,3,unanimous
married-copper,9,True,False,disagreement,False,150,Do you exercise regularly?,arbitrary,3,opposing,0.0,True,3,unanimous,related_subtopic,3,unanimous,shared_thoughts,3,unanimous,finding_commonality,3,unanimous
married-copper,11,True,False,disagreement,False,180,Do you exercise regularly?,arbitrary,3,opposing,0.0,False,3,unanimous,none,3,unanimous,none,3,unanimous,sharing_experience,3,unanimous
marxist-scarlet,0,False,False,unclear,False,15,Are you a parent or caregiver?,identity,0,shared,1.0,False,3,unanimous,none,3,unanimous,none,3,unanimous,stance_sharing,3,unanimous
marxist-scarlet,1,True,True,agreement,False,30,Are you a parent or caregiver?,identity,0,shared,1.0,True,3,unanimous,same_values,3,unanimous,shared_thoughts,3,unanimous,stance_sharing,3,unanimous
marxist-scarlet,2,True,False,agreement,False,45,Are you a parent or caregiver?,identity,0,shared,1.0,False,3,unanimous,none,3,unanimous,none,3,unanimous,perspective_seeking,3,unanimous
marxist-scarlet,3,True,False,agreement,False,60,Are you a parent or caregiver?,identity,0,shared,1.0,False,3,unanimous,none,3,unanimous,none,3,unanimous,perspective_seeking,3,unanimous
marxist-scarlet,4,True,False,agreement,False,75,Are you a parent or caregiver?,identity,0,shared,1.0,True,3,unanimous,related_subtopic,3,unanimous,shared_thoughts,3,unanimous,finding_commonality,3,unanimous
marxist-scarlet,5,True,False,agreement,False,90,Are you a parent or caregiver?,identity,0,shared,1.0,False,3,unanimous,rapport_only,3,unanimous,none,3,unanimous,rapport_building,3,unanimous
marxist-scarlet,6,True,False,agreement,False,105,Are you a parent or caregiver?,identity,0,shared,1.0,False,2,majority,rapport_only,2,majority,none,2,majority,rapport_building,3,unanimous
marxist-scarlet,8,True,False,agreement,False,135,Are you a parent or caregiver?,identity,0,shared,1.0,False,3,unanimous,rapport_only,3,unanimous,none,3,unanimous,rapport_building,3,unanimous
marxist-scarlet,9,True,False,agreement,False,150,Are you a parent or caregiver?,identity,0,shared,1.0,False,3,unanimous,none,3,unanimous,none,3,unanimous,rapport_building,2,majority
marxist-scarlet,11,True,False,agreement,False,180,Are you a parent or caregiver?,identity,0,shared,1.0,False,3,unanimous,none,3,unanimous,none,3,unanimous,sharing_experience,2,majority
marxist-scarlet,12,True,False,agreement,False,195,Are you a parent or caregiver?,identity,0,shared,1.0,False,3,unanimous,rapport_only,3,unanimous,none,3,unanimous,rapport_building,3,unanimous
marxist-silver,1,False,False,not_discussed,False,30,Do you attend live music concerts?,preferences,1,shared,0.5,False,3,unanimous,none,3,unanimous,none,3,unanimous,perspective_seeking,3,unanimous
marxist-silver,5,False,False,not_discussed,False,90,Do you attend live music concerts?,preferences,1,shared,0.5,False,3,unanimous,none,3,unanimous,none,3,unanimous,stance_sharing,3,unanimous
marxist-silver,8,True,True,disagreement,False,135,Do you attend live music concerts?,preferences,1,shared,0.5,False,3,unanimous,none,3,unanimous,none,3,unanimous,stance_sharing,3,unanimous
marxist-silver,10,True,False,disagreement,False,165,Do you attend live music concerts?,preferences,1,shared,0.5,True,3,unanimous,related_subtopic,3,unanimous,shared_feelings,3,unanimous,finding_commonality,2,majority
maximum-emerald,1,False,False,not_discussed,False,30,Are you going to vote in the next election?,politics,0,shared,1.0,False,3,unanimous,none,3,unanimous,none,3,unanimous,stance_sharing,3,unanimous
maximum-emerald,2,False,False,not_discussed,False,45,Are you going to vote in the next election?,politics,0,shared,1.0,False,3,unanimous,none,3,unanimous,none,3,unanimous,rapport_building,3,unanimous
maximum-emerald,3,False,False,not_discussed,False,60,Are you going to vote in the next election?,politics,0,shared,1.0,False,3,unanimous,none,2,majority,none,3,unanimous,rapport_building,3,unanimous
maximum-emerald,4,False,False,not_discussed,False,75,Are you going to vote in the next election?,politics,0,shared,1.0,False,3,unanimous,none,3,unanimous,none,3,unanimous,rapport_building,3,unanimous
maximum-emerald,6,False,False,unclear,False,105,Are you going to vote in the next election?,politics,0,shared,1.0,False,3,unanimous,none,3,unanimous,none,3,unanimous,perspective_seeking,3,unanimous
maximum-emerald,7,True,True,agreement,False,120,Are you going to vote in the next election?,politics,0,shared,1.0,True,3,unanimous,same_values,3,unanimous,shared_thoughts,2,majority,stance_sharing,3,unanimous
maximum-emerald,8,True,False,agreement,False,135,Are you going to vote in the next election?,politics,0,shared,1.0,True,3,unanimous,same_values,3,unanimous,shared_thoughts,3,unanimous,perspective_seeking,3,unanimous
maximum-emerald,11,True,False,agreement,False,180,Are you going to vote in the next election?,politics,0,shared,1.0,False,3,unanimous,none,3,unanimous,none,3,unanimous,stance_sharing,3,unanimous
mean-gold,0,False,False,not_discussed,False,15,Do you attend live music concerts?,preferences,0,shared,1.0,False,3,unanimous,none,3,unanimous,none,3,unanimous,rapport_building,3,unanimous
mean-gold,2,False,False,unclear,False,45,Do you attend live music concerts?,preferences,0,shared,1.0,False,3,unanimous,none,3,unanimous,none,3,unanimous,stance_sharing,3,unanimous
mean-gold,3,False,False,not_discussed,False,60,Do you attend live music concerts?,preferences,0,shared,1.0,False,3,unanimous,none,3,unanimous,none,3,unanimous,perspective_seeking,3,unanimous
mean-gold,4,True,True,agreement,False,75,Do you attend live music concerts?,preferences,0,shared,1.0,False,3,unanimous,none,3,unanimous,none,3,unanimous,stance_sharing,3,unanimous
mean-gold,6,True,False,agreement,False,105,Do you attend live music concerts?,preferences,0,shared,1.0,False,3,unanimous,rapport_only,3,unanimous,none,3,unanimous,rapport_building,3,unanimous
mean-gold,7,True,False,agreement,False,120,Do you attend live music concerts?,preferences,0,shared,1.0,True,2,majority,related_subtopic,2,majority,shared_thoughts,2,majority,sharing_experience,2,majority
mean-gold,8,True,False,agreement,False,135,Do you attend live music concerts?,preferences,0,shared,1.0,False,3,unanimous,none,3,unanimous,none,3,unanimous,sharing_experience,3,unanimous
mean-gold,9,True,False,unclear,False,150,Do you attend live music concerts?,preferences,0,shared,1.0,False,3,unanimous,none,3,unanimous,none,3,unanimous,perspective_seeking,3,unanimous
mean-gold,10,True,False,agreement,False,165,Do you attend live music concerts?,preferences,0,shared,1.0,False,3,unanimous,none,3,unanimous,none,3,unanimous,perspective_seeking,3,unanimous
mean-gold,11,True,False,unclear,False,180,Do you attend live music concerts?,preferences,0,shared,1.0,False,3,unanimous,rapport_only,3,unanimous,none,3,unanimous,rapport_building,3,unanimous
mechanical-blue,0,False,False,not_discussed,False,15,Do you think elected officials work to support the public's best interest?,politics,0,shared,0.5,False,3,unanimous,none,3,unanimous,none,3,unanimous,rapport_building,3,unanimous
mechanical-blue,1,False,False,not_discussed,False,30,Do you think elected officials work to support the public's best interest?,politics,0,shared,0.5,False,3,unanimous,none,3,unanimous,none,3,unanimous,rapport_building,3,unanimous
mechanical-blue,2,False,False,not_discussed,False,45,Do you think elected officials work to support the public's best interest?,politics,0,shared,0.5,False,3,unanimous,none,3,unanimous,none,3,unanimous,rapport_building,3,unanimous
mechanical-blue,3,False,False,not_discussed,False,60,Do you think elected officials work to support the public's best interest?,politics,0,shared,0.5,False,3,unanimous,none,3,unanimous,none,3,unanimous,perspective_seeking,3,unanimous
mechanical-blue,4,False,False,unclear,False,75,Do you think elected officials work to support the public's best interest?,politics,0,shared,0.5,False,3,unanimous,none,3,unanimous,none,3,unanimous,stance_sharing,3,unanimous
mechanical-blue,5,True,True,disagreement,True,90,Do you think elected officials work to support the public's best interest?,politics,0,shared,0.5,False,3,unanimous,none,3,unanimous,none,3,unanimous,stance_sharing,3,unanimous
mechanical-blue,6,True,False,disagreement,False,105,Do you think elected officials work to support the public's best interest?,politics,0,shared,0.5,True,3,unanimous,same_values,3,unanimous,shared_thoughts,3,unanimous,exploring_nuance,2,majority
mechanical-blue,7,True,False,disagreement,False,120,Do you think elected officials work to support the public's best interest?,politics,0,shared,0.5,True,3,unanimous,same_values,3,unanimous,shared_thoughts,3,unanimous,finding_commonality,3,unanimous
mechanical-blue,9,True,False,disagreement,False,150,Do you think elected officials work to support the public's best interest?,politics,0,shared,0.5,False,3,unanimous,rapport_only,3,unanimous,none,3,unanimous,rapport_building,3,unanimous
mechanical-blue,10,True,False,disagreement,False,165,Do you think elected officials work to support the public's best interest?,politics,0,shared,0.5,True,3,unanimous,same_values,3,unanimous,shared_beliefs,2,majority,finding_commonality,3,unanimous
mechanical-blue,11,True,False,agreement,False,180,Do you think elected officials work to support the public's best interest?,politics,0,shared,0.5,True,3,unanimous,same_values,3,unanimous,shared_thoughts,3,unanimous,finding_commonality,3,unanimous
mechanical-gray,2,False,False,unclear,False,45,Can a machine be moral?,morality,0,shared,1.0,False,3,unanimous,none,3,unanimous,none,3,unanimous,stance_sharing,3,unanimous
mechanical-gray,5,False,False,not_discussed,False,90,Can a machine be moral?,morality,0,shared,1.0,False,3,unanimous,none,3,unanimous,none,3,unanimous,other,3,unanimous
mechanical-gray,11,True,True,agreement,False,180,Can a machine be moral?,morality,0,shared,1.0,True,3,unanimous,same_values,3,unanimous,shared_thoughts,3,unanimous,stance_sharing,3,unanimous
melted-yellow,0,False,False,not_discussed,False,15,Do you affiliate with any political party?,politics,0,shared,0.0,False,3,unanimous,none,3,unanimous,none,3,unanimous,rapport_building,3,unanimous
melted-yellow,1,False,False,not_discussed,False,30,Do you affiliate with any political party?,politics,0,shared,0.0,False,3,unanimous,none,3,unanimous,none,3,unanimous,rapport_building,3,unanimous
melted-yellow,2,False,False,not_discussed,False,45,Do you affiliate with any political party?,politics,0,shared,0.0,False,3,unanimous,none,3,unanimous,none,3,unanimous,rapport_building,3,unanimous
melted-yellow,4,False,False,not_discussed,False,75,Do you affiliate with any political party?,politics,0,shared,0.0,False,3,unanimous,none,3,unanimous,none,3,unanimous,stance_sharing,3,unanimous
melted-yellow,6,True,True,disagreement,True,105,Do you affiliate with any political party?,politics,0,shared,0.0,False,3,unanimous,none,3,unanimous,none,3,unanimous,stance_sharing,3,unanimous
melted-yellow,7,True,False,disagreement,False,120,Do you affiliate with any political party?,politics,0,shared,0.0,False,3,unanimous,none,3,unanimous,none,3,unanimous,perspective_seeking,3,unanimous
melted-yellow,9,True,False,disagreement,False,150,Do you affiliate with any political party?,politics,0,shared,0.0,False,3,unanimous,none,3,unanimous,none,3,unanimous,sharing_experience,3,unanimous
melted-yellow,10,True,False,disagreement,False,165,Do you affiliate with any political party?,politics,0,shared,0.0,False,3,unanimous,none,3,unanimous,none,3,unanimous,stance_sharing,3,unanimous
mid-purple,0,False,False,not_discussed,False,15,Is it ethical to eat meat?,morality,3,opposing,0.0,False,3,unanimous,none,3,unanimous,none,3,unanimous,rapport_building,3,unanimous
mid-purple,1,False,False,not_discussed,False,30,Is it ethical to eat meat?,morality,3,opposing,0.0,False,3,unanimous,none,3,unanimous,none,3,unanimous,rapport_building,3,unanimous
mid-purple,2,False,False,not_discussed,False,45,Is it ethical to eat meat?,morality,3,opposing,0.0,False,3,unanimous,none,3,unanimous,none,3,unanimous,stance_sharing,3,unanimous
mid-purple,3,True,True,disagreement,True,60,Is it ethical to eat meat?,morality,3,opposing,0.0,False,3,unanimous,none,3,unanimous,none,3,unanimous,stance_sharing,3,unanimous
mid-purple,4,True,False,disagreement,False,75,Is it ethical to eat meat?,morality,3,opposing,0.0,False,3,unanimous,none,3,unanimous,none,3,unanimous,other,3,unanimous
mid-purple,5,True,False,disagreement,True,90,Is it ethical to eat meat?,morality,3,opposing,0.0,False,3,unanimous,none,3,unanimous,none,3,unanimous,perspective_seeking,3,unanimous
mid-purple,7,True,False,disagreement,False,120,Is it ethical to eat meat?,morality,3,opposing,0.0,False,3,unanimous,none,3,unanimous,none,3,unanimous,stance_sharing,2,majority
mid-purple,8,True,False,disagreement,False,135,Is it ethical to eat meat?,morality,3,opposing,0.0,False,3,unanimous,none,3,unanimous,none,3,unanimous,exploring_nuance,3,unanimous
mid-purple,11,True,False,disagreement,True,180,Is it ethical to eat meat?,morality,3,opposing,0.0,False,3,unanimous,none,3,unanimous,none,3,unanimous,exploring_nuance,3,unanimous
miniature-copper,1,False,False,unclear,False,30,Do you believe in an afterlife?,religion,3,opposing,0.5,False,3,unanimous,none,3,unanimous,none,3,unanimous,stance_sharing,3,unanimous
miniature-copper,2,False,False,unclear,False,45,Do you believe in an afterlife?,religion,3,opposing,0.5,False,3,unanimous,none,3,unanimous,none,3,unanimous,stance_sharing,3,unanimous
miniature-copper,3,True,True,agreement,False,60,Do you believe in an afterlife?,religion,3,opposing,0.5,True,3,unanimous,same_values,3,unanimous,shared_beliefs,3,unanimous,stance_sharing,3,unanimous
miniature-copper,4,True,False,agreement,False,75,Do you believe in an afterlife?,religion,3,opposing,0.5,False,3,unanimous,none,3,unanimous,none,3,unanimous,exploring_nuance,3,unanimous
miniature-copper,5,True,False,agreement,False,90,Do you believe in an afterlife?,religion,3,opposing,0.5,False,3,unanimous,none,3,unanimous,none,3,unanimous,exploring_nuance,3,unanimous
miniature-copper,6,True,False,agreement,False,105,Do you believe in an afterlife?,religion,3,opposing,0.5,False,3,unanimous,none,3,unanimous,none,3,unanimous,stance_sharing,3,unanimous
miniature-copper,7,True,False,agreement,False,120,Do you believe in an afterlife?,religion,3,opposing,0.5,False,3,unanimous,none,3,unanimous,none,3,unanimous,exploring_nuance,3,unanimous
miniature-copper,8,True,False,agreement,False,135,Do you believe in an afterlife?,religion,3,opposing,0.5,True,3,unanimous,related_subtopic,3,unanimous,shared_beliefs,3,unanimous,finding_commonality,3,unanimous
miniature-copper,10,True,False,agreement,False,165,Do you believe in an afterlife?,religion,3,opposing,0.5,False,3,unanimous,none,3,unanimous,none,3,unanimous,exploring_nuance,3,unanimous
miniature-copper,11,True,False,agreement,False,180,Do you believe in an afterlife?,religion,3,opposing,0.5,True,3,unanimous,same_values,3,unanimous,shared_thoughts,2,majority,stance_sharing,3,unanimous
mobile-crimson,1,False,False,not_discussed,False,30,Do you regularly attend religious services?,religion,4,opposing,0.0,False,3,unanimous,none,3,unanimous,none,3,unanimous,other,3,unanimous
mobile-crimson,2,False,False,unclear,False,45,Do you regularly attend religious services?,religion,4,opposing,0.0,False,3,unanimous,none,3,unanimous,none,3,unanimous,stance_sharing,3,unanimous
mobile-crimson,3,True,True,disagreement,True,60,Do you regularly attend religious services?,religion,4,opposing,0.0,False,3,unanimous,none,3,unanimous,none,3,unanimous,stance_sharing,3,unanimous
mobile-crimson,4,True,False,disagreement,False,75,Do you regularly attend religious services?,religion,4,opposing,0.0,False,3,unanimous,none,3,unanimous,none,3,unanimous,perspective_seeking,3,unanimous
mobile-crimson,5,True,False,disagreement,True,90,Do you regularly attend religious services?,religion,4,opposing,0.0,False,3,unanimous,rapport_only,3,unanimous,none,3,unanimous,exploring_nuance,3,unanimous
mobile-crimson,6,True,False,disagreement,False,105,Do you regularly attend religious services?,religion,4,opposing,0.0,False,3,unanimous,none,3,unanimous,none,3,unanimous,sharing_experience,3,unanimous
mobile-crimson,7,True,False,disagreement,False,120,Do you regularly attend religious services?,religion,4,opposing,0.0,True,3,unanimous,related_subtopic,3,unanimous,shared_beliefs,3,unanimous,finding_commonality,3,unanimous
mobile-crimson,8,True,False,disagreement,False,135,Do you regularly attend religious services?,religion,4,opposing,0.0,False,3,unanimous,rapport_only,3,unanimous,none,3,unanimous,rapport_building,3,unanimous
mobile-crimson,10,True,False,disagreement,False,165,Do you regularly attend religious services?,religion,4,opposing,0.0,False,3,unanimous,none,3,unanimous,none,3,unanimous,sharing_experience,3,unanimous
mobile-crimson,11,True,False,disagreement,False,180,Do you regularly attend religious services?,religion,4,opposing,0.0,False,3,unanimous,none,3,unanimous,none,3,unanimous,sharing_experience,3,unanimous
mobile-crimson,12,True,False,disagreement,False,195,Do you regularly attend religious services?,religion,4,opposing,0.0,False,3,unanimous,rapport_only,3,unanimous,none,3,unanimous,rapport_building,3,unanimous
moral-gold,1,False,False,not_discussed,False,30,Are you married or dating someone?,identity,4,opposing,0.5,False,3,unanimous,none,3,unanimous,none,3,unanimous,stance_sharing,3,unanimous
moral-gold,2,True,True,disagreement,True,45,Are you married or dating someone?,identity,4,opposing,0.5,False,3,unanimous,none,3,unanimous,none,3,unanimous,stance_sharing,3,unanimous
moral-gold,4,True,False,disagreement,False,75,Are you married or dating someone?,identity,4,opposing,0.5,False,3,unanimous,none,2,majority,none,3,unanimous,sharing_experience,3,unanimous
moral-gold,7,True,False,disagreement,False,120,Are you married or dating someone?,identity,4,opposing,0.5,True,2,majority,related_subtopic,2,majority,shared_thoughts,2,majority,exploring_nuance,3,unanimous
moral-gold,10,True,False,disagreement,False,165,Are you married or dating someone?,identity,4,opposing,0.5,False,3,unanimous,none,3,unanimous,none,3,unanimous,sharing_experience,3,unanimous
musical-coffee,0,False,False,not_discussed,False,15,Do you feel like the country is moving in the right direction?,politics,0,shared,0.0,False,3,unanimous,none,3,unanimous,none,3,unanimous,rapport_building,3,unanimous
musical-coffee,1,False,False,not_discussed,False,30,Do you feel like the country is moving in the right direction?,politics,0,shared,0.0,False,3,unanimous,none,3,unanimous,none,3,unanimous,perspective_seeking,3,unanimous
musical-coffee,3,False,False,not_discussed,False,60,Do you feel like the country is moving in the right direction?,politics,0,shared,0.0,False,3,unanimous,none,3,unanimous,none,3,unanimous,stance_sharing,3,unanimous
musical-coffee,5,True,True,agreement,False,90,Do you feel like the country is moving in the right direction?,politics,0,shared,0.0,True,3,unanimous,same_values,3,unanimous,shared_thoughts,2,majority,stance_sharing,2,majority
musical-coffee,9,True,False,agreement,False,150,Do you feel like the country is moving in the right direction?,politics,0,shared,0.0,False,3,unanimous,none,3,unanimous,none,3,unanimous,stance_sharing,3,unanimous
musical-coffee,11,True,False,agreement,True,180,Do you feel like the country is moving in the right direction?,politics,0,shared,0.0,False,3,unanimous,none,3,unanimous,none,3,unanimous,stance_sharing,3,unanimous
nasty-amaranth,1,False,False,not_discussed,False,30,Do you attend live music concerts?,preferences,0,shared,1.0,False,3,unanimous,none,3,unanimous,none,3,unanimous,stance_sharing,3,unanimous
nasty-amaranth,2,True,True,agreement,False,45,Do you attend live music concerts?,preferences,0,shared,1.0,True,3,unanimous,same_values,3,unanimous,shared_feelings,3,unanimous,stance_sharing,3,unanimous
nasty-amaranth,3,True,False,agreement,False,60,Do you attend live music concerts?,preferences,0,shared,1.0,False,3,unanimous,none,3,unanimous,none,3,unanimous,perspective_seeking,3,unanimous
nasty-amaranth,5,True,False,agreement,False,90,Do you attend live music concerts?,preferences,0,shared,1.0,False,3,unanimous,none,3,unanimous,none,3,unanimous,perspective_seeking,3,unanimous
nasty-amaranth,8,True,False,agreement,True,135,Do you attend live music concerts?,preferences,0,shared,1.0,True,3,unanimous,related_subtopic,3,unanimous,shared_feelings,3,unanimous,stance_sharing,3,unanimous
nasty-amaranth,11,True,False,agreement,False,180,Do you attend live music concerts?,preferences,0,shared,1.0,False,3,unanimous,rapport_only,3,unanimous,none,3,unanimous,rapport_building,3,unanimous
nasty-coral,0,False,False,not_discussed,False,15,Are you a spiritual person?,religion,0,shared,1.0,False,3,unanimous,none,3,unanimous,none,3,unanimous,rapport_building,3,unanimous
nasty-coral,1,False,False,not_discussed,False,30,Are you a spiritual person?,religion,0,shared,1.0,False,3,unanimous,none,3,unanimous,none,3,unanimous,rapport_building,3,unanimous
nasty-coral,2,False,False,not_discussed,False,45,Are you a spiritual person?,religion,0,shared,1.0,False,3,unanimous,none,3,unanimous,none,3,unanimous,stance_sharing,3,unanimous
nasty-coral,3,True,True,agreement,False,60,Are you a spiritual person?,religion,0,shared,1.0,True,3,unanimous,same_values,3,unanimous,shared_beliefs,3,unanimous,stance_sharing,3,unanimous
nasty-coral,6,True,False,agreement,False,105,Are you a spiritual person?,religion,0,shared,1.0,True,3,unanimous,same_values,3,unanimous,shared_beliefs,3,unanimous,finding_commonality,3,unanimous
nasty-coral,8,True,False,agreement,False,135,Are you a spiritual person?,religion,0,shared,1.0,False,3,unanimous,none,3,unanimous,none,3,unanimous,perspective_seeking,3,unanimous
nasty-coral,9,True,False,agreement,False,150,Are you a spiritual person?,religion,0,shared,1.0,True,3,unanimous,related_subtopic,3,unanimous,shared_beliefs,3,unanimous,finding_commonality,3,unanimous
nasty-coral,10,True,False,agreement,False,165,Are you a spiritual person?,religion,0,shared,1.0,False,3,unanimous,none,3,unanimous,none,3,unanimous,perspective_seeking,3,unanimous
nasty-coral,11,True,False,agreement,False,180,Are you a spiritual person?,religion,0,shared,1.0,True,3,unanimous,related_subtopic,3,unanimous,shared_thoughts,3,unanimous,sharing_experience,3,unanimous
national-beige,0,False,False,not_discussed,False,15,Are you a parent or caregiver?,identity,4,opposing,0.0,False,3,unanimous,none,3,unanimous,none,3,unanimous,rapport_building,3,unanimous
national-beige,1,False,False,not_discussed,False,30,Are you a parent or caregiver?,identity,4,opposing,0.0,False,3,unanimous,none,3,unanimous,none,3,unanimous,rapport_building,3,unanimous
national-beige,2,False,False,unclear,False,45,Are you a parent or caregiver?,identity,4,opposing,0.0,False,3,unanimous,none,3,unanimous,none,3,unanimous,stance_sharing,3,unanimous
national-beige,3,True,True,disagreement,True,60,Are you a parent or caregiver?,identity,4,opposing,0.0,False,3,unanimous,rapport_only,3,unanimous,none,3,unanimous,stance_sharing,3,unanimous
national-beige,4,True,False,disagreement,False,75,Are you a parent or caregiver?,identity,4,opposing,0.0,False,3,unanimous,rapport_only,2,majority,none,3,unanimous,rapport_building,3,unanimous
national-beige,5,True,False,disagreement,False,90,Are you a parent or caregiver?,identity,4,opposing,0.0,False,3,unanimous,rapport_only,3,unanimous,none,3,unanimous,rapport_building,3,unanimous
national-beige,6,True,False,disagreement,False,105,Are you a parent or caregiver?,identity,4,opposing,0.0,False,3,unanimous,rapport_only,3,unanimous,none,3,unanimous,rapport_building,3,unanimous
national-beige,7,True,False,disagreement,False,120,Are you a parent or caregiver?,identity,4,opposing,0.0,False,3,unanimous,rapport_only,3,unanimous,none,3,unanimous,rapport_building,3,unanimous
national-beige,8,True,False,disagreement,False,135,Are you a parent or caregiver?,identity,4,opposing,0.0,False,3,unanimous,rapport_only,2,majority,none,3,unanimous,rapport_building,3,unanimous
national-beige,10,True,False,disagreement,False,165,Are you a parent or caregiver?,identity,4,opposing,0.0,False,3,unanimous,rapport_only,3,unanimous,none,3,unanimous,rapport_building,3,unanimous
national-beige,11,True,False,disagreement,False,180,Are you a parent or caregiver?,identity,4,opposing,0.0,False,3,unanimous,rapport_only,3,unanimous,none,3,unanimous,rapport_building,3,unanimous
national-beige,12,True,False,disagreement,False,195,Are you a parent or caregiver?,identity,4,opposing,0.0,False,3,unanimous,rapport_only,3,unanimous,none,3,unanimous,rapport_building,3,unanimous
national-bronze,0,False,False,not_discussed,False,15,Are you married or dating someone?,identity,4,opposing,0.0,False,3,unanimous,none,3,unanimous,none,3,unanimous,rapport_building,3,unanimous
national-bronze,1,False,False,not_discussed,False,30,Are you married or dating someone?,identity,4,opposing,0.0,False,3,unanimous,none,3,unanimous,none,3,unanimous,stance_sharing,3,unanimous
national-bronze,2,False,False,not_discussed,False,45,Are you married or dating someone?,identity,4,opposing,0.0,False,3,unanimous,none,3,unanimous,none,3,unanimous,other,3,unanimous
national-bronze,3,True,True,disagreement,True,60,Are you married or dating someone?,identity,4,opposing,0.0,False,3,unanimous,none,3,unanimous,none,3,unanimous,stance_sharing,3,unanimous
national-bronze,4,True,False,disagreement,False,75,Are you married or dating someone?,identity,4,opposing,0.0,False,3,unanimous,none,3,unanimous,none,3,unanimous,perspective_seeking,3,unanimous
national-bronze,5,True,False,disagreement,False,90,Are you married or dating someone?,identity,4,opposing,0.0,False,3,unanimous,none,3,unanimous,none,3,unanimous,stance_sharing,3,unanimous
national-bronze,6,True,False,disagreement,False,105,Are you married or dating someone?,identity,4,opposing,0.0,False,3,unanimous,none,3,unanimous,none,3,unanimous,stance_sharing,3,unanimous
national-bronze,7,True,False,disagreement,False,120,Are you married or dating someone?,identity,4,opposing,0.0,True,3,unanimous,different_topic,2,majority,shared_thoughts,3,unanimous,sharing_experience,3,unanimous
national-bronze,8,True,False,disagreement,False,135,Are you married or dating someone?,identity,4,opposing,0.0,False,3,unanimous,none,3,unanimous,none,3,unanimous,perspective_seeking,3,unanimous
national-bronze,9,True,False,disagreement,False,150,Are you married or dating someone?,identity,4,opposing,0.0,False,3,unanimous,none,3,unanimous,none,3,unanimous,sharing_experience,3,unanimous
national-bronze,10,True,False,disagreement,False,165,Are you married or dating someone?,identity,4,opposing,0.0,False,3,unanimous,none,3,unanimous,none,3,unanimous,perspective_seeking,3,unanimous
national-bronze,11,True,False,disagreement,False,180,Are you married or dating someone?,identity,4,opposing,0.0,False,3,unanimous,rapport_only,3,unanimous,none,3,unanimous,rapport_building,3,unanimous
national-bronze,12,True,False,disagreement,False,195,Are you married or dating someone?,identity,4,opposing,0.0,False,3,unanimous,rapport_only,3,unanimous,none,3,unanimous,rapport_building,3,unanimous
native-aquamarine,0,False,False,not_discussed,False,15,Do you identify as the gender which you were assigned at birth?,identity,4,opposing,0.5,False,3,unanimous,none,3,unanimous,none,3,unanimous,rapport_building,3,unanimous
native-aquamarine,1,False,False,not_discussed,False,30,Do you identify as the gender which you were assigned at birth?,identity,4,opposing,0.5,False,3,unanimous,none,3,unanimous,none,3,unanimous,stance_sharing,3,unanimous
native-aquamarine,2,True,True,disagreement,True,45,Do you identify as the gender which you were assigned at birth?,identity,4,opposing,0.5,False,3,unanimous,none,3,unanimous,none,3,unanimous,stance_sharing,3,unanimous
native-aquamarine,3,True,True,disagreement,True,60,Do you identify as the gender which you were assigned at birth?,identity,4,opposing,0.5,False,3,unanimous,none,3,unanimous,none,3,unanimous,stance_sharing,3,unanimous
native-aquamarine,4,True,False,disagreement,False,75,Do you identify as the gender which you were assigned at birth?,identity,4,opposing,0.5,False,3,unanimous,none,3,unanimous,none,3,unanimous,stance_sharing,3,unanimous
native-aquamarine,6,True,False,disagreement,False,105,Do you identify as the gender which you were assigned at birth?,identity,4,opposing,0.5,False,3,unanimous,none,3,unanimous,none,3,unanimous,other,3,unanimous
native-aquamarine,7,True,False,disagreement,False,120,Do you identify as the gender which you were assigned at birth?,identity,4,opposing,0.5,False,3,unanimous,none,3,unanimous,none,3,unanimous,perspective_seeking,3,unanimous
native-aquamarine,8,True,False,disagreement,False,135,Do you identify as the gender which you were assigned at birth?,identity,4,opposing,0.5,False,3,unanimous,none,3,unanimous,none,3,unanimous,other,2,majority
native-aquamarine,9,True,False,disagreement,False,150,Do you identify as the gender which you were assigned at birth?,identity,4,opposing,0.5,False,3,unanimous,none,3,unanimous,none,3,unanimous,sharing_experience,3,unanimous
native-aquamarine,12,True,False,disagreement,False,195,Do you identify as the gender which you were assigned at birth?,identity,4,opposing,0.5,False,3,unanimous,none,3,unanimous,none,3,unanimous,sharing_experience,3,unanimous
naughty-tan,0,False,False,not_discussed,False,15,Are you married or dating someone?,identity,4,opposing,0.0,False,3,unanimous,none,3,unanimous,none,3,unanimous,rapport_building,3,unanimous
naughty-tan,1,False,False,not_discussed,False,30,Are you married or dating someone?,identity,4,opposing,0.0,False,3,unanimous,none,3,unanimous,none,3,unanimous,stance_sharing,3,unanimous
naughty-tan,2,True,True,disagreement,True,45,Are you married or dating someone?,identity,4,opposing,0.0,False,3,unanimous,none,3,unanimous,none,3,unanimous,stance_sharing,3,unanimous
naughty-tan,4,True,False,disagreement,False,75,Are you married or dating someone?,identity,4,opposing,0.0,False,3,unanimous,none,3,unanimous,none,3,unanimous,other,3,unanimous
naughty-tan,5,True,False,disagreement,False,90,Are you married or dating someone?,identity,4,opposing,0.0,True,3,unanimous,related_subtopic,2,majority,shared_thoughts,3,unanimous,finding_commonality,3,unanimous
naughty-tan,6,True,False,disagreement,False,105,Are you married or dating someone?,identity,4,opposing,0.0,False,3,unanimous,none,3,unanimous,none,3,unanimous,sharing_experience,3,unanimous
naughty-tan,7,True,False,disagreement,False,120,Are you married or dating someone?,identity,4,opposing,0.0,False,3,unanimous,rapport_only,3,unanimous,none,3,unanimous,rapport_building,2,majority
naughty-tan,8,True,False,disagreement,False,135,Are you married or dating someone?,identity,4,opposing,0.0,False,3,unanimous,none,3,unanimous,none,3,unanimous,perspective_seeking,3,unanimous
naughty-tan,9,True,False,disagreement,False,150,Are you married or dating someone?,identity,4,opposing,0.0,False,3,unanimous,none,3,unanimous,none,3,unanimous,perspective_seeking,3,unanimous
naughty-tan,10,True,False,disagreement,False,165,Are you married or dating someone?,identity,4,opposing,0.0,False,3,unanimous,none,3,unanimous,none,3,unanimous,sharing_experience,3,unanimous
naughty-tan,11,True,False,disagreement,False,180,Are you married or dating someone?,identity,4,opposing,0.0,False,3,unanimous,rapport_only,2,majority,none,3,unanimous,sharing_experience,3,unanimous
naughty-tan,12,True,False,disagreement,False,195,Are you married or dating someone?,identity,4,opposing,0.0,False,3,unanimous,rapport_only,3,unanimous,none,3,unanimous,rapport_building,3,unanimous
naval-white,0,False,False,not_discussed,False,15,Do you identify as heterosexual?,identity,4,opposing,0.5,False,3,unanimous,none,3,unanimous,none,3,unanimous,rapport_building,3,unanimous
naval-white,1,False,False,not_discussed,False,30,Do you identify as heterosexual?,identity,4,opposing,0.5,False,3,unanimous,none,3,unanimous,none,3,unanimous,rapport_building,3,unanimous
naval-white,2,False,False,unclear,False,45,Do you identify as heterosexual?,identity,4,opposing,0.5,False,3,unanimous,none,3,unanimous,none,3,unanimous,stance_sharing,3,unanimous
naval-white,3,True,True,disagreement,True,60,Do you identify as heterosexual?,identity,4,opposing,0.5,False,3,unanimous,none,3,unanimous,none,3,unanimous,stance_sharing,3,unanimous
naval-white,4,True,False,disagreement,True,75,Do you identify as heterosexual?,identity,4,opposing,0.5,False,3,unanimous,none,2,majority,none,3,unanimous,sharing_experience,3,unanimous
naval-white,6,True,False,disagreement,False,105,Do you identify as heterosexual?,identity,4,opposing,0.5,True,3,unanimous,related_subtopic,3,unanimous,shared_thoughts,2,majority,finding_commonality,3,unanimous
naval-white,7,True,False,disagreement,False,120,Do you identify as heterosexual?,identity,4,opposing,0.5,False,3,unanimous,none,3,unanimous,none,3,unanimous,perspective_seeking,3,unanimous
naval-white,9,True,False,disagreement,False,150,Do you identify as heterosexual?,identity,4,opposing,0.5,False,2,majority,none,2,majority,none,2,majority,stance_sharing,3,unanimous
naval-white,11,True,False,disagreement,False,180,Do you identify as heterosexual?,identity,4,opposing,0.5,True,3,unanimous,related_subtopic,3,unanimous,shared_thoughts,3,unanimous,finding_commonality,3,unanimous
nearby-brown,2,False,False,not_discussed,False,45,Should events in politicians' personal lives impact their ability to hold public office?,politics,0,shared,1.0,False,3,unanimous,none,3,unanimous,none,3,unanimous,other,2,majority
nearby-brown,4,True,True,agreement,False,75,Should events in politicians' personal lives impact their ability to hold public office?,politics,0,shared,1.0,True,3,unanimous,same_values,3,unanimous,shared_thoughts,3,unanimous,stance_sharing,3,unanimous
nearby-brown,6,True,False,agreement,False,105,Should events in politicians' personal lives impact their ability to hold public office?,politics,0,shared,1.0,True,3,unanimous,same_values,3,unanimous,shared_thoughts,3,unanimous,finding_commonality,3,unanimous
nearby-brown,11,True,False,agreement,False,180,Should events in politicians' personal lives impact their ability to hold public office?,politics,0,shared,1.0,False,3,unanimous,none,3,unanimous,none,3,unanimous,exploring_nuance,3,unanimous
nearby-olive,1,False,False,not_discussed,False,30,Do you think elected officials work to support the public's best interest?,politics,3,opposing,0.0,False,3,unanimous,none,3,unanimous,none,3,unanimous,rapport_building,3,unanimous
nearby-olive,2,False,False,not_discussed,False,45,Do you think elected officials work to support the public's best interest?,politics,3,opposing,0.0,False,3,unanimous,none,3,unanimous,none,3,unanimous,rapport_building,3,unanimous
nearby-olive,3,False,False,not_discussed,False,60,Do you think elected officials work to support the public's best interest?,politics,3,opposing,0.0,False,3,unanimous,none,3,unanimous,none,3,unanimous,rapport_building,3,unanimous
nearby-olive,4,False,False,not_discussed,False,75,Do you think elected officials work to support the public's best interest?,politics,3,opposing,0.0,False,3,unanimous,none,3,unanimous,none,3,unanimous,rapport_building,3,unanimous
nearby-olive,5,False,False,not_discussed,False,90,Do you think elected officials work to support the public's best interest?,politics,3,opposing,0.0,False,3,unanimous,none,3,unanimous,none,3,unanimous,stance_sharing,3,unanimous
nearby-olive,7,True,True,disagreement,True,120,Do you think elected officials work to support the public's best interest?,politics,3,opposing,0.0,False,3,unanimous,none,3,unanimous,none,3,unanimous,stance_sharing,3,unanimous
nearby-olive,8,True,False,disagreement,False,135,Do you think elected officials work to support the public's best interest?,politics,3,opposing,0.0,False,3,unanimous,none,3,unanimous,none,3,unanimous,exploring_nuance,3,unanimous
nearby-olive,9,True,False,disagreement,False,150,Do you think elected officials work to support the public's best interest?,politics,3,opposing,0.0,True,3,unanimous,same_values,3,unanimous,shared_thoughts,3,unanimous,finding_commonality,2,majority
nearby-olive,10,True,False,disagreement,False,165,Do you think elected officials work to support the public's best interest?,politics,3,opposing,0.0,False,3,unanimous,none,3,unanimous,none,3,unanimous,exploring_nuance,3,unanimous
nearby-olive,11,True,False,disagreement,False,180,Do you think elected officials work to support the public's best interest?,politics,3,opposing,0.0,True,3,unanimous,same_values,3,unanimous,shared_thoughts,3,unanimous,exploring_nuance,3,unanimous
nearby-olive,12,True,False,disagreement,False,195,Do you think elected officials work to support the public's best interest?,politics,3,opposing,0.0,False,2,majority,none,2,majority,none,2,majority,exploring_nuance,3,unanimous
nervous-ivory,1,False,False,unclear,False,30,Do you feel like the country is moving in the right direction?,politics,2,opposing,0.5,False,3,unanimous,none,3,unanimous,none,3,unanimous,stance_sharing,3,unanimous
nervous-ivory,2,False,False,not_discussed,False,45,Do you feel like the country is moving in the right direction?,politics,2,opposing,0.5,False,3,unanimous,none,3,unanimous,none,3,unanimous,rapport_building,3,unanimous
nervous-ivory,3,False,False,unclear,False,60,Do you feel like the country is moving in the right direction?,politics,2,opposing,0.5,False,3,unanimous,none,3,unanimous,none,3,unanimous,rapport_building,3,unanimous
nervous-ivory,6,False,False,not_discussed,False,105,Do you feel like the country is moving in the right direction?,politics,2,opposing,0.5,False,3,unanimous,none,3,unanimous,none,3,unanimous,other,3,unanimous
nervous-ivory,7,False,False,unclear,False,120,Do you feel like the country is moving in the right direction?,politics,2,opposing,0.5,False,3,unanimous,none,3,unanimous,none,3,unanimous,other,3,unanimous
nervous-ivory,8,False,False,not_discussed,False,135,Do you feel like the country is moving in the right direction?,politics,2,opposing,0.5,False,3,unanimous,none,3,unanimous,none,3,unanimous,other,3,unanimous
nervous-tan,1,False,False,not_discussed,False,30,Do you attend live music concerts?,preferences,0,shared,0.5,False,3,unanimous,none,3,unanimous,none,3,unanimous,rapport_building,3,unanimous
nervous-tan,2,False,False,not_discussed,False,45,Do you attend live music concerts?,preferences,0,shared,0.5,False,3,unanimous,none,3,unanimous,none,3,unanimous,stance_sharing,3,unanimous
nervous-tan,3,True,True,agreement,False,60,Do you attend live music concerts?,preferences,0,shared,0.5,False,3,unanimous,none,3,unanimous,none,3,unanimous,stance_sharing,3,unanimous
nervous-tan,4,True,False,disagreement,False,75,Do you attend live music concerts?,preferences,0,shared,0.5,False,3,unanimous,none,3,unanimous,none,3,unanimous,perspective_seeking,3,unanimous
nervous-tan,6,True,False,unclear,False,105,Do you attend live music concerts?,preferences,0,shared,0.5,False,3,unanimous,none,3,unanimous,none,3,unanimous,sharing_experience,3,unanimous
nervous-tan,7,True,False,unclear,False,120,Do you attend live music concerts?,preferences,0,shared,0.5,False,3,unanimous,none,3,unanimous,none,3,unanimous,perspective_seeking,3,unanimous
nervous-tan,8,True,False,agreement,False,135,Do you attend live music concerts?,preferences,0,shared,0.5,False,3,unanimous,none,3,unanimous,none,3,unanimous,perspective_seeking,3,unanimous
nervous-tan,9,True,False,disagreement,False,150,Do you attend live music concerts?,preferences,0,shared,0.5,False,2,majority,none,2,majority,none,2,majority,sharing_experience,3,unanimous
nervous-tan,10,True,False,unclear,False,165,Do you attend live music concerts?,preferences,0,shared,0.5,False,3,unanimous,none,3,unanimous,none,3,unanimous,stance_sharing,3,unanimous
noble-pink,1,False,False,not_discussed,False,30,Are you a parent or caregiver?,identity,0,shared,1.0,False,3,unanimous,none,3,unanimous,none,3,unanimous,rapport_building,3,unanimous
noble-pink,2,False,False,not_discussed,False,45,Are you a parent or caregiver?,identity,0,shared,1.0,False,3,unanimous,none,3,unanimous,none,3,unanimous,rapport_building,3,unanimous
noble-pink,3,False,False,not_discussed,False,60,Are you a parent or caregiver?,identity,0,shared,1.0,False,3,unanimous,none,3,unanimous,none,3,unanimous,rapport_building,2,majority
noble-pink,4,False,False,not_discussed,False,75,Are you a parent or caregiver?,identity,0,shared,1.0,False,3,unanimous,none,3,unanimous,none,3,unanimous,stance_sharing,3,unanimous
noble-pink,5,True,True,agreement,False,90,Are you a parent or caregiver?,identity,0,shared,1.0,False,3,unanimous,none,3,unanimous,none,3,unanimous,stance_sharing,3,unanimous
noble-pink,6,True,False,agreement,True,105,Are you a parent or caregiver?,identity,0,shared,1.0,False,3,unanimous,none,3,unanimous,none,3,unanimous,sharing_experience,2,majority
noble-pink,7,True,False,agreement,False,120,Are you a parent or caregiver?,identity,0,shared,1.0,False,3,unanimous,rapport_only,3,unanimous,none,3,unanimous,rapport_building,3,unanimous
noble-pink,8,True,False,agreement,False,135,Are you a parent or caregiver?,identity,0,shared,1.0,False,3,unanimous,none,3,unanimous,none,3,unanimous,perspective_seeking,3,unanimous
noble-pink,9,True,False,agreement,False,150,Are you a parent or caregiver?,identity,0,shared,1.0,False,3,unanimous,none,3,unanimous,none,3,unanimous,perspective_seeking,3,unanimous
noble-pink,10,True,False,agreement,False,165,Are you a parent or caregiver?,identity,0,shared,1.0,False,3,unanimous,none,3,unanimous,none,3,unanimous,sharing_experience,3,unanimous
noble-pink,11,True,False,agreement,False,180,Are you a parent or caregiver?,identity,0,shared,1.0,False,3,unanimous,none,3,unanimous,none,3,unanimous,perspective_seeking,3,unanimous
nosy-azure,0,True,True,agreement,False,15,Do you eat breakfast?,arbitrary,0,shared,1.0,True,3,unanimous,same_values,3,unanimous,shared_thoughts,3,unanimous,stance_sharing,3,unanimous
nosy-azure,1,True,False,agreement,False,30,Do you eat breakfast?,arbitrary,0,shared,1.0,False,3,unanimous,none,3,unanimous,none,3,unanimous,perspective_seeking,3,unanimous
nosy-azure,2,True,False,agreement,False,45,Do you eat breakfast?,arbitrary,0,shared,1.0,False,3,unanimous,none,3,unanimous,none,3,unanimous,sharing_experience,2,majority
nosy-azure,3,True,False,agreement,False,60,Do you eat breakfast?,arbitrary,0,shared,1.0,False,3,unanimous,none,3,unanimous,none,3,unanimous,perspective_seeking,3,unanimous
nosy-azure,5,True,False,agreement,False,90,Do you eat breakfast?,arbitrary,0,shared,1.0,False,3,unanimous,rapport_only,3,unanimous,none,3,unanimous,stance_sharing,3,unanimous
nosy-azure,6,True,False,agreement,False,105,Do you eat breakfast?,arbitrary,0,shared,1.0,False,3,unanimous,none,3,unanimous,none,3,unanimous,perspective_seeking,3,unanimous
nosy-azure,8,True,False,agreement,False,135,Do you eat breakfast?,arbitrary,0,shared,1.0,False,3,unanimous,none,3,unanimous,none,3,unanimous,stance_sharing,3,unanimous
nosy-azure,11,True,False,agreement,False,180,Do you eat breakfast?,arbitrary,0,shared,1.0,False,3,unanimous,rapport_only,2,majority,none,3,unanimous,rapport_building,3,unanimous
nosy-blue,0,False,False,not_discussed,False,15,Are you married or dating someone?,identity,4,opposing,0.0,False,3,unanimous,none,3,unanimous,none,3,unanimous,rapport_building,3,unanimous
nosy-blue,1,False,False,not_discussed,False,30,Are you married or dating someone?,identity,4,opposing,0.0,False,3,unanimous,none,3,unanimous,none,3,unanimous,rapport_building,3,unanimous
nosy-blue,2,False,False,not_discussed,False,45,Are you married or dating someone?,identity,4,opposing,0.0,False,3,unanimous,none,3,unanimous,none,3,unanimous,rapport_building,3,unanimous
nosy-blue,3,False,False,not_discussed,False,60,Are you married or dating someone?,identity,4,opposing,0.0,False,3,unanimous,none,3,unanimous,none,3,unanimous,perspective_seeking,3,unanimous
nosy-blue,4,True,True,disagreement,True,75,Are you married or dating someone?,identity,4,opposing,0.0,False,3,unanimous,none,3,unanimous,none,3,unanimous,stance_sharing,3,unanimous
nosy-blue,5,True,False,disagreement,False,90,Are you married or dating someone?,identity,4,opposing,0.0,False,3,unanimous,none,3,unanimous,none,3,unanimous,perspective_seeking,3,unanimous
nosy-blue,6,True,False,disagreement,False,105,Are you married or dating someone?,identity,4,opposing,0.0,False,3,unanimous,rapport_only,3,unanimous,none,3,unanimous,sharing_experience,2,majority
nosy-blue,7,True,False,disagreement,False,120,Are you married or dating someone?,identity,4,opposing,0.0,False,3,unanimous,rapport_only,3,unanimous,none,3,unanimous,rapport_building,3,unanimous
nosy-blue,8,True,False,disagreement,False,135,Are you married or dating someone?,identity,4,opposing,0.0,True,3,unanimous,related_subtopic,3,unanimous,shared_beliefs,3,unanimous,finding_commonality,3,unanimous
nosy-blue,9,True,False,disagreement,False,150,Are you married or dating someone?,identity,4,opposing,0.0,True,3,unanimous,different_topic,3,unanimous,shared_feelings,3,unanimous,rapport_building,3,unanimous
nosy-blue,10,True,False,disagreement,False,165,Are you married or dating someone?,identity,4,opposing,0.0,True,3,unanimous,different_topic,3,unanimous,shared_thoughts,3,unanimous,rapport_building,3,unanimous
nosy-blue,11,True,False,disagreement,False,180,Are you married or dating someone?,identity,4,opposing,0.0,False,3,unanimous,rapport_only,3,unanimous,none,3,unanimous,rapport_building,3,unanimous
nosy-blush,1,False,False,not_discussed,False,30,Do you feel like an outsider in your local community?,identity,0,shared,0.5,False,3,unanimous,none,3,unanimous,none,3,unanimous,stance_sharing,3,unanimous
nosy-blush,2,True,True,agreement,True,45,Do you feel like an outsider in your local community?,identity,0,shared,0.5,True,3,unanimous,same_values,3,unanimous,shared_feelings,3,unanimous,stance_sharing,3,unanimous
nosy-blush,3,True,False,agreement,False,60,Do you feel like an outsider in your local community?,identity,0,shared,0.5,False,3,unanimous,none,3,unanimous,none,3,unanimous,sharing_experience,2,majority
nosy-blush,4,True,False,agreement,False,75,Do you feel like an outsider in your local community?,identity,0,shared,0.5,False,3,unanimous,none,3,unanimous,none,3,unanimous,perspective_seeking,3,unanimous
nosy-blush,6,True,False,agreement,True,105,Do you feel like an outsider in your local community?,identity,0,shared,0.5,False,3,unanimous,none,3,unanimous,none,3,unanimous,exploring_nuance,3,unanimous
nosy-blush,10,True,False,agreement,False,165,Do you feel like an outsider in your local community?,identity,0,shared,0.5,True,3,unanimous,related_subtopic,3,unanimous,shared_thoughts,3,unanimous,exploring_nuance,3,unanimous
nosy-blush,11,True,False,agreement,False,180,Do you feel like an outsider in your local community?,identity,0,shared,0.5,True,3,unanimous,related_subtopic,3,unanimous,shared_thoughts,3,unanimous,exploring_nuance,3,unanimous
nutty-apricot,0,False,False,unclear,False,15,Do you prefer TV shows over movies?,preferences,0,shared,1.0,False,3,unanimous,none,3,unanimous,none,3,unanimous,stance_sharing,3,unanimous
nutty-apricot,2,True,True,agreement,False,45,Do you prefer TV shows over movies?,preferences,0,shared,1.0,True,3,unanimous,same_values,3,unanimous,shared_thoughts,3,unanimous,stance_sharing,3,unanimous
nutty-apricot,3,True,False,agreement,False,60,Do you prefer TV shows over movies?,preferences,0,shared,1.0,True,3,unanimous,same_values,3,unanimous,shared_thoughts,3,unanimous,finding_commonality,3,unanimous
nutty-apricot,4,True,False,agreement,False,75,Do you prefer TV shows over movies?,preferences,0,shared,1.0,True,2,majority,same_values,2,majority,shared_thoughts,2,majority,finding_commonality,2,majority
nutty-apricot,7,True,False,agreement,False,120,Do you prefer TV shows over movies?,preferences,0,shared,1.0,False,3,unanimous,none,3,unanimous,none,3,unanimous,stance_sharing,3,unanimous
nutty-apricot,8,True,False,agreement,False,135,Do you prefer TV shows over movies?,preferences,0,shared,1.0,True,3,unanimous,related_subtopic,3,unanimous,shared_thoughts,3,unanimous,exploring_nuance,3,unanimous
nutty-apricot,9,True,False,agreement,False,150,Do you prefer TV shows over movies?,preferences,0,shared,1.0,False,3,unanimous,none,3,unanimous,none,3,unanimous,other,3,unanimous
nutty-apricot,10,True,False,agreement,True,165,Do you prefer TV shows over movies?,preferences,0,shared,1.0,False,3,unanimous,none,3,unanimous,none,3,unanimous,other,2,majority
nutty-apricot,11,True,False,agreement,False,180,Do you prefer TV shows over movies?,preferences,0,shared,1.0,False,3,unanimous,rapport_only,3,unanimous,none,3,unanimous,rapport_building,3,unanimous
obnoxious-emerald,1,False,False,not_discussed,False,30,Are you married or dating someone?,identity,4,opposing,0.0,False,3,unanimous,none,3,unanimous,none,3,unanimous,stance_sharing,3,unanimous
obnoxious-emerald,2,False,False,unclear,False,45,Are you married or dating someone?,identity,4,opposing,0.0,False,3,unanimous,none,3,unanimous,none,3,unanimous,perspective_seeking,3,unanimous
obnoxious-emerald,4,False,False,unclear,False,75,Are you married or dating someone?,identity,4,opposing,0.0,False,3,unanimous,none,3,unanimous,none,3,unanimous,rapport_building,3,unanimous
obnoxious-emerald,5,False,False,unclear,False,90,Are you married or dating someone?,identity,4,opposing,0.0,False,3,unanimous,none,3,unanimous,none,3,unanimous,rapport_building,3,unanimous
obnoxious-emerald,6,False,False,unclear,False,105,Are you married or dating someone?,identity,4,opposing,0.0,False,3,unanimous,none,3,unanimous,none,3,unanimous,rapport_building,2,majority
obnoxious-emerald,7,False,False,unclear,False,120,Are you married or dating someone?,identity,4,opposing,0.0,False,3,unanimous,none,3,unanimous,none,3,unanimous,exploring_nuance,2,majority
obnoxious-emerald,9,False,False,not_discussed,False,150,Are you married or dating someone?,identity,4,opposing,0.0,False,3,unanimous,none,3,unanimous,none,3,unanimous,rapport_building,3,unanimous
obnoxious-emerald,11,False,False,unclear,False,180,Are you married or dating someone?,identity,4,opposing,0.0,False,3,unanimous,none,3,unanimous,none,3,unanimous,rapport_building,3,unanimous
obnoxious-emerald,12,False,False,unclear,False,195,Are you married or dating someone?,identity,4,opposing,0.0,False,3,unanimous,none,3,unanimous,none,3,unanimous,rapport_building,3,unanimous
occupational-pink,1,False,False,not_discussed,False,30,Do you eat breakfast?,arbitrary,0,shared,1.0,False,3,unanimous,none,3,unanimous,none,3,unanimous,rapport_building,3,unanimous
occupational-pink,2,False,False,not_discussed,False,45,Do you eat breakfast?,arbitrary,0,shared,1.0,False,3,unanimous,none,3,unanimous,none,3,unanimous,perspective_seeking,3,unanimous
occupational-pink,4,False,False,not_discussed,False,75,Do you eat breakfast?,arbitrary,0,shared,1.0,False,3,unanimous,none,3,unanimous,none,3,unanimous,stance_sharing,3,unanimous
occupational-pink,7,True,True,agreement,False,120,Do you eat breakfast?,arbitrary,0,shared,1.0,False,3,unanimous,none,3,unanimous,none,3,unanimous,stance_sharing,3,unanimous
occupational-pink,8,True,False,agreement,False,135,Do you eat breakfast?,arbitrary,0,shared,1.0,False,3,unanimous,none,3,unanimous,none,3,unanimous,perspective_seeking,3,unanimous
occupational-pink,10,True,False,agreement,False,165,Do you eat breakfast?,arbitrary,0,shared,1.0,False,3,unanimous,none,3,unanimous,none,3,unanimous,perspective_seeking,2,majority
oral-amber,0,False,False,not_discussed,False,15,Do you create art?,preferences,2,opposing,0.5,False,3,unanimous,none,3,unanimous,none,3,unanimous,rapport_building,3,unanimous
oral-amber,1,False,False,not_discussed,False,30,Do you create art?,preferences,2,opposing,0.5,False,3,unanimous,none,3,unanimous,none,3,unanimous,perspective_seeking,3,unanimous
oral-amber,2,False,False,not_discussed,False,45,Do you create art?,preferences,2,opposing,0.5,False,3,unanimous,none,3,unanimous,none,3,unanimous,stance_sharing,3,unanimous
oral-amber,3,True,True,disagreement,True,60,Do you create art?,preferences,2,opposing,0.5,False,3,unanimous,none,3,unanimous,none,3,unanimous,stance_sharing,3,unanimous
oral-amber,4,True,False,disagreement,False,75,Do you create art?,preferences,2,opposing,0.5,False,3,unanimous,none,2,majority,none,3,unanimous,perspective_seeking,3,unanimous
oral-amber,5,True,False,disagreement,False,90,Do you create art?,preferences,2,opposing,0.5,False,3,unanimous,none,3,unanimous,none,3,unanimous,sharing_experience,3,unanimous
oral-amber,6,True,False,agreement,False,105,Do you create art?,preferences,2,opposing,0.5,False,3,unanimous,none,3,unanimous,none,3,unanimous,perspective_seeking,3,unanimous
oral-amber,7,True,False,unclear,False,120,Do you create art?,preferences,2,opposing,0.5,True,3,unanimous,related_subtopic,3,unanimous,shared_thoughts,3,unanimous,finding_commonality,3,unanimous
oral-amber,8,True,False,agreement,False,135,Do you create art?,preferences,2,opposing,0.5,False,3,unanimous,none,3,unanimous,none,3,unanimous,sharing_experience,3,unanimous
oral-amber,9,True,False,agreement,False,150,Do you create art?,preferences,2,opposing,0.5,False,3,unanimous,rapport_only,3,unanimous,none,3,unanimous,rapport_building,3,unanimous
oral-amber,10,True,False,unclear,False,165,Do you create art?,preferences,2,opposing,0.5,False,3,unanimous,none,3,unanimous,none,3,unanimous,perspective_seeking,3,unanimous
oral-amber,11,True,False,unclear,False,180,Do you create art?,preferences,2,opposing,0.5,False,3,unanimous,none,3,unanimous,none,3,unanimous,sharing_experience,3,unanimous
orthodox-orange,0,False,False,unclear,False,15,Do you live in a warm climate?,background,3,opposing,0.5,False,3,unanimous,none,3,unanimous,none,3,unanimous,stance_sharing,3,unanimous
orthodox-orange,1,True,True,disagreement,True,30,Do you live in a warm climate?,background,3,opposing,0.5,False,3,unanimous,none,3,unanimous,none,3,unanimous,stance_sharing,3,unanimous
orthodox-orange,2,True,False,disagreement,False,45,Do you live in a warm climate?,background,3,opposing,0.5,True,3,unanimous,related_subtopic,3,unanimous,shared_thoughts,3,unanimous,finding_commonality,3,unanimous
orthodox-orange,3,True,False,disagreement,True,60,Do you live in a warm climate?,background,3,opposing,0.5,False,3,unanimous,none,3,unanimous,none,3,unanimous,exploring_nuance,3,unanimous
orthodox-orange,4,True,False,disagreement,True,75,Do you live in a warm climate?,background,3,opposing,0.5,False,3,unanimous,none,2,majority,none,3,unanimous,sharing_experience,2,majority
orthodox-orange,5,True,False,disagreement,False,90,Do you live in a warm climate?,background,3,opposing,0.5,False,3,unanimous,rapport_only,2,majority,none,3,unanimous,rapport_building,3,unanimous
orthodox-orange,6,True,False,disagreement,False,105,Do you live in a warm climate?,background,3,opposing,0.5,False,3,unanimous,none,3,unanimous,none,3,unanimous,sharing_experience,3,unanimous
orthodox-orange,7,True,False,disagreement,False,120,Do you live in a warm climate?,background,3,opposing,0.5,False,3,unanimous,none,3,unanimous,none,3,unanimous,sharing_experience,3,unanimous
orthodox-orange,8,True,False,disagreement,False,135,Do you live in a warm climate?,background,3,opposing,0.5,False,3,unanimous,none,3,unanimous,none,3,unanimous,sharing_experience,3,unanimous
orthodox-orange,9,True,False,disagreement,False,150,Do you live in a warm climate?,background,3,opposing,0.5,False,3,unanimous,none,3,unanimous,none,3,unanimous,perspective_seeking,3,unanimous
orthodox-orange,10,True,False,disagreement,False,165,Do you live in a warm climate?,background,3,opposing,0.5,True,3,unanimous,related_subtopic,3,unanimous,shared_thoughts,3,unanimous,sharing_experience,3,unanimous
orthodox-orange,11,True,False,disagreement,False,180,Do you live in a warm climate?,background,3,opposing,0.5,True,3,unanimous,related_subtopic,3,unanimous,shared_thoughts,3,unanimous,finding_commonality,3,unanimous
orthodox-purple,0,False,False,unclear,False,15,Are you a parent or caregiver?,identity,4,opposing,1.0,False,3,unanimous,none,3,unanimous,none,3,unanimous,stance_sharing,3,unanimous
orthodox-purple,1,False,False,unclear,False,30,Are you a parent or caregiver?,identity,4,opposing,1.0,False,3,unanimous,none,3,unanimous,none,3,unanimous,rapport_building,3,unanimous
orthodox-purple,3,False,False,not_discussed,False,60,Are you a parent or caregiver?,identity,4,opposing,1.0,False,3,unanimous,none,3,unanimous,none,3,unanimous,other,3,unanimous
orthodox-purple,4,False,False,not_discussed,False,75,Are you a parent or caregiver?,identity,4,opposing,1.0,False,3,unanimous,none,3,unanimous,none,3,unanimous,rapport_building,3,unanimous
orthodox-purple,5,True,True,agreement,False,90,Are you a parent or caregiver?,identity,4,opposing,1.0,False,3,unanimous,none,3,unanimous,none,3,unanimous,stance_sharing,3,unanimous
orthodox-purple,6,True,True,disagreement,True,105,Are you a parent or caregiver?,identity,4,opposing,1.0,False,3,unanimous,none,3,unanimous,none,3,unanimous,stance_sharing,3,unanimous
orthodox-purple,7,True,False,disagreement,False,120,Are you a parent or caregiver?,identity,4,opposing,1.0,False,3,unanimous,none,2,majority,none,3,unanimous,rapport_building,2,majority
orthodox-purple,8,False,False,unclear,False,135,Are you a parent or caregiver?,identity,4,opposing,1.0,False,3,unanimous,none,3,unanimous,none,3,unanimous,perspective_seeking,3,unanimous
orthodox-purple,9,False,False,unclear,False,150,Are you a parent or caregiver?,identity,4,opposing,1.0,False,3,unanimous,none,3,unanimous,none,3,unanimous,rapport_building,3,unanimous
orthodox-purple,10,False,False,not_discussed,False,165,Are you a parent or caregiver?,identity,4,opposing,1.0,False,3,unanimous,none,3,unanimous,none,3,unanimous,rapport_building,3,unanimous
orthodox-purple,11,False,False,unclear,False,180,Are you a parent or caregiver?,identity,4,opposing,1.0,False,3,unanimous,none,2,majority,none,3,unanimous,rapport_building,3,unanimous
outside-indigo,0,False,False,not_discussed,False,15,Do you exercise regularly?,arbitrary,0,shared,0.5,False,3,unanimous,none,3,unanimous,none,3,unanimous,rapport_building,3,unanimous
outside-indigo,1,True,True,agreement,False,30,Do you exercise regularly?,arbitrary,0,shared,0.5,True,3,unanimous,same_values,3,unanimous,shared_thoughts,3,unanimous,stance_sharing,3,unanimous
outside-indigo,2,True,False,agreement,False,45,Do you exercise regularly?,arbitrary,0,shared,0.5,False,3,unanimous,none,3,unanimous,none,3,unanimous,perspective_seeking,3,unanimous
outside-indigo,3,True,False,agreement,False,60,Do you exercise regularly?,arbitrary,0,shared,0.5,False,3,unanimous,none,3,unanimous,none,3,unanimous,perspective_seeking,2,majority
outside-indigo,4,True,False,agreement,False,75,Do you exercise regularly?,arbitrary,0,shared,0.5,False,3,unanimous,none,3,unanimous,none,3,unanimous,stance_sharing,3,unanimous
outside-indigo,5,True,False,agreement,True,90,Do you exercise regularly?,arbitrary,0,shared,0.5,False,3,unanimous,none,3,unanimous,none,3,unanimous,stance_sharing,3,unanimous
outside-indigo,6,True,False,agreement,False,105,Do you exercise regularly?,arbitrary,0,shared,0.5,False,3,unanimous,none,2,majority,none,3,unanimous,perspective_seeking,3,unanimous
outside-indigo,7,True,False,agreement,False,120,Do you exercise regularly?,arbitrary,0,shared,0.5,True,3,unanimous,related_subtopic,3,unanimous,shared_feelings,3,unanimous,finding_commonality,3,unanimous
outside-indigo,8,True,False,agreement,False,135,Do you exercise regularly?,arbitrary,0,shared,0.5,False,3,unanimous,none,3,unanimous,none,3,unanimous,sharing_experience,3,unanimous
outside-indigo,9,True,False,agreement,False,150,Do you exercise regularly?,arbitrary,0,shared,0.5,True,3,unanimous,related_subtopic,3,unanimous,shared_thoughts,2,majority,sharing_experience,3,unanimous
outside-indigo,10,True,False,agreement,False,165,Do you exercise regularly?,arbitrary,0,shared,0.5,False,3,unanimous,rapport_only,3,unanimous,none,3,unanimous,rapport_building,3,unanimous
outside-turquoise,1,True,True,disagreement,True,30,Are you affiliated with any organized religion?,religion,4,opposing,0.0,False,3,unanimous,none,3,unanimous,none,3,unanimous,stance_sharing,3,unanimous
outside-turquoise,2,True,False,disagreement,False,45,Are you affiliated with any organized religion?,religion,4,opposing,0.0,False,3,unanimous,none,3,unanimous,none,3,unanimous,other,3,unanimous
outside-turquoise,3,True,False,disagreement,False,60,Are you affiliated with any organized religion?,religion,4,opposing,0.0,False,3,unanimous,rapport_only,3,unanimous,none,3,unanimous,rapport_building,3,unanimous
outside-turquoise,4,True,False,disagreement,False,75,Are you affiliated with any organized religion?,religion,4,opposing,0.0,False,3,unanimous,none,3,unanimous,none,3,unanimous,perspective_seeking,3,unanimous
outside-turquoise,7,True,False,disagreement,False,120,Are you affiliated with any organized religion?,religion,4,opposing,0.0,False,3,unanimous,none,3,unanimous,none,3,unanimous,stance_sharing,3,unanimous
outside-turquoise,8,True,False,disagreement,False,135,Are you affiliated with any organized religion?,religion,4,opposing,0.0,False,3,unanimous,none,3,unanimous,none,3,unanimous,exploring_nuance,2,majority
outside-turquoise,9,True,False,disagreement,False,150,Are you affiliated with any organized religion?,religion,4,opposing,0.0,False,3,unanimous,rapport_only,3,unanimous,none,3,unanimous,rapport_building,3,unanimous
outside-turquoise,10,True,False,disagreement,False,165,Are you affiliated with any organized religion?,religion,4,opposing,0.0,False,3,unanimous,rapport_only,3,unanimous,none,3,unanimous,rapport_building,3,unanimous
outside-turquoise,11,True,False,disagreement,False,180,Are you affiliated with any organized religion?,religion,4,opposing,0.0,False,3,unanimous,none,3,unanimous,none,3,unanimous,exploring_nuance,3,unanimous
outside-turquoise,12,True,False,disagreement,False,195,Are you affiliated with any organized religion?,religion,4,opposing,0.0,False,3,unanimous,rapport_only,3,unanimous,none,3,unanimous,rapport_building,3,unanimous
painful-lavender,0,False,False,not_discussed,False,15,Can stealing ever be justified?,morality,1,shared,1.0,False,3,unanimous,none,3,unanimous,none,3,unanimous,rapport_building,3,unanimous
painful-lavender,1,False,False,not_discussed,False,30,Can stealing ever be justified?,morality,1,shared,1.0,False,3,unanimous,none,3,unanimous,none,3,unanimous,perspective_seeking,3,unanimous
painful-lavender,3,False,False,not_discussed,False,60,Can stealing ever be justified?,morality,1,shared,1.0,False,3,unanimous,none,3,unanimous,none,3,unanimous,stance_sharing,3,unanimous
painful-lavender,4,True,True,agreement,False,75,Can stealing ever be justified?,morality,1,shared,1.0,True,3,unanimous,same_values,3,unanimous,shared_thoughts,2,majority,stance_sharing,3,unanimous
painful-lavender,7,True,False,agreement,False,120,Can stealing ever be justified?,morality,1,shared,1.0,False,3,unanimous,none,3,unanimous,none,3,unanimous,stance_sharing,2,majority
painful-lavender,8,True,False,agreement,False,135,Can stealing ever be justified?,morality,1,shared,1.0,True,3,unanimous,same_values,3,unanimous,shared_beliefs,3,unanimous,finding_commonality,3,unanimous
painful-lavender,10,True,False,agreement,False,165,Can stealing ever be justified?,morality,1,shared,1.0,True,2,majority,same_values,2,majority,shared_thoughts,2,majority,exploring_nuance,3,unanimous
painful-lavender,11,True,False,agreement,False,180,Can stealing ever be justified?,morality,1,shared,1.0,False,3,unanimous,rapport_only,3,unanimous,none,3,unanimous,rapport_building,3,unanimous
painful-lavender,12,True,False,agreement,False,195,Can stealing ever be justified?,morality,1,shared,1.0,False,3,unanimous,rapport_only,3,unanimous,none,3,unanimous,rapport_building,3,unanimous
pale-apricot,0,False,False,not_discussed,False,15,Are you married or dating someone?,identity,4,opposing,0.5,False,3,unanimous,none,3,unanimous,none,3,unanimous,rapport_building,2,majority
pale-apricot,1,False,False,not_discussed,False,30,Are you married or dating someone?,identity,4,opposing,0.5,False,3,unanimous,none,3,unanimous,none,3,unanimous,perspective_seeking,2,majority
pale-apricot,2,False,False,unclear,False,45,Are you married or dating someone?,identity,4,opposing,0.5,False,3,unanimous,none,3,unanimous,none,3,unanimous,sharing_experience,2,majority
pale-apricot,3,True,True,disagreement,True,60,Are you married or dating someone?,identity,4,opposing,0.5,False,3,unanimous,none,3,unanimous,none,3,unanimous,stance_sharing,3,unanimous
pale-apricot,5,True,False,disagreement,False,90,Are you married or dating someone?,identity,4,opposing,0.5,False,3,unanimous,rapport_only,2,majority,none,3,unanimous,rapport_building,3,unanimous
pale-apricot,6,True,False,disagreement,False,105,Are you married or dating someone?,identity,4,opposing,0.5,False,3,unanimous,none,2,majority,none,3,unanimous,rapport_building,3,unanimous
pale-apricot,7,True,False,disagreement,False,120,Are you married or dating someone?,identity,4,opposing,0.5,False,3,unanimous,rapport_only,2,majority,none,3,unanimous,rapport_building,3,unanimous
pale-apricot,8,True,False,disagreement,False,135,Are you married or dating someone?,identity,4,opposing,0.5,False,3,unanimous,none,3,unanimous,none,3,unanimous,perspective_seeking,3,unanimous
pale-apricot,9,True,False,disagreement,False,150,Are you married or dating someone?,identity,4,opposing,0.5,False,3,unanimous,none,3,unanimous,none,3,unanimous,perspective_seeking,3,unanimous
pale-apricot,10,True,False,disagreement,False,165,Are you married or dating someone?,identity,4,opposing,0.5,False,3,unanimous,none,3,unanimous,none,3,unanimous,sharing_experience,3,unanimous
panicky-brown,0,False,False,not_discussed,False,15,Do you identify as the gender which you were assigned at birth?,identity,0,shared,1.0,False,3,unanimous,none,3,unanimous,none,3,unanimous,rapport_building,3,unanimous
panicky-brown,1,False,False,not_discussed,False,30,Do you identify as the gender which you were assigned at birth?,identity,0,shared,1.0,False,3,unanimous,none,3,unanimous,none,3,unanimous,perspective_seeking,3,unanimous
panicky-brown,2,True,True,agreement,False,45,Do you identify as the gender which you were assigned at birth?,identity,0,shared,1.0,True,3,unanimous,same_values,3,unanimous,shared_thoughts,2,majority,stance_sharing,3,unanimous
panicky-brown,3,True,False,agreement,False,60,Do you identify as the gender which you were assigned at birth?,identity,0,shared,1.0,False,3,unanimous,none,3,unanimous,none,3,unanimous,sharing_experience,3,unanimous
panicky-brown,4,True,False,agreement,False,75,Do you identify as the gender which you were assigned at birth?,identity,0,shared,1.0,True,3,unanimous,same_values,3,unanimous,shared_feelings,3,unanimous,finding_commonality,3,unanimous
panicky-brown,6,True,False,agreement,False,105,Do you identify as the gender which you were assigned at birth?,identity,0,shared,1.0,True,3,unanimous,same_values,3,unanimous,shared_thoughts,3,unanimous,exploring_nuance,2,majority
panicky-brown,7,True,False,agreement,False,120,Do you identify as the gender which you were assigned at birth?,identity,0,shared,1.0,False,3,unanimous,none,3,unanimous,none,3,unanimous,exploring_nuance,3,unanimous
panicky-brown,8,True,False,agreement,False,135,Do you identify as the gender which you were assigned at birth?,identity,0,shared,1.0,False,3,unanimous,none,3,unanimous,none,3,unanimous,exploring_nuance,3,unanimous
panicky-brown,9,True,False,agreement,False,150,Do you identify as the gender which you were assigned at birth?,identity,0,shared,1.0,False,3,unanimous,none,3,unanimous,none,3,unanimous,perspective_seeking,3,unanimous
panicky-brown,10,True,False,agreement,False,165,Do you identify as the gender which you were assigned at birth?,identity,0,shared,1.0,True,3,unanimous,related_subtopic,3,unanimous,shared_thoughts,3,unanimous,finding_commonality,2,majority
panicky-brown,11,True,False,agreement,False,180,Do you identify as the gender which you were assigned at birth?,identity,0,shared,1.0,True,3,unanimous,related_subtopic,3,unanimous,shared_thoughts,3,unanimous,sharing_experience,3,unanimous
panicky-gray,0,False,False,not_discussed,False,15,Do you identify as the gender which you were assigned at birth?,identity,0,shared,1.0,False,3,unanimous,none,3,unanimous,none,3,unanimous,rapport_building,3,unanimous
panicky-gray,1,False,False,not_discussed,False,30,Do you identify as the gender which you were assigned at birth?,identity,0,shared,1.0,False,3,unanimous,none,3,unanimous,none,3,unanimous,rapport_building,3,unanimous
panicky-gray,2,True,True,agreement,False,45,Do you identify as the gender which you were assigned at birth?,identity,0,shared,1.0,True,3,unanimous,same_values,3,unanimous,shared_thoughts,2,majority,stance_sharing,3,unanimous
panicky-gray,3,True,False,agreement,False,60,Do you identify as the gender which you were assigned at birth?,identity,0,shared,1.0,True,3,unanimous,same_values,3,unanimous,shared_thoughts,3,unanimous,finding_commonality,3,unanimous
panicky-gray,4,True,False,agreement,False,75,Do you identify as the gender which you were assigned at birth?,identity,0,shared,1.0,False,3,unanimous,none,3,unanimous,none,3,unanimous,other,3,unanimous
panicky-gray,5,True,False,agreement,False,90,Do you identify as the gender which you were assigned at birth?,identity,0,shared,1.0,False,3,unanimous,none,3,unanimous,none,3,unanimous,stance_sharing,3,unanimous
panicky-gray,6,True,False,agreement,False,105,Do you identify as the gender which you were assigned at birth?,identity,0,shared,1.0,False,3,unanimous,none,3,unanimous,none,3,unanimous,perspective_seeking,3,unanimous
panicky-gray,7,True,False,agreement,False,120,Do you identify as the gender which you were assigned at birth?,identity,0,shared,1.0,False,3,unanimous,none,3,unanimous,none,3,unanimous,perspective_seeking,3,unanimous
panicky-gray,11,True,False,agreement,False,180,Do you identify as the gender which you were assigned at birth?,identity,0,shared,1.0,False,3,unanimous,none,3,unanimous,none,3,unanimous,sharing_experience,3,unanimous
panicky-gray,12,True,False,agreement,False,195,Do you identify as the gender which you were assigned at birth?,identity,0,shared,1.0,False,3,unanimous,none,3,unanimous,none,3,unanimous,other,3,unanimous
parental-yellow,0,False,False,not_discussed,False,15,Do you enjoy museums?,preferences,0,shared,1.0,False,3,unanimous,none,3,unanimous,none,3,unanimous,rapport_building,3,unanimous
parental-yellow,1,False,False,not_discussed,False,30,Do you enjoy museums?,preferences,0,shared,1.0,False,3,unanimous,none,3,unanimous,none,3,unanimous,rapport_building,3,unanimous
parental-yellow,2,False,False,unclear,False,45,Do you enjoy museums?,preferences,0,shared,1.0,False,3,unanimous,none,3,unanimous,none,3,unanimous,stance_sharing,3,unanimous
parental-yellow,3,True,True,agreement,False,60,Do you enjoy museums?,preferences,0,shared,1.0,True,3,unanimous,same_values,3,unanimous,shared_feelings,3,unanimous,stance_sharing,3,unanimous
parental-yellow,4,True,False,agreement,False,75,Do you enjoy museums?,preferences,0,shared,1.0,False,3,unanimous,none,3,unanimous,none,3,unanimous,perspective_seeking,3,unanimous
parental-yellow,5,True,False,agreement,False,90,Do you enjoy museums?,preferences,0,shared,1.0,False,3,unanimous,none,3,unanimous,none,3,unanimous,sharing_experience,3,unanimous
parental-yellow,6,True,False,agreement,False,105,Do you enjoy museums?,preferences,0,shared,1.0,False,3,unanimous,none,3,unanimous,none,3,unanimous,sharing_experience,3,unanimous
parental-yellow,7,True,False,agreement,False,120,Do you enjoy museums?,preferences,0,shared,1.0,False,3,unanimous,none,3,unanimous,none,3,unanimous,sharing_experience,3,unanimous
parental-yellow,8,True,False,agreement,False,135,Do you enjoy museums?,preferences,0,shared,1.0,False,3,unanimous,none,3,unanimous,none,3,unanimous,sharing_experience,3,unanimous
parental-yellow,9,True,False,agreement,False,150,Do you enjoy museums?,preferences,0,shared,1.0,False,3,unanimous,none,3,unanimous,none,3,unanimous,perspective_seeking,3,unanimous
parental-yellow,10,True,False,agreement,False,165,Do you enjoy museums?,preferences,0,shared,1.0,False,3,unanimous,none,3,unanimous,none,3,unanimous,sharing_experience,3,unanimous
parental-yellow,12,True,False,agreement,False,195,Do you enjoy museums?,preferences,0,shared,1.0,False,3,unanimous,none,3,unanimous,none,3,unanimous,finding_commonality,3,unanimous
partial-emerald,0,False,False,not_discussed,False,15,Do you exercise regularly?,arbitrary,4,opposing,0.5,False,3,unanimous,none,3,unanimous,none,3,unanimous,rapport_building,3,unanimous
partial-emerald,1,False,False,not_discussed,False,30,Do you exercise regularly?,arbitrary,4,opposing,0.5,False,3,unanimous,none,3,unanimous,none,3,unanimous,stance_sharing,3,unanimous
partial-emerald,2,False,False,not_discussed,False,45,Do you exercise regularly?,arbitrary,4,opposing,0.5,False,3,unanimous,none,3,unanimous,none,3,unanimous,perspective_seeking,3,unanimous
partial-emerald,3,False,False,unclear,False,60,Do you exercise regularly?,arbitrary,4,opposing,0.5,False,3,unanimous,none,3,unanimous,none,3,unanimous,stance_sharing,3,unanimous
partial-emerald,6,False,False,unclear,False,105,Do you exercise regularly?,arbitrary,4,opposing,0.5,False,3,unanimous,none,3,unanimous,none,3,unanimous,perspective_seeking,3,unanimous
partial-emerald,7,False,False,unclear,False,120,Do you exercise regularly?,arbitrary,4,opposing,0.5,False,3,unanimous,none,3,unanimous,none,3,unanimous,other,3,unanimous
partial-emerald,8,False,False,not_discussed,False,135,Do you exercise regularly?,arbitrary,4,opposing,0.5,False,3,unanimous,none,3,unanimous,none,3,unanimous,other,2,majority
partial-emerald,9,False,False,unclear,False,150,Do you exercise regularly?,arbitrary,4,opposing,0.5,False,3,unanimous,none,3,unanimous,none,3,unanimous,sharing_experience,3,unanimous
partial-emerald,11,False,False,unclear,False,180,Do you exercise regularly?,arbitrary,4,opposing,0.5,False,3,unanimous,none,2,majority,none,3,unanimous,rapport_building,3,unanimous
petite-salmon,0,False,False,not_discussed,False,15,Do you attend live music concerts?,preferences,4,opposing,0.0,False,3,unanimous,none,3,unanimous,none,3,unanimous,perspective_seeking,3,unanimous
petite-salmon,2,False,False,not_discussed,False,45,Do you attend live music concerts?,preferences,4,opposing,0.0,False,3,unanimous,none,3,unanimous,none,3,unanimous,stance_sharing,3,unanimous
petite-salmon,3,False,False,unclear,False,60,Do you attend live music concerts?,preferences,4,opposing,0.0,False,3,unanimous,none,3,unanimous,none,3,unanimous,perspective_seeking,3,unanimous
petite-salmon,5,True,True,disagreement,True,90,Do you attend live music concerts?,preferences,4,opposing,0.0,False,3,unanimous,none,3,unanimous,none,3,unanimous,stance_sharing,2,majority
petite-salmon,8,True,False,disagreement,False,135,Do you attend live music concerts?,preferences,4,opposing,0.0,False,3,unanimous,none,3,unanimous,none,3,unanimous,sharing_experience,3,unanimous
petite-salmon,9,True,False,disagreement,False,150,Do you attend live music concerts?,preferences,4,opposing,0.0,False,3,unanimous,rapport_only,2,majority,none,3,unanimous,sharing_experience,3,unanimous
petite-salmon,10,True,False,disagreement,False,165,Do you attend live music concerts?,preferences,4,opposing,0.0,True,3,unanimous,related_subtopic,3,unanimous,shared_feelings,2,majority,finding_commonality,3,unanimous
petite-salmon,11,True,False,disagreement,False,180,Do you attend live music concerts?,preferences,4,opposing,0.0,False,3,unanimous,rapport_only,2,majority,none,3,unanimous,rapport_building,2,majority
philosophical-apricot,3,False,False,not_discussed,False,60,Can stealing ever be justified?,morality,0,shared,1.0,False,3,unanimous,none,3,unanimous,none,3,unanimous,stance_sharing,3,unanimous
philosophical-apricot,7,True,True,agreement,False,120,Can stealing ever be justified?,morality,0,shared,1.0,True,3,unanimous,same_values,3,unanimous,shared_beliefs,3,unanimous,stance_sharing,3,unanimous
philosophical-apricot,10,True,False,agreement,False,165,Can stealing ever be justified?,morality,0,shared,1.0,True,3,unanimous,same_values,3,unanimous,shared_beliefs,3,unanimous,finding_commonality,2,majority
philosophical-apricot,11,True,False,agreement,False,180,Can stealing ever be justified?,morality,0,shared,1.0,True,3,unanimous,same_values,3,unanimous,shared_beliefs,3,unanimous,finding_commonality,3,unanimous
philosophical-apricot,12,True,False,agreement,False,195,Can stealing ever be justified?,morality,0,shared,1.0,True,3,unanimous,same_values,3,unanimous,shared_beliefs,3,unanimous,finding_commonality,3,unanimous
political-brown,0,False,False,not_discussed,False,15,Have you stayed in the same place for your entire life?,background,0,shared,1.0,False,3,unanimous,none,3,unanimous,none,3,unanimous,rapport_building,3,unanimous
political-brown,1,False,False,not_discussed,False,30,Have you stayed in the same place for your entire life?,background,0,shared,1.0,False,3,unanimous,none,3,unanimous,none,3,unanimous,stance_sharing,2,majority
political-brown,2,True,True,agreement,False,45,Have you stayed in the same place for your entire life?,background,0,shared,1.0,False,3,unanimous,none,3,unanimous,none,3,unanimous,stance_sharing,3,unanimous
political-brown,3,True,False,agreement,False,60,Have you stayed in the same place for your entire life?,background,0,shared,1.0,False,3,unanimous,none,3,unanimous,none,3,unanimous,finding_commonality,2,majority
political-brown,4,True,False,agreement,False,75,Have you stayed in the same place for your entire life?,background,0,shared,1.0,True,3,unanimous,related_subtopic,3,unanimous,shared_thoughts,2,majority,finding_commonality,3,unanimous
political-brown,5,True,False,agreement,False,90,Have you stayed in the same place for your entire life?,background,0,shared,1.0,True,3,unanimous,related_subtopic,3,unanimous,shared_feelings,3,unanimous,sharing_experience,3,unanimous
political-brown,6,True,False,agreement,False,105,Have you stayed in the same place for your entire life?,background,0,shared,1.0,False,3,unanimous,rapport_only,3,unanimous,none,3,unanimous,sharing_experience,3,unanimous
political-brown,7,True,False,agreement,False,120,Have you stayed in the same place for your entire life?,background,0,shared,1.0,True,3,unanimous,related_subtopic,3,unanimous,shared_thoughts,3,unanimous,finding_commonality,3,unanimous
political-brown,8,True,False,agreement,False,135,Have you stayed in the same place for your entire life?,background,0,shared,1.0,False,3,unanimous,none,3,unanimous,none,3,unanimous,sharing_experience,3,unanimous
political-brown,9,True,False,agreement,False,150,Have you stayed in the same place for your entire life?,background,0,shared,1.0,False,3,unanimous,none,3,unanimous,none,3,unanimous,perspective_seeking,3,unanimous
political-brown,10,True,False,agreement,False,165,Have you stayed in the same place for your entire life?,background,0,shared,1.0,False,3,unanimous,rapport_only,3,unanimous,none,3,unanimous,sharing_experience,3,unanimous
political-brown,11,True,False,agreement,False,180,Have you stayed in the same place for your entire life?,background,0,shared,1.0,True,3,unanimous,related_subtopic,3,unanimous,shared_thoughts,2,majority,rapport_building,3,unanimous
powerful-orange,0,False,False,not_discussed,False,15,Are you a spiritual person?,religion,4,opposing,0.0,False,3,unanimous,none,3,unanimous,none,3,unanimous,stance_sharing,3,unanimous
powerful-orange,1,True,True,disagreement,True,30,Are you a spiritual person?,religion,4,opposing,0.0,True,3,unanimous,same_values,3,unanimous,shared_thoughts,3,unanimous,stance_sharing,3,unanimous
powerful-orange,2,True,False,disagreement,False,45,Are you a spiritual person?,religion,4,opposing,0.0,False,3,unanimous,none,3,unanimous,none,3,unanimous,perspective_seeking,3,unanimous
powerful-orange,3,True,False,disagreement,False,60,Are you a spiritual person?,religion,4,opposing,0.0,False,3,unanimous,none,3,unanimous,none,3,unanimous,perspective_seeking,3,unanimous
powerful-orange,4,True,False,disagreement,False,75,Are you a spiritual person?,religion,4,opposing,0.0,False,3,unanimous,none,3,unanimous,none,3,unanimous,finding_commonality,1,no_consensus
powerful-orange,6,True,False,disagreement,False,105,Are you a spiritual person?,religion,4,opposing,0.0,False,3,unanimous,none,3,unanimous,none,3,unanimous,sharing_experience,3,unanimous
powerful-orange,8,True,False,disagreement,False,135,Are you a spiritual person?,religion,4,opposing,0.0,False,3,unanimous,none,3,unanimous,none,3,unanimous,exploring_nuance,1,no_consensus
powerful-orange,9,True,False,disagreement,False,150,Are you a spiritual person?,religion,4,opposing,0.0,False,3,unanimous,none,3,unanimous,none,3,unanimous,exploring_nuance,1,no_consensus
powerful-orange,11,True,False,disagreement,False,180,Are you a spiritual person?,religion,4,opposing,0.0,False,3,unanimous,rapport_only,3,unanimous,none,3,unanimous,rapport_building,2,majority
powerful-orange,12,True,False,disagreement,False,195,Are you a spiritual person?,religion,4,opposing,0.0,True,3,unanimous,related_subtopic,3,unanimous,shared_beliefs,2,majority,finding_commonality,3,unanimous
practical-green,0,False,False,not_discussed,False,15,Have you stayed in the same place for your entire life?,background,0,shared,1.0,False,3,unanimous,none,3,unanimous,none,3,unanimous,rapport_building,3,unanimous
practical-green,2,False,False,not_discussed,False,45,Have you stayed in the same place for your entire life?,background,0,shared,1.0,False,3,unanimous,none,3,unanimous,none,3,unanimous,stance_sharing,3,unanimous
practical-green,3,False,False,not_discussed,False,60,Have you stayed in the same place for your entire life?,background,0,shared,1.0,False,3,unanimous,none,3,unanimous,none,3,unanimous,perspective_seeking,3,unanimous
practical-green,5,True,True,agreement,False,90,Have you stayed in the same place for your entire life?,background,0,shared,1.0,False,3,unanimous,none,3,unanimous,none,3,unanimous,stance_sharing,3,unanimous
practical-green,7,True,False,agreement,False,120,Have you stayed in the same place for your entire life?,background,0,shared,1.0,False,3,unanimous,none,3,unanimous,none,3,unanimous,perspective_seeking,3,unanimous
practical-green,9,True,False,agreement,False,150,Have you stayed in the same place for your entire life?,background,0,shared,1.0,False,3,unanimous,none,3,unanimous,none,3,unanimous,sharing_experience,3,unanimous
practical-green,11,True,False,agreement,False,180,Have you stayed in the same place for your entire life?,background,0,shared,1.0,True,3,unanimous,related_subtopic,3,unanimous,shared_thoughts,3,unanimous,rapport_building,2,majority
preliminary-red,1,False,False,not_discussed,False,30,Did you or your family immigrate to a new country?,background,4,opposing,0.5,False,3,unanimous,none,3,unanimous,none,3,unanimous,rapport_building,3,unanimous
preliminary-red,2,False,False,not_discussed,False,45,Did you or your family immigrate to a new country?,background,4,opposing,0.5,False,3,unanimous,none,3,unanimous,none,3,unanimous,perspective_seeking,3,unanimous
preliminary-red,4,False,False,not_discussed,False,75,Did you or your family immigrate to a new country?,background,4,opposing,0.5,False,3,unanimous,none,3,unanimous,none,3,unanimous,stance_sharing,3,unanimous
preliminary-red,6,True,True,disagreement,True,105,Did you or your family immigrate to a new country?,background,4,opposing,0.5,False,3,unanimous,none,3,unanimous,none,3,unanimous,stance_sharing,3,unanimous
preliminary-red,9,True,False,disagreement,True,150,Did you or your family immigrate to a new country?,background,4,opposing,0.5,False,3,unanimous,none,3,unanimous,none,3,unanimous,exploring_nuance,2,majority
preliminary-red,11,True,False,disagreement,False,180,Did you or your family immigrate to a new country?,background,4,opposing,0.5,True,2,majority,none,1,no_consensus,shared_thoughts,2,majority,exploring_nuance,3,unanimous
prime-plum,0,False,False,not_discussed,False,15,Do you believe in an afterlife?,religion,4,opposing,0.5,False,3,unanimous,none,3,unanimous,none,3,unanimous,stance_sharing,3,unanimous
prime-plum,2,True,True,disagreement,True,45,Do you believe in an afterlife?,religion,4,opposing,0.5,False,3,unanimous,none,3,unanimous,none,3,unanimous,stance_sharing,3,unanimous
prime-plum,4,True,False,disagreement,True,75,Do you believe in an afterlife?,religion,4,opposing,0.5,False,3,unanimous,none,3,unanimous,none,3,unanimous,perspective_seeking,3,unanimous
prime-plum,6,True,False,disagreement,True,105,Do you believe in an afterlife?,religion,4,opposing,0.5,False,3,unanimous,none,3,unanimous,none,3,unanimous,sharing_experience,3,unanimous
prime-plum,8,True,False,disagreement,False,135,Do you believe in an afterlife?,religion,4,opposing,0.5,False,3,unanimous,none,3,unanimous,none,3,unanimous,perspective_seeking,3,unanimous
prime-plum,10,True,False,disagreement,True,165,Do you believe in an afterlife?,religion,4,opposing,0.5,False,3,unanimous,none,3,unanimous,none,3,unanimous,stance_sharing,3,unanimous
principal-gray,0,False,False,not_discussed,False,15,Do you identify as the gender which you were assigned at birth?,identity,0,shared,0.5,False,3,unanimous,none,3,unanimous,none,3,unanimous,rapport_building,3,unanimous
principal-gray,2,False,False,not_discussed,False,45,Do you identify as the gender which you were assigned at birth?,identity,0,shared,0.5,False,3,unanimous,none,3,unanimous,none,3,unanimous,stance_sharing,3,unanimous
principal-gray,3,True,True,agreement,False,60,Do you identify as the gender which you were assigned at birth?,identity,0,shared,0.5,True,3,unanimous,same_values,3,unanimous,shared_thoughts,2,majority,stance_sharing,3,unanimous
principal-gray,5,True,False,agreement,False,90,Do you identify as the gender which you were assigned at birth?,identity,0,shared,0.5,False,3,unanimous,none,3,unanimous,none,3,unanimous,perspective_seeking,3,unanimous
principal-gray,8,True,False,agreement,False,135,Do you identify as the gender which you were assigned at birth?,identity,0,shared,0.5,False,3,unanimous,none,3,unanimous,none,3,unanimous,stance_sharing,2,majority
principal-gray,10,True,False,agreement,False,165,Do you identify as the gender which you were assigned at birth?,identity,0,shared,0.5,False,3,unanimous,none,3,unanimous,none,3,unanimous,perspective_seeking,3,unanimous
principal-gray,12,True,False,agreement,False,195,Do you identify as the gender which you were assigned at birth?,identity,0,shared,0.5,True,3,unanimous,related_subtopic,3,unanimous,shared_thoughts,3,unanimous,finding_commonality,2,majority
prior-scarlet,3,False,False,unclear,False,60,Do you believe in an afterlife?,religion,0,shared,0.5,False,3,unanimous,none,3,unanimous,none,3,unanimous,stance_sharing,3,unanimous
prior-scarlet,4,False,False,not_discussed,False,75,Do you believe in an afterlife?,religion,0,shared,0.5,False,3,unanimous,none,3,unanimous,none,3,unanimous,perspective_seeking,3,unanimous
prior-scarlet,8,True,True,disagreement,True,135,Do you believe in an afterlife?,religion,0,shared,0.5,False,2,majority,none,2,majority,none,2,majority,stance_sharing,3,unanimous
prior-scarlet,11,True,False,disagreement,False,180,Do you believe in an afterlife?,religion,0,shared,0.5,False,3,unanimous,none,3,unanimous,none,3,unanimous,exploring_nuance,3,unanimous
prior-scarlet,12,True,False,disagreement,False,195,Do you believe in an afterlife?,religion,0,shared,0.5,True,3,unanimous,related_subtopic,3,unanimous,shared_thoughts,3,unanimous,finding_commonality,3,unanimous
private-aquamarine,1,False,False,unclear,False,30,Can stealing ever be justified?,morality,0,shared,1.0,False,3,unanimous,none,3,unanimous,none,3,unanimous,stance_sharing,3,unanimous
private-aquamarine,2,True,True,agreement,False,45,Can stealing ever be justified?,morality,0,shared,1.0,True,3,unanimous,same_values,3,unanimous,shared_beliefs,3,unanimous,stance_sharing,3,unanimous
private-aquamarine,4,True,False,agreement,False,75,Can stealing ever be justified?,morality,0,shared,1.0,False,3,unanimous,none,3,unanimous,none,3,unanimous,stance_sharing,3,unanimous
private-aquamarine,5,True,False,agreement,False,90,Can stealing ever be justified?,morality,0,shared,1.0,True,3,unanimous,same_values,3,unanimous,shared_thoughts,3,unanimous,exploring_nuance,1,no_consensus
professional-amaranth,0,False,False,not_discussed,False,15,Do you go out on weekdays?,arbitrary,0,shared,1.0,False,3,unanimous,none,3,unanimous,none,3,unanimous,rapport_building,3,unanimous
professional-amaranth,1,False,False,not_discussed,False,30,Do you go out on weekdays?,arbitrary,0,shared,1.0,False,3,unanimous,none,3,unanimous,none,3,unanimous,stance_sharing,3,unanimous
professional-amaranth,2,True,True,agreement,False,45,Do you go out on weekdays?,arbitrary,0,shared,1.0,True,3,unanimous,same_values,3,unanimous,shared_thoughts,3,unanimous,stance_sharing,3,unanimous
professional-amaranth,3,True,False,agreement,False,60,Do you go out on weekdays?,arbitrary,0,shared,1.0,True,3,unanimous,same_values,3,unanimous,shared_thoughts,3,unanimous,finding_commonality,3,unanimous
professional-amaranth,5,True,False,agreement,False,90,Do you go out on weekdays?,arbitrary,0,shared,1.0,True,3,unanimous,same_values,3,unanimous,shared_thoughts,3,unanimous,sharing_experience,3,unanimous
professional-amaranth,7,True,False,agreement,False,120,Do you go out on weekdays?,arbitrary,0,shared,1.0,True,3,unanimous,same_values,3,unanimous,shared_thoughts,2,majority,finding_commonality,2,majority
professional-amaranth,11,True,False,agreement,False,180,Do you go out on weekdays?,arbitrary,0,shared,1.0,True,3,unanimous,same_values,3,unanimous,shared_feelings,3,unanimous,sharing_experience,3,unanimous
professional-beige,2,True,True,agreement,True,45,Do you enjoy spending time with your family?,background,1,shared,0.0,False,3,unanimous,none,3,unanimous,none,3,unanimous,stance_sharing,3,unanimous
professional-beige,3,True,False,disagreement,True,60,Do you enjoy spending time with your family?,background,1,shared,0.0,False,3,unanimous,none,3,unanimous,none,3,unanimous,stance_sharing,2,majority
professional-beige,4,True,False,disagreement,False,75,Do you enjoy spending time with your family?,background,1,shared,0.0,False,3,unanimous,none,3,unanimous,none,3,unanimous,perspective_seeking,3,unanimous
professional-beige,5,True,False,disagreement,False,90,Do you enjoy spending time with your family?,background,1,shared,0.0,True,3,unanimous,same_values,3,unanimous,shared_feelings,3,unanimous,finding_commonality,3,unanimous
professional-beige,6,True,False,agreement,False,105,Do you enjoy spending time with your family?,background,1,shared,0.0,True,3,unanimous,same_values,2,majority,shared_feelings,3,unanimous,finding_commonality,3,unanimous
professional-beige,8,True,False,agreement,False,135,Do you enjoy spending time with your family?,background,1,shared,0.0,False,3,unanimous,none,3,unanimous,none,3,unanimous,sharing_experience,3,unanimous
professional-beige,10,True,False,disagreement,False,165,Do you enjoy spending time with your family?,background,1,shared,0.0,False,3,unanimous,rapport_only,3,unanimous,none,3,unanimous,rapport_building,3,unanimous
professional-beige,11,True,False,agreement,False,180,Do you enjoy spending time with your family?,background,1,shared,0.0,False,3,unanimous,rapport_only,3,unanimous,none,3,unanimous,rapport_building,3,unanimous
profound-chocolate,0,False,False,not_discussed,False,15,Do you create art?,preferences,0,shared,1.0,False,3,unanimous,none,3,unanimous,none,3,unanimous,rapport_building,3,unanimous
profound-chocolate,1,False,False,not_discussed,False,30,Do you create art?,preferences,0,shared,1.0,False,3,unanimous,none,3,unanimous,none,3,unanimous,rapport_building,3,unanimous
profound-chocolate,2,False,False,not_discussed,False,45,Do you create art?,preferences,0,shared,1.0,False,3,unanimous,none,3,unanimous,none,3,unanimous,perspective_seeking,3,unanimous
profound-chocolate,4,True,True,agreement,False,75,Do you create art?,preferences,0,shared,1.0,True,3,unanimous,same_values,3,unanimous,shared_thoughts,3,unanimous,stance_sharing,3,unanimous
profound-chocolate,6,True,False,agreement,False,105,Do you create art?,preferences,0,shared,1.0,True,3,unanimous,same_values,3,unanimous,shared_thoughts,3,unanimous,stance_sharing,3,unanimous
profound-chocolate,7,True,False,agreement,False,120,Do you create art?,preferences,0,shared,1.0,False,3,unanimous,none,3,unanimous,none,3,unanimous,perspective_seeking,3,unanimous
profound-chocolate,11,True,False,agreement,False,180,Do you create art?,preferences,0,shared,1.0,False,3,unanimous,rapport_only,3,unanimous,none,3,unanimous,rapport_building,3,unanimous
progressive-green,1,False,False,not_discussed,False,30,Do you enjoy spending time with your family?,background,0,shared,1.0,False,3,unanimous,none,3,unanimous,none,3,unanimous,perspective_seeking,3,unanimous
progressive-green,2,False,False,not_discussed,False,45,Do you enjoy spending time with your family?,background,0,shared,1.0,False,3,unanimous,none,3,unanimous,none,3,unanimous,stance_sharing,3,unanimous
progressive-green,4,True,True,agreement,False,75,Do you enjoy spending time with your family?,background,0,shared,1.0,True,3,unanimous,same_values,3,unanimous,shared_feelings,3,unanimous,stance_sharing,3,unanimous
progressive-green,5,True,False,agreement,False,90,Do you enjoy spending time with your family?,background,0,shared,1.0,False,3,unanimous,none,3,unanimous,none,3,unanimous,perspective_seeking,3,unanimous
progressive-green,9,True,False,agreement,False,150,Do you enjoy spending time with your family?,background,0,shared,1.0,False,3,unanimous,none,3,unanimous,none,3,unanimous,other,3,unanimous
progressive-green,10,True,False,agreement,False,165,Do you enjoy spending time with your family?,background,0,shared,1.0,False,3,unanimous,none,3,unanimous,none,3,unanimous,sharing_experience,2,majority
progressive-green,11,True,False,agreement,False,180,Do you enjoy spending time with your family?,background,0,shared,1.0,False,3,unanimous,rapport_only,3,unanimous,none,3,unanimous,rapport_building,3,unanimous
protestant-brown,0,False,False,not_discussed,False,15,Do you regularly attend religious services?,religion,1,shared,1.0,False,3,unanimous,none,3,unanimous,none,3,unanimous,rapport_building,3,unanimous
protestant-brown,1,False,False,not_discussed,False,30,Do you regularly attend religious services?,religion,1,shared,1.0,False,3,unanimous,none,3,unanimous,none,3,unanimous,rapport_building,3,unanimous
protestant-brown,2,False,False,not_discussed,False,45,Do you regularly attend religious services?,religion,1,shared,1.0,False,3,unanimous,none,3,unanimous,none,3,unanimous,perspective_seeking,3,unanimous
protestant-brown,3,False,False,not_discussed,False,60,Do you regularly attend religious services?,religion,1,shared,1.0,False,3,unanimous,none,3,unanimous,none,3,unanimous,stance_sharing,3,unanimous
protestant-brown,4,True,True,agreement,False,75,Do you regularly attend religious services?,religion,1,shared,1.0,True,3,unanimous,same_values,3,unanimous,shared_beliefs,2,majority,perspective_seeking,3,unanimous
protestant-brown,6,True,False,agreement,False,105,Do you regularly attend religious services?,religion,1,shared,1.0,True,3,unanimous,related_subtopic,2,majority,shared_thoughts,3,unanimous,sharing_experience,3,unanimous
protestant-brown,7,True,False,agreement,False,120,Do you regularly attend religious services?,religion,1,shared,1.0,False,3,unanimous,none,3,unanimous,none,3,unanimous,stance_sharing,3,unanimous
protestant-brown,9,True,False,agreement,False,150,Do you regularly attend religious services?,religion,1,shared,1.0,True,3,unanimous,related_subtopic,3,unanimous,shared_beliefs,3,unanimous,exploring_nuance,3,unanimous
protestant-brown,10,True,False,agreement,False,165,Do you regularly attend religious services?,religion,1,shared,1.0,True,3,unanimous,related_subtopic,3,unanimous,shared_beliefs,3,unanimous,finding_commonality,3,unanimous
protestant-brown,11,True,False,agreement,False,180,Do you regularly attend religious services?,religion,1,shared,1.0,False,3,unanimous,rapport_only,3,unanimous,none,3,unanimous,rapport_building,3,unanimous
protestant-brown,12,True,False,agreement,False,195,Do you regularly attend religious services?,religion,1,shared,1.0,False,3,unanimous,rapport_only,3,unanimous,none,3,unanimous,rapport_building,3,unanimous
protestant-crimson,0,False,False,not_discussed,False,15,Do you go out on weekdays?,arbitrary,0,shared,1.0,False,3,unanimous,none,3,unanimous,none,3,unanimous,rapport_building,3,unanimous
protestant-crimson,1,False,False,not_discussed,False,30,Do you go out on weekdays?,arbitrary,0,shared,1.0,False,3,unanimous,none,2,majority,none,3,unanimous,rapport_building,3,unanimous
protestant-crimson,2,False,False,unclear,False,45,Do you go out on weekdays?,arbitrary,0,shared,1.0,False,3,unanimous,none,3,unanimous,none,3,unanimous,stance_sharing,3,unanimous
protestant-crimson,3,True,True,agreement,False,60,Do you go out on weekdays?,arbitrary,0,shared,1.0,True,3,unanimous,same_values,3,unanimous,shared_thoughts,3,unanimous,stance_sharing,3,unanimous
protestant-crimson,5,True,False,agreement,False,90,Do you go out on weekdays?,arbitrary,0,shared,1.0,False,3,unanimous,none,3,unanimous,none,3,unanimous,exploring_nuance,2,majority
protestant-crimson,7,True,False,agreement,False,120,Do you go out on weekdays?,arbitrary,0,shared,1.0,False,3,unanimous,none,3,unanimous,none,3,unanimous,perspective_seeking,3,unanimous
protestant-crimson,9,True,False,agreement,False,150,Do you go out on weekdays?,arbitrary,0,shared,1.0,False,3,unanimous,none,3,unanimous,none,3,unanimous,perspective_seeking,3,unanimous
proud-indigo,2,False,False,not_discussed,False,45,Do you identify as the gender which you were assigned at birth?,identity,0,shared,1.0,False,3,unanimous,none,3,unanimous,none,3,unanimous,stance_sharing,3,unanimous
proud-indigo,3,False,False,not_discussed,False,60,Do you identify as the gender which you were assigned at birth?,identity,0,shared,1.0,False,3,unanimous,none,3,unanimous,none,3,unanimous,rapport_building,3,unanimous
proud-indigo,4,True,True,agreement,False,75,Do you identify as the gender which you were assigned at birth?,identity,0,shared,1.0,True,3,unanimous,same_values,3,unanimous,shared_thoughts,2,majority,stance_sharing,3,unanimous
proud-indigo,5,True,False,agreement,False,90,Do you identify as the gender which you were assigned at birth?,identity,0,shared,1.0,False,3,unanimous,rapport_only,3,unanimous,none,3,unanimous,rapport_building,3,unanimous
proud-indigo,7,True,False,agreement,False,120,Do you identify as the gender which you were assigned at birth?,identity,0,shared,1.0,True,2,majority,different_topic,2,majority,shared_feelings,2,majority,rapport_building,3,unanimous
proud-indigo,9,True,False,agreement,False,150,Do you identify as the gender which you were assigned at birth?,identity,0,shared,1.0,False,3,unanimous,rapport_only,3,unanimous,none,3,unanimous,rapport_building,3,unanimous
proud-indigo,11,True,False,agreement,False,180,Do you identify as the gender which you were assigned at birth?,identity,0,shared,1.0,False,3,unanimous,rapport_only,3,unanimous,none,3,unanimous,rapport_building,3,unanimous
psychological-beige,0,False,False,not_discussed,False,15,Do you regularly attend religious services?,religion,0,shared,0.5,False,3,unanimous,none,3,unanimous,none,3,unanimous,rapport_building,3,unanimous
psychological-beige,1,False,False,unclear,False,30,Do you regularly attend religious services?,religion,0,shared,0.5,False,3,unanimous,none,3,unanimous,none,3,unanimous,stance_sharing,3,unanimous
psychological-beige,2,True,True,agreement,False,45,Do you regularly attend religious services?,religion,0,shared,0.5,True,3,unanimous,same_values,3,unanimous,shared_thoughts,3,unanimous,stance_sharing,3,unanimous
psychological-beige,3,True,False,agreement,False,60,Do you regularly attend religious services?,religion,0,shared,0.5,False,3,unanimous,none,3,unanimous,none,3,unanimous,sharing_experience,3,unanimous
psychological-beige,4,True,False,agreement,False,75,Do you regularly attend religious services?,religion,0,shared,0.5,False,3,unanimous,none,3,unanimous,none,3,unanimous,sharing_experience,3,unanimous
psychological-beige,6,True,False,agreement,False,105,Do you regularly attend religious services?,religion,0,shared,0.5,False,3,unanimous,rapport_only,3,unanimous,none,3,unanimous,sharing_experience,2,majority
psychological-beige,7,True,False,agreement,False,120,Do you regularly attend religious services?,religion,0,shared,0.5,False,3,unanimous,rapport_only,3,unanimous,none,3,unanimous,rapport_building,3,unanimous
psychological-beige,8,True,False,agreement,False,135,Do you regularly attend religious services?,religion,0,shared,0.5,False,3,unanimous,none,3,unanimous,none,3,unanimous,sharing_experience,3,unanimous
psychological-beige,9,True,False,agreement,False,150,Do you regularly attend religious services?,religion,0,shared,0.5,False,3,unanimous,none,3,unanimous,none,3,unanimous,other,3,unanimous
psychological-beige,10,True,False,agreement,False,165,Do you regularly attend religious services?,religion,0,shared,0.5,True,3,unanimous,different_topic,3,unanimous,shared_beliefs,3,unanimous,rapport_building,3,unanimous
psychological-beige,11,True,False,agreement,False,180,Do you regularly attend religious services?,religion,0,shared,0.5,False,3,unanimous,none,3,unanimous,none,3,unanimous,persuading,2,majority
psychological-ivory,0,False,False,not_discussed,False,15,Have you stayed in the same place for your entire life?,background,4,opposing,0.0,False,3,unanimous,none,3,unanimous,none,3,unanimous,rapport_building,3,unanimous
psychological-ivory,1,False,False,not_discussed,False,30,Have you stayed in the same place for your entire life?,background,4,opposing,0.0,False,3,unanimous,none,3,unanimous,none,3,unanimous,rapport_building,3,unanimous
psychological-ivory,2,False,False,not_discussed,False,45,Have you stayed in the same place for your entire life?,background,4,opposing,0.0,False,3,unanimous,none,3,unanimous,none,3,unanimous,other,3,unanimous
psychological-ivory,3,False,False,not_discussed,False,60,Have you stayed in the same place for your entire life?,background,4,opposing,0.0,False,3,unanimous,none,3,unanimous,none,3,unanimous,perspective_seeking,3,unanimous
psychological-ivory,4,False,False,not_discussed,False,75,Have you stayed in the same place for your entire life?,background,4,opposing,0.0,False,3,unanimous,none,3,unanimous,none,3,unanimous,stance_sharing,3,unanimous
psychological-ivory,5,True,True,disagreement,True,90,Have you stayed in the same place for your entire life?,background,4,opposing,0.0,False,3,unanimous,none,3,unanimous,none,3,unanimous,stance_sharing,3,unanimous
psychological-ivory,6,True,False,disagreement,False,105,Have you stayed in the same place for your entire life?,background,4,opposing,0.0,False,3,unanimous,rapport_only,3,unanimous,none,3,unanimous,rapport_building,3,unanimous
psychological-ivory,7,True,False,disagreement,False,120,Have you stayed in the same place for your entire life?,background,4,opposing,0.0,False,3,unanimous,rapport_only,3,unanimous,none,3,unanimous,rapport_building,3,unanimous
psychological-ivory,8,True,False,disagreement,False,135,Have you stayed in the same place for your entire life?,background,4,opposing,0.0,True,2,majority,different_topic,2,majority,none,1,no_consensus,rapport_building,3,unanimous
psychological-ivory,9,True,False,disagreement,False,150,Have you stayed in the same place for your entire life?,background,4,opposing,0.0,True,3,unanimous,different_topic,3,unanimous,shared_thoughts,3,unanimous,rapport_building,3,unanimous
psychological-ivory,10,True,False,disagreement,False,165,Have you stayed in the same place for your entire life?,background,4,opposing,0.0,True,3,unanimous,different_topic,3,unanimous,shared_thoughts,3,unanimous,rapport_building,3,unanimous
psychological-ivory,11,True,False,disagreement,False,180,Have you stayed in the same place for your entire life?,background,4,opposing,0.0,False,3,unanimous,rapport_only,3,unanimous,none,3,unanimous,rapport_building,3,unanimous
puzzled-purple,1,False,False,not_discussed,False,30,Can a machine be moral?,morality,2,opposing,0.0,False,3,unanimous,none,3,unanimous,none,3,unanimous,stance_sharing,3,unanimous
puzzled-purple,4,True,True,disagreement,True,75,Can a machine be moral?,morality,2,opposing,0.0,False,3,unanimous,none,3,unanimous,none,3,unanimous,stance_sharing,3,unanimous
puzzled-purple,5,True,False,unclear,False,90,Can a machine be moral?,morality,2,opposing,0.0,False,3,unanimous,none,3,unanimous,none,3,unanimous,exploring_nuance,3,unanimous
puzzled-purple,7,True,False,disagreement,True,120,Can a machine be moral?,morality,2,opposing,0.0,False,3,unanimous,none,3,unanimous,none,3,unanimous,perspective_seeking,3,unanimous
puzzled-purple,9,True,False,disagreement,True,150,Can a machine be moral?,morality,2,opposing,0.0,False,3,unanimous,none,3,unanimous,none,3,unanimous,exploring_nuance,2,majority
puzzled-purple,11,True,False,disagreement,False,180,Can a machine be moral?,morality,2,opposing,0.0,False,3,unanimous,none,3,unanimous,none,3,unanimous,exploring_nuance,3,unanimous
quickest-tan,1,False,False,not_discussed,False,30,Are you affiliated with any organized religion?,religion,3,opposing,0.0,False,3,unanimous,none,3,unanimous,none,3,unanimous,perspective_seeking,3,unanimous
quickest-tan,2,False,False,unclear,False,45,Are you affiliated with any organized religion?,religion,3,opposing,0.0,False,3,unanimous,none,3,unanimous,none,3,unanimous,stance_sharing,3,unanimous
quickest-tan,3,True,True,disagreement,True,60,Are you affiliated with any organized religion?,religion,3,opposing,0.0,False,3,unanimous,none,3,unanimous,none,3,unanimous,stance_sharing,3,unanimous
quickest-tan,4,True,False,disagreement,False,75,Are you affiliated with any organized religion?,religion,3,opposing,0.0,False,3,unanimous,none,3,unanimous,none,3,unanimous,stance_sharing,3,unanimous
quickest-tan,5,True,False,disagreement,False,90,Are you affiliated with any organized religion?,religion,3,opposing,0.0,False,3,unanimous,none,3,unanimous,none,3,unanimous,perspective_seeking,3,unanimous
quickest-tan,6,True,False,disagreement,False,105,Are you affiliated with any organized religion?,religion,3,opposing,0.0,False,3,unanimous,none,3,unanimous,none,3,unanimous,perspective_seeking,3,unanimous
quickest-tan,7,True,False,disagreement,False,120,Are you affiliated with any organized religion?,religion,3,opposing,0.0,False,3,unanimous,none,3,unanimous,none,3,unanimous,perspective_seeking,3,unanimous
quickest-tan,8,True,False,disagreement,False,135,Are you affiliated with any organized religion?,religion,3,opposing,0.0,False,3,unanimous,none,3,unanimous,none,3,unanimous,perspective_seeking,3,unanimous
quickest-tan,10,True,False,disagreement,False,165,Are you affiliated with any organized religion?,religion,3,opposing,0.0,False,3,unanimous,none,3,unanimous,none,3,unanimous,perspective_seeking,3,unanimous
quickest-tan,11,True,False,disagreement,False,180,Are you affiliated with any organized religion?,religion,3,opposing,0.0,False,3,unanimous,none,3,unanimous,none,3,unanimous,perspective_seeking,3,unanimous
quiet-harlequin,0,False,False,not_discussed,False,15,Is lying acceptable?,morality,0,shared,1.0,False,3,unanimous,none,3,unanimous,none,3,unanimous,rapport_building,3,unanimous
quiet-harlequin,1,False,False,not_discussed,False,30,Is lying acceptable?,morality,0,shared,1.0,False,3,unanimous,none,3,unanimous,none,3,unanimous,rapport_building,3,unanimous
quiet-harlequin,2,False,False,not_discussed,False,45,Is lying acceptable?,morality,0,shared,1.0,False,3,unanimous,none,3,unanimous,none,3,unanimous,stance_sharing,3,unanimous
quiet-harlequin,3,False,False,not_discussed,False,60,Is lying acceptable?,morality,0,shared,1.0,False,3,unanimous,none,3,unanimous,none,3,unanimous,rapport_building,3,unanimous
quiet-harlequin,4,False,False,unclear,False,75,Is lying acceptable?,morality,0,shared,1.0,False,2,majority,none,2,majority,none,2,majority,rapport_building,2,majority
quiet-harlequin,5,True,True,agreement,False,90,Is lying acceptable?,morality,0,shared,1.0,True,3,unanimous,same_values,3,unanimous,shared_beliefs,3,unanimous,stance_sharing,3,unanimous
quiet-harlequin,7,True,False,agreement,False,120,Is lying acceptable?,morality,0,shared,1.0,True,3,unanimous,same_values,3,unanimous,shared_beliefs,3,unanimous,finding_commonality,3,unanimous
quiet-harlequin,9,True,False,agreement,False,150,Is lying acceptable?,morality,0,shared,1.0,True,3,unanimous,same_values,3,unanimous,shared_thoughts,3,unanimous,exploring_nuance,3,unanimous
quiet-harlequin,10,True,False,agreement,False,165,Is lying acceptable?,morality,0,shared,1.0,True,3,unanimous,same_values,3,unanimous,shared_thoughts,3,unanimous,finding_commonality,3,unanimous
quiet-harlequin,11,True,False,agreement,False,180,Is lying acceptable?,morality,0,shared,1.0,False,3,unanimous,none,3,unanimous,none,3,unanimous,exploring_nuance,3,unanimous
quintessential-blush,1,False,False,unclear,False,30,Do you live in a city?,background,4,opposing,0.5,False,3,unanimous,none,3,unanimous,none,3,unanimous,stance_sharing,3,unanimous
quintessential-blush,2,True,True,disagreement,False,45,Do you live in a city?,background,4,opposing,0.5,False,3,unanimous,none,3,unanimous,none,3,unanimous,stance_sharing,3,unanimous
quintessential-blush,3,True,False,unclear,False,60,Do you live in a city?,background,4,opposing,0.5,False,3,unanimous,none,3,unanimous,none,3,unanimous,sharing_experience,3,unanimous
quintessential-blush,4,True,False,disagreement,True,75,Do you live in a city?,background,4,opposing,0.5,False,3,unanimous,none,3,unanimous,none,3,unanimous,exploring_nuance,3,unanimous
quintessential-blush,5,True,False,disagreement,False,90,Do you live in a city?,background,4,opposing,0.5,False,3,unanimous,none,3,unanimous,none,3,unanimous,perspective_seeking,3,unanimous
quintessential-blush,6,True,False,disagreement,True,105,Do you live in a city?,background,4,opposing,0.5,False,3,unanimous,rapport_only,3,unanimous,none,3,unanimous,rapport_building,3,unanimous
quintessential-blush,7,True,False,disagreement,False,120,Do you live in a city?,background,4,opposing,0.5,False,3,unanimous,rapport_only,3,unanimous,none,3,unanimous,rapport_building,3,unanimous
quintessential-blush,8,True,False,agreement,False,135,Do you live in a city?,background,4,opposing,0.5,False,3,unanimous,rapport_only,2,majority,none,3,unanimous,sharing_experience,2,majority
quintessential-blush,10,True,False,unclear,True,165,Do you live in a city?,background,4,opposing,0.5,False,3,unanimous,none,3,unanimous,none,3,unanimous,sharing_experience,3,unanimous
quintessential-blush,11,True,False,agreement,False,180,Do you live in a city?,background,4,opposing,0.5,False,3,unanimous,rapport_only,3,unanimous,none,3,unanimous,rapport_building,3,unanimous
racial-coffee,0,False,False,not_discussed,False,15,Are you affiliated with any organized religion?,religion,4,opposing,0.0,False,3,unanimous,none,3,unanimous,none,3,unanimous,rapport_building,3,unanimous
racial-coffee,2,False,False,not_discussed,False,45,Are you affiliated with any organized religion?,religion,4,opposing,0.0,False,3,unanimous,none,3,unanimous,none,3,unanimous,stance_sharing,3,unanimous
racial-coffee,3,True,True,disagreement,True,60,Are you affiliated with any organized religion?,religion,4,opposing,0.0,False,3,unanimous,none,3,unanimous,none,3,unanimous,stance_sharing,3,unanimous
racial-coffee,4,True,False,disagreement,False,75,Are you affiliated with any organized religion?,religion,4,opposing,0.0,False,3,unanimous,rapport_only,3,unanimous,none,3,unanimous,rapport_building,3,unanimous
racial-coffee,5,True,False,disagreement,False,90,Are you affiliated with any organized religion?,religion,4,opposing,0.0,False,3,unanimous,none,3,unanimous,none,3,unanimous,exploring_nuance,3,unanimous
racial-coffee,6,True,False,disagreement,False,105,Are you affiliated with any organized religion?,religion,4,opposing,0.0,False,3,unanimous,rapport_only,3,unanimous,none,3,unanimous,rapport_building,3,unanimous
racial-coffee,7,True,False,disagreement,False,120,Are you affiliated with any organized religion?,religion,4,opposing,0.0,False,3,unanimous,rapport_only,3,unanimous,none,3,unanimous,rapport_building,3,unanimous
racial-coffee,11,True,False,disagreement,False,180,Are you affiliated with any organized religion?,religion,4,opposing,0.0,False,3,unanimous,rapport_only,3,unanimous,none,3,unanimous,rapport_building,3,unanimous
rapid-green,0,False,False,not_discussed,False,15,Did you or your family immigrate to a new country?,background,0,shared,0.0,False,3,unanimous,none,3,unanimous,none,3,unanimous,rapport_building,3,unanimous
rapid-green,3,False,False,not_discussed,False,60,Did you or your family immigrate to a new country?,background,0,shared,0.0,False,3,unanimous,none,3,unanimous,none,3,unanimous,stance_sharing,3,unanimous
rapid-green,5,True,True,agreement,False,90,Did you or your family immigrate to a new country?,background,0,shared,0.0,False,3,unanimous,none,3,unanimous,none,3,unanimous,stance_sharing,2,majority
rapid-green,6,True,False,agreement,False,105,Did you or your family immigrate to a new country?,background,0,shared,0.0,False,3,unanimous,none,3,unanimous,none,3,unanimous,other,3,unanimous
rapid-green,10,True,True,agreement,False,165,Did you or your family immigrate to a new country?,background,0,shared,0.0,False,3,unanimous,rapport_only,3,unanimous,none,3,unanimous,stance_sharing,3,unanimous
rapid-green,11,True,False,agreement,False,180,Did you or your family immigrate to a new country?,background,0,shared,0.0,False,3,unanimous,rapport_only,3,unanimous,none,3,unanimous,rapport_building,3,unanimous
rational-beige,0,False,False,not_discussed,False,15,Are you affiliated with any organized religion?,religion,0,shared,1.0,False,3,unanimous,none,3,unanimous,none,3,unanimous,rapport_building,3,unanimous
rational-beige,1,False,False,not_discussed,False,30,Are you affiliated with any organized religion?,religion,0,shared,1.0,False,3,unanimous,none,3,unanimous,none,3,unanimous,rapport_building,3,unanimous
rational-beige,2,False,False,not_discussed,False,45,Are you affiliated with any organized religion?,religion,0,shared,1.0,False,3,unanimous,none,3,unanimous,none,3,unanimous,stance_sharing,3,unanimous
rational-beige,4,True,True,agreement,False,75,Are you affiliated with any organized religion?,religion,0,shared,1.0,True,3,unanimous,same_values,3,unanimous,shared_beliefs,3,unanimous,stance_sharing,3,unanimous
rational-beige,5,True,False,agreement,False,90,Are you affiliated with any organized religion?,religion,0,shared,1.0,False,3,unanimous,none,3,unanimous,none,3,unanimous,perspective_seeking,3,unanimous
rational-beige,7,True,False,agreement,False,120,Are you affiliated with any organized religion?,religion,0,shared,1.0,False,3,unanimous,none,3,unanimous,none,3,unanimous,sharing_experience,3,unanimous
rational-beige,8,True,False,agreement,False,135,Are you affiliated with any organized religion?,religion,0,shared,1.0,False,3,unanimous,none,3,unanimous,none,3,unanimous,sharing_experience,3,unanimous
rational-beige,10,True,False,agreement,False,165,Are you affiliated with any organized religion?,religion,0,shared,1.0,True,3,unanimous,related_subtopic,3,unanimous,shared_thoughts,3,unanimous,stance_sharing,3,unanimous
rational-beige,11,True,False,agreement,True,180,Are you affiliated with any organized religion?,religion,0,shared,1.0,False,3,unanimous,none,3,unanimous,none,3,unanimous,exploring_nuance,2,majority
rational-salmon,0,False,False,not_discussed,False,15,Are you married or dating someone?,identity,4,opposing,0.5,False,3,unanimous,none,3,unanimous,none,3,unanimous,stance_sharing,3,unanimous
rational-salmon,1,True,True,disagreement,True,30,Are you married or dating someone?,identity,4,opposing,0.5,False,3,unanimous,none,3,unanimous,none,3,unanimous,stance_sharing,3,unanimous
rational-salmon,4,True,False,disagreement,False,75,Are you married or dating someone?,identity,4,opposing,0.5,False,3,unanimous,none,3,unanimous,none,3,unanimous,other,3,unanimous
rational-salmon,9,True,False,disagreement,False,150,Are you married or dating someone?,identity,4,opposing,0.5,False,3,unanimous,none,3,unanimous,none,3,unanimous,perspective_seeking,3,unanimous
rational-salmon,10,True,False,disagreement,False,165,Are you married or dating someone?,identity,4,opposing,0.5,False,3,unanimous,none,3,unanimous,none,3,unanimous,sharing_experience,3,unanimous
realistic-green,0,False,False,not_discussed,False,15,Do you believe in God or a higher power?,religion,4,opposing,0.0,False,3,unanimous,none,3,unanimous,none,3,unanimous,rapport_building,3,unanimous
realistic-green,1,True,True,disagreement,True,30,Do you believe in God or a higher power?,religion,4,opposing,0.0,False,3,unanimous,none,3,unanimous,none,3,unanimous,stance_sharing,3,unanimous
realistic-green,3,True,False,disagreement,False,60,Do you believe in God or a higher power?,religion,4,opposing,0.0,False,3,unanimous,none,3,unanimous,none,3,unanimous,sharing_experience,3,unanimous
realistic-green,5,True,False,disagreement,False,90,Do you believe in God or a higher power?,religion,4,opposing,0.0,False,3,unanimous,none,3,unanimous,none,3,unanimous,stance_sharing,3,unanimous
realistic-green,6,True,False,disagreement,False,105,Do you believe in God or a higher power?,religion,4,opposing,0.0,True,3,unanimous,related_subtopic,3,unanimous,shared_beliefs,3,unanimous,finding_commonality,3,unanimous
realistic-green,7,True,False,disagreement,False,120,Do you believe in God or a higher power?,religion,4,opposing,0.0,False,3,unanimous,none,3,unanimous,none,3,unanimous,perspective_seeking,3,unanimous
realistic-green,9,True,False,disagreement,False,150,Do you believe in God or a higher power?,religion,4,opposing,0.0,False,3,unanimous,none,3,unanimous,none,3,unanimous,sharing_experience,3,unanimous
realistic-green,10,True,False,disagreement,False,165,Do you believe in God or a higher power?,religion,4,opposing,0.0,False,3,unanimous,none,3,unanimous,none,3,unanimous,perspective_seeking,3,unanimous
realistic-green,11,True,False,disagreement,False,180,Do you believe in God or a higher power?,religion,4,opposing,0.0,False,3,unanimous,none,3,unanimous,none,3,unanimous,sharing_experience,3,unanimous
reduced-plum,0,False,False,not_discussed,False,15,Do you regularly attend religious services?,religion,0,shared,0.5,False,3,unanimous,none,3,unanimous,none,3,unanimous,rapport_building,3,unanimous
reduced-plum,1,False,False,not_discussed,False,30,Do you regularly attend religious services?,religion,0,shared,0.5,False,3,unanimous,none,3,unanimous,none,3,unanimous,stance_sharing,3,unanimous
reduced-plum,2,True,True,agreement,False,45,Do you regularly attend religious services?,religion,0,shared,0.5,True,3,unanimous,same_values,3,unanimous,shared_beliefs,3,unanimous,stance_sharing,3,unanimous
reduced-plum,4,True,False,agreement,False,75,Do you regularly attend religious services?,religion,0,shared,0.5,False,3,unanimous,none,3,unanimous,none,3,unanimous,sharing_experience,3,unanimous
reduced-plum,5,True,False,agreement,True,90,Do you regularly attend religious services?,religion,0,shared,0.5,False,3,unanimous,none,3,unanimous,none,3,unanimous,sharing_experience,3,unanimous
reduced-plum,7,True,False,agreement,False,120,Do you regularly attend religious services?,religion,0,shared,0.5,False,3,unanimous,rapport_only,3,unanimous,none,3,unanimous,rapport_building,2,majority
reduced-plum,8,True,False,agreement,False,135,Do you regularly attend religious services?,religion,0,shared,0.5,False,3,unanimous,none,3,unanimous,none,3,unanimous,perspective_seeking,3,unanimous
reduced-plum,9,True,False,agreement,False,150,Do you regularly attend religious services?,religion,0,shared,0.5,False,3,unanimous,none,3,unanimous,none,3,unanimous,perspective_seeking,3,unanimous
reduced-plum,10,True,False,agreement,False,165,Do you regularly attend religious services?,religion,0,shared,0.5,False,3,unanimous,none,3,unanimous,none,3,unanimous,sharing_experience,3,unanimous
reduced-plum,11,True,False,agreement,False,180,Do you regularly attend religious services?,religion,0,shared,0.5,False,3,unanimous,none,3,unanimous,none,3,unanimous,sharing_experience,3,unanimous
related-purple,0,False,False,not_discussed,False,15,Do you affiliate with any political party?,politics,0,shared,1.0,False,3,unanimous,none,3,unanimous,none,3,unanimous,rapport_building,3,unanimous
related-purple,1,False,False,not_discussed,False,30,Do you affiliate with any political party?,politics,0,shared,1.0,False,3,unanimous,none,3,unanimous,none,3,unanimous,rapport_building,3,unanimous
related-purple,3,False,False,not_discussed,False,60,Do you affiliate with any political party?,politics,0,shared,1.0,False,3,unanimous,none,3,unanimous,none,3,unanimous,stance_sharing,3,unanimous
related-purple,5,True,True,agreement,False,90,Do you affiliate with any political party?,politics,0,shared,1.0,True,3,unanimous,same_values,3,unanimous,shared_thoughts,3,unanimous,stance_sharing,3,unanimous
related-purple,7,True,False,agreement,False,120,Do you affiliate with any political party?,politics,0,shared,1.0,True,3,unanimous,same_values,2,majority,shared_thoughts,3,unanimous,exploring_nuance,3,unanimous
related-purple,8,True,False,agreement,False,135,Do you affiliate with any political party?,politics,0,shared,1.0,True,3,unanimous,related_subtopic,3,unanimous,shared_thoughts,3,unanimous,finding_commonality,3,unanimous
related-purple,9,True,False,agreement,False,150,Do you affiliate with any political party?,politics,0,shared,1.0,False,3,unanimous,rapport_only,3,unanimous,none,3,unanimous,rapport_building,3,unanimous
related-purple,11,True,False,agreement,False,180,Do you affiliate with any political party?,politics,0,shared,1.0,False,3,unanimous,rapport_only,3,unanimous,none,3,unanimous,rapport_building,3,unanimous
reliable-lavender,0,False,False,not_discussed,False,15,Do you enjoy reading?,preferences,0,shared,1.0,False,3,unanimous,none,3,unanimous,none,3,unanimous,rapport_building,3,unanimous
reliable-lavender,1,False,False,not_discussed,False,30,Do you enjoy reading?,preferences,0,shared,1.0,False,3,unanimous,none,3,unanimous,none,3,unanimous,other,3,unanimous
reliable-lavender,2,False,False,not_discussed,False,45,Do you enjoy reading?,preferences,0,shared,1.0,False,3,unanimous,none,3,unanimous,none,3,unanimous,other,3,unanimous
reliable-lavender,3,False,False,not_discussed,False,60,Do you enjoy reading?,preferences,0,shared,1.0,False,3,unanimous,none,3,unanimous,none,3,unanimous,stance_sharing,3,unanimous
reliable-lavender,4,True,True,agreement,False,75,Do you enjoy reading?,preferences,0,shared,1.0,True,3,unanimous,same_values,3,unanimous,shared_feelings,3,unanimous,stance_sharing,3,unanimous
reliable-lavender,5,True,False,agreement,False,90,Do you enjoy reading?,preferences,0,shared,1.0,False,3,unanimous,none,3,unanimous,none,3,unanimous,perspective_seeking,3,unanimous
reliable-lavender,6,True,False,agreement,False,105,Do you enjoy reading?,preferences,0,shared,1.0,False,3,unanimous,none,3,unanimous,none,3,unanimous,stance_sharing,3,unanimous
reliable-lavender,7,True,False,agreement,False,120,Do you enjoy reading?,preferences,0,shared,1.0,False,3,unanimous,none,3,unanimous,none,3,unanimous,perspective_seeking,3,unanimous
reliable-lavender,10,True,False,agreement,False,165,Do you enjoy reading?,preferences,0,shared,1.0,False,3,unanimous,none,3,unanimous,none,3,unanimous,stance_sharing,3,unanimous
reliable-lavender,11,True,False,agreement,True,180,Do you enjoy reading?,preferences,0,shared,1.0,False,3,unanimous,none,3,unanimous,none,3,unanimous,other,3,unanimous
reliable-lavender,12,True,False,agreement,False,195,Do you enjoy reading?,preferences,0,shared,1.0,False,3,unanimous,rapport_only,3,unanimous,none,3,unanimous,rapport_building,3,unanimous
remote-beige,0,False,False,not_discussed,False,15,Have you stayed in the same place for your entire life?,background,4,opposing,0.5,False,3,unanimous,none,3,unanimous,none,3,unanimous,rapport_building,3,unanimous
remote-beige,3,False,False,not_discussed,False,60,Have you stayed in the same place for your entire life?,background,4,opposing,0.5,False,3,unanimous,none,3,unanimous,none,3,unanimous,stance_sharing,3,unanimous
remote-beige,4,True,True,disagreement,True,75,Have you stayed in the same place for your entire life?,background,4,opposing,0.5,False,3,unanimous,none,3,unanimous,none,3,unanimous,stance_sharing,3,unanimous
remote-beige,6,True,False,disagreement,False,105,Have you stayed in the same place for your entire life?,background,4,opposing,0.5,False,3,unanimous,none,3,unanimous,none,3,unanimous,sharing_experience,3,unanimous
remote-beige,8,True,False,disagreement,False,135,Have you stayed in the same place for your entire life?,background,4,opposing,0.5,True,3,unanimous,related_subtopic,3,unanimous,shared_thoughts,2,majority,finding_commonality,3,unanimous
remote-beige,9,True,False,disagreement,False,150,Have you stayed in the same place for your entire life?,background,4,opposing,0.5,True,3,unanimous,related_subtopic,3,unanimous,shared_thoughts,3,unanimous,finding_commonality,3,unanimous
remote-beige,10,True,False,disagreement,False,165,Have you stayed in the same place for your entire life?,background,4,opposing,0.5,False,3,unanimous,none,3,unanimous,none,3,unanimous,perspective_seeking,3,unanimous
remote-beige,11,True,False,disagreement,False,180,Have you stayed in the same place for your entire life?,background,4,opposing,0.5,False,3,unanimous,none,3,unanimous,none,3,unanimous,sharing_experience,3,unanimous
remote-beige,12,True,False,disagreement,False,195,Have you stayed in the same place for your entire life?,background,4,opposing,0.5,False,3,unanimous,rapport_only,3,unanimous,none,3,unanimous,rapport_building,3,unanimous
required-scarlet,0,False,False,not_discussed,False,15,Are people innately good?,morality,1,shared,0.5,False,3,unanimous,none,3,unanimous,none,3,unanimous,rapport_building,3,unanimous
required-scarlet,1,False,False,unclear,False,30,Are people innately good?,morality,1,shared,0.5,False,3,unanimous,none,3,unanimous,none,3,unanimous,stance_sharing,3,unanimous
required-scarlet,2,False,False,not_discussed,False,45,Are people innately good?,morality,1,shared,0.5,False,3,unanimous,none,3,unanimous,none,3,unanimous,perspective_seeking,3,unanimous
required-scarlet,7,False,False,unclear,False,120,Are people innately good?,morality,1,shared,0.5,False,3,unanimous,none,3,unanimous,none,3,unanimous,stance_sharing,3,unanimous
required-scarlet,10,False,False,unclear,False,165,Are people innately good?,morality,1,shared,0.5,False,3,unanimous,none,3,unanimous,none,3,unanimous,perspective_seeking,3,unanimous
respectable-black,1,False,False,unclear,False,30,Do you work from home?,arbitrary,0,shared,1.0,False,3,unanimous,none,3,unanimous,none,3,unanimous,stance_sharing,3,unanimous
respectable-black,2,True,True,agreement,False,45,Do you work from home?,arbitrary,0,shared,1.0,False,3,unanimous,none,3,unanimous,none,3,unanimous,stance_sharing,3,unanimous
respectable-black,3,True,False,agreement,False,60,Do you work from home?,arbitrary,0,shared,1.0,True,3,unanimous,same_values,3,unanimous,shared_feelings,3,unanimous,finding_commonality,3,unanimous
respectable-black,6,True,False,agreement,False,105,Do you work from home?,arbitrary,0,shared,1.0,False,3,unanimous,none,3,unanimous,none,3,unanimous,stance_sharing,3,unanimous
respectable-black,8,True,False,agreement,False,135,Do you work from home?,arbitrary,0,shared,1.0,True,3,unanimous,related_subtopic,3,unanimous,shared_thoughts,3,unanimous,finding_commonality,3,unanimous
respectable-black,10,True,False,agreement,False,165,Do you work from home?,arbitrary,0,shared,1.0,True,3,unanimous,related_subtopic,3,unanimous,shared_thoughts,3,unanimous,finding_commonality,3,unanimous
respectable-black,11,True,False,agreement,False,180,Do you work from home?,arbitrary,0,shared,1.0,True,3,unanimous,related_subtopic,3,unanimous,shared_thoughts,3,unanimous,finding_commonality,2,majority
ridiculous-bronze,0,False,False,not_discussed,False,15,Can a machine be moral?,morality,0,shared,1.0,False,3,unanimous,none,3,unanimous,none,3,unanimous,rapport_building,3,unanimous
ridiculous-bronze,1,False,False,not_discussed,False,30,Can a machine be moral?,morality,0,shared,1.0,False,3,unanimous,none,3,unanimous,none,3,unanimous,rapport_building,3,unanimous
ridiculous-bronze,2,False,False,not_discussed,False,45,Can a machine be moral?,morality,0,shared,1.0,False,3,unanimous,none,3,unanimous,none,3,unanimous,stance_sharing,3,unanimous
ridiculous-bronze,3,False,False,not_discussed,False,60,Can a machine be moral?,morality,0,shared,1.0,False,3,unanimous,none,3,unanimous,none,3,unanimous,stance_sharing,3,unanimous
ridiculous-bronze,5,True,True,agreement,False,90,Can a machine be moral?,morality,0,shared,1.0,False,3,unanimous,none,3,unanimous,none,3,unanimous,stance_sharing,3,unanimous
ridiculous-bronze,8,True,False,agreement,False,135,Can a machine be moral?,morality,0,shared,1.0,True,3,unanimous,same_values,3,unanimous,shared_thoughts,3,unanimous,finding_commonality,3,unanimous
ridiculous-bronze,11,True,False,agreement,False,180,Can a machine be moral?,morality,0,shared,1.0,True,3,unanimous,same_values,3,unanimous,shared_thoughts,3,unanimous,finding_commonality,3,unanimous
rising-amber,0,False,False,not_discussed,False,15,Do you believe in an afterlife?,religion,0,shared,1.0,False,3,unanimous,none,3,unanimous,none,3,unanimous,perspective_seeking,3,unanimous
rising-amber,2,True,True,agreement,False,45,Do you believe in an afterlife?,religion,0,shared,1.0,True,3,unanimous,same_values,3,unanimous,shared_beliefs,3,unanimous,stance_sharing,3,unanimous
rising-amber,3,True,False,agreement,False,60,Do you believe in an afterlife?,religion,0,shared,1.0,False,3,unanimous,none,3,unanimous,none,3,unanimous,perspective_seeking,3,unanimous
rising-amber,4,True,False,agreement,False,75,Do you believe in an afterlife?,religion,0,shared,1.0,True,3,unanimous,related_subtopic,2,majority,shared_beliefs,3,unanimous,stance_sharing,3,unanimous
rising-amber,5,True,False,agreement,False,90,Do you believe in an afterlife?,religion,0,shared,1.0,True,3,unanimous,same_values,3,unanimous,shared_thoughts,3,unanimous,exploring_nuance,3,unanimous
rising-amber,7,True,False,agreement,False,120,Do you believe in an afterlife?,religion,0,shared,1.0,True,3,unanimous,same_values,2,majority,shared_beliefs,2,majority,exploring_nuance,3,unanimous
rising-amber,8,True,False,agreement,False,135,Do you believe in an afterlife?,religion,0,shared,1.0,True,3,unanimous,same_values,2,majority,shared_thoughts,2,majority,finding_commonality,3,unanimous
rising-amber,11,True,False,agreement,False,180,Do you believe in an afterlife?,religion,0,shared,1.0,False,3,unanimous,none,3,unanimous,none,3,unanimous,exploring_nuance,3,unanimous
rival-red,0,False,False,not_discussed,False,15,Do you identify as the gender which you were assigned at birth?,identity,0,shared,1.0,False,3,unanimous,none,3,unanimous,none,3,unanimous,rapport_building,3,unanimous
rival-red,1,False,False,not_discussed,False,30,Do you identify as the gender which you were assigned at birth?,identity,0,shared,1.0,False,3,unanimous,none,3,unanimous,none,3,unanimous,rapport_building,3,unanimous
rival-red,2,False,False,not_discussed,False,45,Do you identify as the gender which you were assigned at birth?,identity,0,shared,1.0,False,3,unanimous,none,3,unanimous,none,3,unanimous,stance_sharing,3,unanimous
rival-red,3,True,True,agreement,False,60,Do you identify as the gender which you were assigned at birth?,identity,0,shared,1.0,True,3,unanimous,same_values,3,unanimous,shared_thoughts,2,majority,stance_sharing,3,unanimous
rival-red,5,True,False,agreement,False,90,Do you identify as the gender which you were assigned at birth?,identity,0,shared,1.0,False,3,unanimous,none,3,unanimous,none,3,unanimous,stance_sharing,3,unanimous
rival-red,7,True,False,agreement,False,120,Do you identify as the gender which you were assigned at birth?,identity,0,shared,1.0,True,3,unanimous,related_subtopic,3,unanimous,shared_beliefs,3,unanimous,finding_commonality,3,unanimous
rival-red,9,True,False,agreement,False,150,Do you identify as the gender which you were assigned at birth?,identity,0,shared,1.0,True,3,unanimous,related_subtopic,3,unanimous,shared_beliefs,3,unanimous,stance_sharing,3,unanimous
rival-red,10,True,False,agreement,False,165,Do you identify as the gender which you were assigned at birth?,identity,0,shared,1.0,True,3,unanimous,related_subtopic,3,unanimous,shared_beliefs,2,majority,rapport_building,3,unanimous
rival-red,11,True,False,agreement,False,180,Do you identify as the gender which you were assigned at birth?,identity,0,shared,1.0,False,3,unanimous,rapport_only,3,unanimous,none,3,unanimous,rapport_building,3,unanimous
roasted-amaranth,0,False,False,unclear,False,15,Do you regularly attend religious services?,religion,0,shared,1.0,False,3,unanimous,none,3,unanimous,none,3,unanimous,stance_sharing,3,unanimous
roasted-amaranth,1,True,True,agreement,False,30,Do you regularly attend religious services?,religion,0,shared,1.0,True,3,unanimous,same_values,3,unanimous,shared_beliefs,2,majority,stance_sharing,3,unanimous
roasted-amaranth,2,True,False,agreement,False,45,Do you regularly attend religious services?,religion,0,shared,1.0,True,3,unanimous,same_values,3,unanimous,shared_thoughts,3,unanimous,sharing_experience,3,unanimous
roasted-amaranth,3,True,False,agreement,False,60,Do you regularly attend religious services?,religion,0,shared,1.0,False,3,unanimous,none,3,unanimous,none,3,unanimous,finding_commonality,2,majority
roasted-amaranth,4,True,False,agreement,False,75,Do you regularly attend religious services?,religion,0,shared,1.0,False,3,unanimous,none,3,unanimous,none,3,unanimous,exploring_nuance,3,unanimous
roasted-amaranth,5,True,False,agreement,False,90,Do you regularly attend religious services?,religion,0,shared,1.0,True,3,unanimous,related_subtopic,3,unanimous,shared_thoughts,3,unanimous,stance_sharing,3,unanimous
roasted-amaranth,6,True,False,agreement,False,105,Do you regularly attend religious services?,religion,0,shared,1.0,False,3,unanimous,none,3,unanimous,none,3,unanimous,exploring_nuance,3,unanimous
roasted-amaranth,8,True,False,agreement,False,135,Do you regularly attend religious services?,religion,0,shared,1.0,False,3,unanimous,none,3,unanimous,none,3,unanimous,exploring_nuance,3,unanimous
roasted-amaranth,9,True,False,agreement,False,150,Do you regularly attend religious services?,religion,0,shared,1.0,True,3,unanimous,related_subtopic,3,unanimous,shared_thoughts,3,unanimous,exploring_nuance,3,unanimous
roasted-amaranth,10,True,False,agreement,False,165,Do you regularly attend religious services?,religion,0,shared,1.0,False,3,unanimous,none,3,unanimous,none,3,unanimous,sharing_experience,3,unanimous
roasted-amaranth,11,True,False,agreement,False,180,Do you regularly attend religious services?,religion,0,shared,1.0,False,3,unanimous,none,3,unanimous,none,3,unanimous,sharing_experience,3,unanimous
rude-maroon,0,False,False,not_discussed,False,15,Do you believe in an afterlife?,religion,4,opposing,0.0,False,3,unanimous,none,3,unanimous,none,3,unanimous,rapport_building,3,unanimous
rude-maroon,1,False,False,unclear,False,30,Do you believe in an afterlife?,religion,4,opposing,0.0,False,3,unanimous,none,3,unanimous,none,3,unanimous,stance_sharing,3,unanimous
rude-maroon,2,False,False,not_discussed,False,45,Do you believe in an afterlife?,religion,4,opposing,0.0,False,3,unanimous,none,3,unanimous,none,3,unanimous,stance_sharing,3,unanimous
rude-maroon,4,True,True,disagreement,True,75,Do you believe in an afterlife?,religion,4,opposing,0.0,False,3,unanimous,none,3,unanimous,none,3,unanimous,stance_sharing,3,unanimous
rude-maroon,5,True,True,disagreement,True,90,Do you believe in an afterlife?,religion,4,opposing,0.0,False,3,unanimous,none,3,unanimous,none,3,unanimous,stance_sharing,3,unanimous
rude-maroon,6,True,False,disagreement,True,105,Do you believe in an afterlife?,religion,4,opposing,0.0,False,3,unanimous,none,3,unanimous,none,3,unanimous,persuading,3,unanimous
rude-maroon,7,True,False,disagreement,True,120,Do you believe in an afterlife?,religion,4,opposing,0.0,False,3,unanimous,none,3,unanimous,none,3,unanimous,persuading,3,unanimous
rude-maroon,8,True,False,disagreement,True,135,Do you believe in an afterlife?,religion,4,opposing,0.0,False,3,unanimous,none,3,unanimous,none,3,unanimous,persuading,3,unanimous
rude-maroon,9,True,False,disagreement,True,150,Do you believe in an afterlife?,religion,4,opposing,0.0,False,3,unanimous,none,3,unanimous,none,3,unanimous,persuading,3,unanimous
rude-maroon,10,True,False,disagreement,True,165,Do you believe in an afterlife?,religion,4,opposing,0.0,False,3,unanimous,none,3,unanimous,none,3,unanimous,exploring_nuance,3,unanimous
rude-maroon,11,True,False,disagreement,True,180,Do you believe in an afterlife?,religion,4,opposing,0.0,False,3,unanimous,none,3,unanimous,none,3,unanimous,persuading,3,unanimous
rude-maroon,12,True,False,disagreement,True,195,Do you believe in an afterlife?,religion,4,opposing,0.0,False,3,unanimous,none,3,unanimous,none,3,unanimous,persuading,2,majority
running-magenta,1,False,False,not_discussed,False,30,Have you stayed in the same place for your entire life?,background,4,opposing,0.5,False,3,unanimous,none,3,unanimous,none,3,unanimous,rapport_building,3,unanimous
running-magenta,2,False,False,not_discussed,False,45,Have you stayed in the same place for your entire life?,background,4,opposing,0.5,False,3,unanimous,none,3,unanimous,none,3,unanimous,rapport_building,3,unanimous
running-magenta,4,False,False,not_discussed,False,75,Have you stayed in the same place for your entire life?,background,4,opposing,0.5,False,3,unanimous,none,3,unanimous,none,3,unanimous,stance_sharing,3,unanimous
running-magenta,7,True,True,disagreement,True,120,Have you stayed in the same place for your entire life?,background,4,opposing,0.5,False,3,unanimous,none,3,unanimous,none,3,unanimous,stance_sharing,3,unanimous
running-magenta,10,True,False,disagreement,False,165,Have you stayed in the same place for your entire life?,background,4,opposing,0.5,False,3,unanimous,rapport_only,2,majority,none,3,unanimous,rapport_building,2,majority
running-magenta,11,True,False,disagreement,False,180,Have you stayed in the same place for your entire life?,background,4,opposing,0.5,True,2,majority,related_subtopic,2,majority,shared_thoughts,2,majority,rapport_building,3,unanimous
rural-harlequin,1,False,False,not_discussed,False,30,Do you live in a city?,background,4,opposing,0.5,False,3,unanimous,none,3,unanimous,none,3,unanimous,perspective_seeking,3,unanimous
rural-harlequin,2,False,False,not_discussed,False,45,Do you live in a city?,background,4,opposing,0.5,False,3,unanimous,none,3,unanimous,none,3,unanimous,stance_sharing,3,unanimous
rural-harlequin,3,False,False,not_discussed,False,60,Do you live in a city?,background,4,opposing,0.5,False,3,unanimous,none,3,unanimous,none,3,unanimous,sharing_experience,2,majority
rural-harlequin,4,True,True,disagreement,True,75,Do you live in a city?,background,4,opposing,0.5,False,3,unanimous,none,3,unanimous,none,3,unanimous,stance_sharing,3,unanimous
rural-harlequin,5,True,False,disagreement,False,90,Do you live in a city?,background,4,opposing,0.5,False,3,unanimous,none,3,unanimous,none,3,unanimous,finding_commonality,3,unanimous
rural-harlequin,6,True,False,disagreement,False,105,Do you live in a city?,background,4,opposing,0.5,False,3,unanimous,none,3,unanimous,none,3,unanimous,perspective_seeking,3,unanimous
rural-harlequin,7,True,False,disagreement,False,120,Do you live in a city?,background,4,opposing,0.5,False,3,unanimous,none,3,unanimous,none,3,unanimous,sharing_experience,3,unanimous
rural-harlequin,9,True,False,disagreement,False,150,Do you live in a city?,background,4,opposing,0.5,True,3,unanimous,related_subtopic,3,unanimous,shared_thoughts,3,unanimous,finding_commonality,3,unanimous
rural-harlequin,11,True,False,agreement,False,180,Do you live in a city?,background,4,opposing,0.5,True,3,unanimous,related_subtopic,3,unanimous,shared_thoughts,3,unanimous,finding_commonality,3,unanimous
satisfied-orange,0,False,False,not_discussed,False,15,Do you live in a city?,background,0,shared,1.0,False,3,unanimous,none,3,unanimous,none,3,unanimous,rapport_building,3,unanimous
satisfied-orange,1,False,False,not_discussed,False,30,Do you live in a city?,background,0,shared,1.0,False,3,unanimous,none,3,unanimous,none,3,unanimous,rapport_building,3,unanimous
satisfied-orange,2,False,False,not_discussed,False,45,Do you live in a city?,background,0,shared,1.0,False,3,unanimous,none,3,unanimous,none,3,unanimous,perspective_seeking,2,majority
satisfied-orange,3,True,True,agreement,False,60,Do you live in a city?,background,0,shared,1.0,False,3,unanimous,rapport_only,2,majority,none,3,unanimous,stance_sharing,3,unanimous
satisfied-orange,4,True,False,agreement,False,75,Do you live in a city?,background,0,shared,1.0,False,3,unanimous,none,3,unanimous,none,3,unanimous,other,2,majority
satisfied-orange,5,True,False,agreement,False,90,Do you live in a city?,background,0,shared,1.0,True,3,unanimous,different_topic,3,unanimous,shared_thoughts,3,unanimous,sharing_experience,3,unanimous
satisfied-orange,6,True,False,agreement,False,105,Do you live in a city?,background,0,shared,1.0,False,3,unanimous,rapport_only,3,unanimous,none,3,unanimous,rapport_building,3,unanimous
satisfied-orange,8,True,False,agreement,False,135,Do you live in a city?,background,0,shared,1.0,True,3,unanimous,different_topic,3,unanimous,shared_thoughts,3,unanimous,rapport_building,3,unanimous
satisfied-orange,10,True,False,agreement,False,165,Do you live in a city?,background,0,shared,1.0,True,3,unanimous,different_topic,3,unanimous,shared_thoughts,3,unanimous,rapport_building,3,unanimous
satisfied-orange,11,True,False,agreement,False,180,Do you live in a city?,background,0,shared,1.0,True,3,unanimous,different_topic,3,unanimous,shared_thoughts,3,unanimous,rapport_building,3,unanimous
scattered-copper,1,False,False,not_discussed,False,30,Do you exercise regularly?,arbitrary,3,opposing,0.0,False,3,unanimous,none,3,unanimous,none,3,unanimous,stance_sharing,3,unanimous
scattered-copper,2,True,True,disagreement,True,45,Do you exercise regularly?,arbitrary,3,opposing,0.0,False,3,unanimous,none,3,unanimous,none,3,unanimous,stance_sharing,2,majority
scattered-copper,3,True,False,disagreement,True,60,Do you exercise regularly?,arbitrary,3,opposing,0.0,False,3,unanimous,none,3,unanimous,none,3,unanimous,perspective_seeking,3,unanimous
scattered-copper,6,True,False,disagreement,False,105,Do you exercise regularly?,arbitrary,3,opposing,0.0,False,3,unanimous,none,3,unanimous,none,3,unanimous,sharing_experience,3,unanimous
scattered-copper,7,True,False,disagreement,True,120,Do you exercise regularly?,arbitrary,3,opposing,0.0,False,3,unanimous,none,2,majority,none,3,unanimous,sharing_experience,3,unanimous
scattered-copper,8,True,False,disagreement,False,135,Do you exercise regularly?,arbitrary,3,opposing,0.0,False,3,unanimous,rapport_only,2,majority,none,3,unanimous,rapport_building,3,unanimous
scattered-copper,10,True,False,disagreement,False,165,Do you exercise regularly?,arbitrary,3,opposing,0.0,True,3,unanimous,related_subtopic,2,majority,shared_thoughts,3,unanimous,rapport_building,3,unanimous
scattered-copper,11,True,False,disagreement,False,180,Do you exercise regularly?,arbitrary,3,opposing,0.0,False,3,unanimous,none,2,majority,none,3,unanimous,other,2,majority
scattered-copper,12,True,False,disagreement,False,195,Do you exercise regularly?,arbitrary,3,opposing,0.0,False,3,unanimous,rapport_only,3,unanimous,none,3,unanimous,rapport_building,3,unanimous
scornful-rose,0,False,False,not_discussed,False,15,Is lying acceptable?,morality,1,shared,1.0,False,3,unanimous,none,3,unanimous,none,3,unanimous,stance_sharing,3,unanimous
scornful-rose,1,True,True,agreement,False,30,Is lying acceptable?,morality,1,shared,1.0,True,3,unanimous,same_values,3,unanimous,shared_beliefs,3,unanimous,stance_sharing,3,unanimous
scornful-rose,2,True,False,agreement,False,45,Is lying acceptable?,morality,1,shared,1.0,True,3,unanimous,same_values,3,unanimous,shared_beliefs,3,unanimous,finding_commonality,3,unanimous
scornful-rose,3,True,False,agreement,False,60,Is lying acceptable?,morality,1,shared,1.0,False,3,unanimous,none,3,unanimous,none,3,unanimous,perspective_seeking,3,unanimous
scornful-rose,4,True,False,agreement,False,75,Is lying acceptable?,morality,1,shared,1.0,False,3,unanimous,none,3,unanimous,none,3,unanimous,exploring_nuance,3,unanimous
scornful-rose,5,True,False,agreement,False,90,Is lying acceptable?,morality,1,shared,1.0,True,3,unanimous,same_values,3,unanimous,shared_beliefs,3,unanimous,exploring_nuance,3,unanimous
scornful-rose,6,True,False,agreement,False,105,Is lying acceptable?,morality,1,shared,1.0,True,3,unanimous,same_values,3,unanimous,shared_beliefs,3,unanimous,finding_commonality,3,unanimous
scornful-rose,8,True,False,agreement,False,135,Is lying acceptable?,morality,1,shared,1.0,True,3,unanimous,same_values,3,unanimous,shared_thoughts,3,unanimous,sharing_experience,3,unanimous
scornful-rose,10,True,False,agreement,False,165,Is lying acceptable?,morality,1,shared,1.0,True,3,unanimous,same_values,3,unanimous,shared_beliefs,3,unanimous,finding_commonality,3,unanimous
scornful-rose,11,True,False,agreement,False,180,Is lying acceptable?,morality,1,shared,1.0,False,3,unanimous,rapport_only,3,unanimous,none,3,unanimous,rapport_building,3,unanimous
secure-blue,0,False,False,unclear,False,15,Do you believe in God or a higher power?,religion,4,opposing,0.0,False,3,unanimous,none,3,unanimous,none,3,unanimous,stance_sharing,3,unanimous
secure-blue,1,True,True,disagreement,True,30,Do you believe in God or a higher power?,religion,4,opposing,0.0,False,3,unanimous,none,3,unanimous,none,3,unanimous,stance_sharing,3,unanimous
secure-blue,2,True,False,disagreement,False,45,Do you believe in God or a higher power?,religion,4,opposing,0.0,False,3,unanimous,none,3,unanimous,none,3,unanimous,perspective_seeking,3,unanimous
secure-blue,3,True,False,disagreement,True,60,Do you believe in God or a higher power?,religion,4,opposing,0.0,False,3,unanimous,none,3,unanimous,none,3,unanimous,perspective_seeking,3,unanimous
secure-blue,4,True,False,disagreement,True,75,Do you believe in God or a higher power?,religion,4,opposing,0.0,False,3,unanimous,none,3,unanimous,none,3,unanimous,stance_sharing,3,unanimous
secure-blue,5,True,False,disagreement,True,90,Do you believe in God or a higher power?,religion,4,opposing,0.0,False,3,unanimous,none,3,unanimous,none,3,unanimous,persuading,2,majority
secure-blue,6,True,False,disagreement,True,105,Do you believe in God or a higher power?,religion,4,opposing,0.0,False,3,unanimous,none,3,unanimous,none,3,unanimous,stance_sharing,3,unanimous
secure-blue,7,True,False,disagreement,True,120,Do you believe in God or a higher power?,religion,4,opposing,0.0,False,3,unanimous,none,3,unanimous,none,3,unanimous,persuading,3,unanimous
secure-blue,9,True,False,disagreement,True,150,Do you believe in God or a higher power?,religion,4,opposing,0.0,False,3,unanimous,none,3,unanimous,none,3,unanimous,persuading,3,unanimous
secure-blue,10,True,False,disagreement,True,165,Do you believe in God or a higher power?,religion,4,opposing,0.0,False,3,unanimous,none,3,unanimous,none,3,unanimous,persuading,3,unanimous
secure-blue,11,True,False,disagreement,True,180,Do you believe in God or a higher power?,religion,4,opposing,0.0,False,3,unanimous,none,3,unanimous,none,3,unanimous,persuading,3,unanimous
selected-orange,0,False,False,not_discussed,False,15,Do you live in a warm climate?,background,4,opposing,1.0,False,3,unanimous,none,3,unanimous,none,3,unanimous,rapport_building,3,unanimous
selected-orange,1,False,False,not_discussed,False,30,Do you live in a warm climate?,background,4,opposing,1.0,False,3,unanimous,none,3,unanimous,none,3,unanimous,stance_sharing,3,unanimous
selected-orange,2,False,False,not_discussed,False,45,Do you live in a warm climate?,background,4,opposing,1.0,False,3,unanimous,none,3,unanimous,none,3,unanimous,perspective_seeking,3,unanimous
selected-orange,4,True,True,disagreement,True,75,Do you live in a warm climate?,background,4,opposing,1.0,False,3,unanimous,rapport_only,2,majority,none,3,unanimous,stance_sharing,3,unanimous
selected-orange,5,True,False,disagreement,True,90,Do you live in a warm climate?,background,4,opposing,1.0,False,3,unanimous,none,3,unanimous,none,3,unanimous,stance_sharing,2,majority
selected-orange,6,True,False,disagreement,False,105,Do you live in a warm climate?,background,4,opposing,1.0,True,3,unanimous,related_subtopic,3,unanimous,shared_feelings,2,majority,perspective_seeking,3,unanimous
selected-orange,8,True,False,disagreement,False,135,Do you live in a warm climate?,background,4,opposing,1.0,False,3,unanimous,none,3,unanimous,none,3,unanimous,sharing_experience,3,unanimous
selected-orange,9,True,False,disagreement,False,150,Do you live in a warm climate?,background,4,opposing,1.0,False,3,unanimous,rapport_only,3,unanimous,none,3,unanimous,rapport_building,3,unanimous
selected-orange,10,True,False,disagreement,False,165,Do you live in a warm climate?,background,4,opposing,1.0,False,3,unanimous,rapport_only,3,unanimous,none,3,unanimous,rapport_building,3,unanimous
selected-orange,11,True,False,disagreement,False,180,Do you live in a warm climate?,background,4,opposing,1.0,False,3,unanimous,rapport_only,3,unanimous,none,3,unanimous,rapport_building,3,unanimous
selected-orange,12,True,False,disagreement,False,195,Do you live in a warm climate?,background,4,opposing,1.0,False,3,unanimous,rapport_only,3,unanimous,none,3,unanimous,rapport_building,3,unanimous
severe-silver,0,False,False,not_discussed,False,15,Are you a spiritual person?,religion,0,shared,1.0,False,3,unanimous,none,3,unanimous,none,3,unanimous,rapport_building,3,unanimous
severe-silver,1,False,False,not_discussed,False,30,Are you a spiritual person?,religion,0,shared,1.0,False,3,unanimous,none,3,unanimous,none,3,unanimous,rapport_building,3,unanimous
severe-silver,2,False,False,unclear,False,45,Are you a spiritual person?,religion,0,shared,1.0,False,3,unanimous,none,3,unanimous,none,3,unanimous,stance_sharing,3,unanimous
severe-silver,4,True,True,agreement,False,75,Are you a spiritual person?,religion,0,shared,1.0,True,3,unanimous,same_values,3,unanimous,shared_beliefs,3,unanimous,stance_sharing,3,unanimous
severe-silver,6,True,False,agreement,False,105,Are you a spiritual person?,religion,0,shared,1.0,True,3,unanimous,related_subtopic,3,unanimous,shared_beliefs,3,unanimous,finding_commonality,2,majority
severe-silver,7,True,False,agreement,False,120,Are you a spiritual person?,religion,0,shared,1.0,False,3,unanimous,rapport_only,2,majority,none,3,unanimous,rapport_building,3,unanimous
severe-silver,8,True,False,agreement,False,135,Are you a spiritual person?,religion,0,shared,1.0,False,3,unanimous,none,3,unanimous,none,3,unanimous,exploring_nuance,3,unanimous
severe-silver,10,True,False,agreement,True,165,Are you a spiritual person?,religion,0,shared,1.0,False,3,unanimous,none,3,unanimous,none,3,unanimous,stance_sharing,3,unanimous
severe-silver,11,True,False,agreement,True,180,Are you a spiritual person?,religion,0,shared,1.0,False,3,unanimous,none,3,unanimous,none,3,unanimous,persuading,2,majority
shaky-blue,2,True,True,disagreement,True,45,Is it ethical to eat meat?,morality,2,opposing,1.0,False,3,unanimous,none,3,unanimous,none,3,unanimous,stance_sharing,3,unanimous
shaky-blue,3,True,False,unclear,False,60,Is it ethical to eat meat?,morality,2,opposing,1.0,False,3,unanimous,none,3,unanimous,none,3,unanimous,other,3,unanimous
shaky-blue,4,True,False,agreement,False,75,Is it ethical to eat meat?,morality,2,opposing,1.0,True,3,unanimous,same_values,2,majority,shared_beliefs,3,unanimous,finding_commonality,3,unanimous
shaky-blue,6,True,False,unclear,False,105,Is it ethical to eat meat?,morality,2,opposing,1.0,False,3,unanimous,none,3,unanimous,none,3,unanimous,exploring_nuance,3,unanimous
shaky-blue,8,True,False,agreement,False,135,Is it ethical to eat meat?,morality,2,opposing,1.0,True,3,unanimous,related_subtopic,3,unanimous,shared_beliefs,3,unanimous,finding_commonality,3,unanimous
shaky-blue,9,True,False,agreement,False,150,Is it ethical to eat meat?,morality,2,opposing,1.0,True,3,unanimous,related_subtopic,3,unanimous,shared_thoughts,3,unanimous,exploring_nuance,2,majority
shaky-blue,10,True,False,agreement,False,165,Is it ethical to eat meat?,morality,2,opposing,1.0,False,3,unanimous,none,3,unanimous,none,3,unanimous,sharing_experience,3,unanimous
shaky-blue,11,True,False,agreement,False,180,Is it ethical to eat meat?,morality,2,opposing,1.0,False,3,unanimous,none,3,unanimous,none,3,unanimous,sharing_experience,3,unanimous
sharp-tomato,0,False,False,not_discussed,False,15,Should events in politicians' personal lives impact their ability to hold public office?,politics,2,opposing,0.5,False,3,unanimous,none,3,unanimous,none,3,unanimous,rapport_building,3,unanimous
sharp-tomato,2,False,False,not_discussed,False,45,Should events in politicians' personal lives impact their ability to hold public office?,politics,2,opposing,0.5,False,3,unanimous,none,3,unanimous,none,3,unanimous,other,3,unanimous
sharp-tomato,6,True,True,agreement,False,105,Should events in politicians' personal lives impact their ability to hold public office?,politics,2,opposing,0.5,False,3,unanimous,none,3,unanimous,none,3,unanimous,stance_sharing,3,unanimous
sharp-tomato,7,True,False,agreement,False,120,Should events in politicians' personal lives impact their ability to hold public office?,politics,2,opposing,0.5,True,3,unanimous,same_values,3,unanimous,shared_thoughts,3,unanimous,exploring_nuance,3,unanimous
sharp-tomato,8,True,False,agreement,False,135,Should events in politicians' personal lives impact their ability to hold public office?,politics,2,opposing,0.5,True,3,unanimous,same_values,3,unanimous,shared_thoughts,3,unanimous,finding_commonality,3,unanimous
sharp-tomato,11,True,False,agreement,False,180,Should events in politicians' personal lives impact their ability to hold public office?,politics,2,opposing,0.5,False,2,majority,none,2,majority,none,2,majority,exploring_nuance,3,unanimous
shivering-black,0,False,False,not_discussed,False,15,Do you enjoy being outdoors?,arbitrary,0,shared,1.0,False,3,unanimous,none,3,unanimous,none,3,unanimous,rapport_building,3,unanimous
shivering-black,1,False,False,unclear,False,30,Do you enjoy being outdoors?,arbitrary,0,shared,1.0,False,3,unanimous,none,3,unanimous,none,3,unanimous,stance_sharing,3,unanimous
shivering-black,2,False,False,not_discussed,False,45,Do you enjoy being outdoors?,arbitrary,0,shared,1.0,False,3,unanimous,none,3,unanimous,none,3,unanimous,perspective_seeking,3,unanimous
shivering-black,3,True,True,agreement,True,60,Do you enjoy being outdoors?,arbitrary,0,shared,1.0,True,3,unanimous,same_values,3,unanimous,shared_feelings,3,unanimous,stance_sharing,3,unanimous
shivering-black,4,True,False,agreement,True,75,Do you enjoy being outdoors?,arbitrary,0,shared,1.0,False,3,unanimous,none,3,unanimous,none,3,unanimous,sharing_experience,3,unanimous
shivering-black,5,True,False,agreement,False,90,Do you enjoy being outdoors?,arbitrary,0,shared,1.0,True,3,unanimous,related_subtopic,3,unanimous,shared_feelings,2,majority,finding_commonality,3,unanimous
shivering-black,6,True,False,agreement,False,105,Do you enjoy being outdoors?,arbitrary,0,shared,1.0,False,3,unanimous,none,3,unanimous,none,3,unanimous,perspective_seeking,3,unanimous
shivering-black,7,True,False,agreement,False,120,Do you enjoy being outdoors?,arbitrary,0,shared,1.0,False,3,unanimous,none,3,unanimous,none,3,unanimous,exploring_nuance,3,unanimous
shivering-black,9,True,False,agreement,False,150,Do you enjoy being outdoors?,arbitrary,0,shared,1.0,False,3,unanimous,none,3,unanimous,none,3,unanimous,sharing_experience,3,unanimous
shivering-black,11,True,False,agreement,False,180,Do you enjoy being outdoors?,arbitrary,0,shared,1.0,True,3,unanimous,related_subtopic,3,unanimous,shared_feelings,3,unanimous,sharing_experience,2,majority
shivering-copper,0,False,False,unclear,False,15,Are you a spiritual person?,religion,4,opposing,0.5,False,3,unanimous,none,3,unanimous,none,3,unanimous,stance_sharing,3,unanimous
shivering-copper,1,True,True,disagreement,True,30,Are you a spiritual person?,religion,4,opposing,0.5,False,3,unanimous,none,3,unanimous,none,3,unanimous,stance_sharing,3,unanimous
shivering-copper,2,True,False,disagreement,False,45,Are you a spiritual person?,religion,4,opposing,0.5,False,3,unanimous,none,2,majority,none,3,unanimous,perspective_seeking,3,unanimous
shivering-copper,4,True,False,disagreement,False,75,Are you a spiritual person?,religion,4,opposing,0.5,False,3,unanimous,none,3,unanimous,none,3,unanimous,perspective_seeking,3,unanimous
shivering-copper,7,True,False,disagreement,False,120,Are you a spiritual person?,religion,4,opposing,0.5,False,3,unanimous,none,3,unanimous,none,3,unanimous,exploring_nuance,3,unanimous
shivering-copper,8,True,False,disagreement,False,135,Are you a spiritual person?,religion,4,opposing,0.5,True,3,unanimous,same_values,3,unanimous,shared_thoughts,3,unanimous,exploring_nuance,3,unanimous
shivering-copper,9,True,False,disagreement,False,150,Are you a spiritual person?,religion,4,opposing,0.5,True,3,unanimous,related_subtopic,3,unanimous,shared_thoughts,3,unanimous,exploring_nuance,2,majority
shivering-copper,11,True,False,disagreement,True,180,Are you a spiritual person?,religion,4,opposing,0.5,False,3,unanimous,none,3,unanimous,none,3,unanimous,exploring_nuance,3,unanimous
shivering-copper,12,True,False,disagreement,True,195,Are you a spiritual person?,religion,4,opposing,0.5,False,3,unanimous,rapport_only,3,unanimous,none,3,unanimous,rapport_building,2,majority
shocked-turquoise,1,False,False,not_discussed,False,30,Do you identify as heterosexual?,identity,4,opposing,0.5,False,3,unanimous,none,3,unanimous,none,3,unanimous,stance_sharing,3,unanimous
shocked-turquoise,2,True,True,disagreement,True,45,Do you identify as heterosexual?,identity,4,opposing,0.5,False,3,unanimous,none,3,unanimous,none,3,unanimous,stance_sharing,3,unanimous
shocked-turquoise,3,True,False,disagreement,False,60,Do you identify as heterosexual?,identity,4,opposing,0.5,False,3,unanimous,rapport_only,2,majority,none,3,unanimous,stance_sharing,2,majority
shocked-turquoise,4,True,False,disagreement,False,75,Do you identify as heterosexual?,identity,4,opposing,0.5,False,3,unanimous,rapport_only,3,unanimous,none,3,unanimous,rapport_building,3,unanimous
shocked-turquoise,6,True,False,disagreement,False,105,Do you identify as heterosexual?,identity,4,opposing,0.5,True,2,majority,related_subtopic,2,majority,shared_beliefs,2,majority,perspective_seeking,3,unanimous
shocked-turquoise,8,True,False,disagreement,False,135,Do you identify as heterosexual?,identity,4,opposing,0.5,False,3,unanimous,none,3,unanimous,none,3,unanimous,sharing_experience,3,unanimous
shocked-turquoise,9,True,False,disagreement,False,150,Do you identify as heterosexual?,identity,4,opposing,0.5,True,3,unanimous,related_subtopic,3,unanimous,shared_beliefs,3,unanimous,finding_commonality,3,unanimous
shocked-turquoise,10,True,False,disagreement,False,165,Do you identify as heterosexual?,identity,4,opposing,0.5,True,3,unanimous,related_subtopic,3,unanimous,shared_thoughts,3,unanimous,finding_commonality,2,majority
shocked-turquoise,12,True,False,disagreement,False,195,Do you identify as heterosexual?,identity,4,opposing,0.5,True,3,unanimous,related_subtopic,3,unanimous,shared_thoughts,3,unanimous,finding_commonality,3,unanimous
short-blush,1,False,False,not_discussed,False,30,Do you feel like an outsider in your local community?,identity,2,opposing,1.0,False,3,unanimous,none,3,unanimous,none,3,unanimous,rapport_building,3,unanimous
short-blush,2,False,False,not_discussed,False,45,Do you feel like an outsider in your local community?,identity,2,opposing,1.0,False,3,unanimous,none,3,unanimous,none,3,unanimous,stance_sharing,3,unanimous
short-blush,3,True,True,agreement,False,60,Do you feel like an outsider in your local community?,identity,2,opposing,1.0,True,3,unanimous,same_values,3,unanimous,shared_feelings,3,unanimous,stance_sharing,3,unanimous
short-blush,4,True,False,agreement,False,75,Do you feel like an outsider in your local community?,identity,2,opposing,1.0,False,3,unanimous,none,3,unanimous,none,3,unanimous,finding_commonality,3,unanimous
short-blush,5,True,False,agreement,True,90,Do you feel like an outsider in your local community?,identity,2,opposing,1.0,False,3,unanimous,none,3,unanimous,none,3,unanimous,stance_sharing,3,unanimous
short-blush,8,True,False,agreement,False,135,Do you feel like an outsider in your local community?,identity,2,opposing,1.0,False,3,unanimous,none,3,unanimous,none,3,unanimous,perspective_seeking,3,unanimous
short-blush,10,True,False,agreement,False,165,Do you feel like an outsider in your local community?,identity,2,opposing,1.0,True,3,unanimous,related_subtopic,3,unanimous,shared_feelings,3,unanimous,finding_commonality,3,unanimous
short-blush,11,True,False,agreement,True,180,Do you feel like an outsider in your local community?,identity,2,opposing,1.0,False,3,unanimous,none,3,unanimous,none,3,unanimous,sharing_experience,3,unanimous
sick-plum,0,False,False,not_discussed,False,15,Do you affiliate with any political party?,politics,4,opposing,0.0,False,3,unanimous,none,3,unanimous,none,3,unanimous,rapport_building,3,unanimous
sick-plum,1,False,False,not_discussed,False,30,Do you affiliate with any political party?,politics,4,opposing,0.0,False,3,unanimous,none,3,unanimous,none,3,unanimous,rapport_building,3,unanimous
sick-plum,2,False,False,not_discussed,False,45,Do you affiliate with any political party?,politics,4,opposing,0.0,False,3,unanimous,none,3,unanimous,none,3,unanimous,rapport_building,3,unanimous
sick-plum,3,False,False,not_discussed,False,60,Do you affiliate with any political party?,politics,4,opposing,0.0,False,3,unanimous,none,3,unanimous,none,3,unanimous,stance_sharing,3,unanimous
sick-plum,6,False,False,not_discussed,False,105,Do you affiliate with any political party?,politics,4,opposing,0.0,False,3,unanimous,none,3,unanimous,none,3,unanimous,stance_sharing,3,unanimous
sick-plum,8,True,True,disagreement,True,135,Do you affiliate with any political party?,politics,4,opposing,0.0,False,3,unanimous,none,3,unanimous,none,3,unanimous,stance_sharing,3,unanimous
sick-plum,11,True,False,disagreement,True,180,Do you affiliate with any political party?,politics,4,opposing,0.0,False,3,unanimous,none,2,majority,none,3,unanimous,stance_sharing,2,majority
silly-brown,1,False,False,unclear,False,30,Do you identify as heterosexual?,identity,0,shared,1.0,False,3,unanimous,none,3,unanimous,none,3,unanimous,stance_sharing,3,unanimous
silly-brown,2,True,True,agreement,False,45,Do you identify as heterosexual?,identity,0,shared,1.0,True,3,unanimous,same_values,3,unanimous,shared_thoughts,2,majority,stance_sharing,3,unanimous
silly-brown,3,True,False,agreement,False,60,Do you identify as heterosexual?,identity,0,shared,1.0,True,3,unanimous,same_values,3,unanimous,shared_thoughts,3,unanimous,finding_commonality,3,unanimous
silly-brown,4,True,False,agreement,False,75,Do you identify as heterosexual?,identity,0,shared,1.0,True,2,majority,none,1,no_consensus,shared_thoughts,2,majority,finding_commonality,3,unanimous
silly-brown,5,True,False,agreement,False,90,Do you identify as heterosexual?,identity,0,shared,1.0,True,3,unanimous,related_subtopic,3,unanimous,shared_thoughts,3,unanimous,finding_commonality,3,unanimous
silly-brown,6,True,False,agreement,False,105,Do you identify as heterosexual?,identity,0,shared,1.0,False,3,unanimous,none,3,unanimous,none,3,unanimous,perspective_seeking,3,unanimous
silly-brown,9,True,False,agreement,False,150,Do you identify as heterosexual?,identity,0,shared,1.0,False,3,unanimous,none,3,unanimous,none,3,unanimous,perspective_seeking,3,unanimous
slight-jade,1,False,False,not_discussed,False,30,Are people innately good?,morality,0,shared,1.0,False,3,unanimous,none,2,majority,none,3,unanimous,rapport_building,3,unanimous
slight-jade,2,False,False,not_discussed,False,45,Are people innately good?,morality,0,shared,1.0,False,3,unanimous,none,3,unanimous,none,3,unanimous,stance_sharing,3,unanimous
slight-jade,3,True,True,agreement,False,60,Are people innately good?,morality,0,shared,1.0,True,3,unanimous,same_values,3,unanimous,shared_beliefs,3,unanimous,stance_sharing,3,unanimous
slight-jade,4,True,False,agreement,False,75,Are people innately good?,morality,0,shared,1.0,True,3,unanimous,same_values,3,unanimous,shared_thoughts,2,majority,finding_commonality,3,unanimous
slight-jade,6,True,False,agreement,False,105,Are people innately good?,morality,0,shared,1.0,False,3,unanimous,none,3,unanimous,none,3,unanimous,exploring_nuance,3,unanimous
slight-jade,7,True,False,agreement,False,120,Are people innately good?,morality,0,shared,1.0,True,3,unanimous,same_values,3,unanimous,shared_beliefs,3,unanimous,exploring_nuance,3,unanimous
slight-jade,9,True,False,agreement,False,150,Are people innately good?,morality,0,shared,1.0,False,3,unanimous,none,3,unanimous,none,3,unanimous,other,3,unanimous
slight-jade,10,True,False,agreement,False,165,Are people innately good?,morality,0,shared,1.0,True,3,unanimous,different_topic,3,unanimous,shared_thoughts,3,unanimous,rapport_building,3,unanimous
slippery-jade,1,True,True,disagreement,True,30,Are you a parent or caregiver?,identity,4,opposing,0.5,False,3,unanimous,none,3,unanimous,none,3,unanimous,stance_sharing,3,unanimous
slippery-jade,2,True,False,disagreement,False,45,Are you a parent or caregiver?,identity,4,opposing,0.5,False,3,unanimous,rapport_only,3,unanimous,none,3,unanimous,rapport_building,3,unanimous
slippery-jade,3,True,False,disagreement,False,60,Are you a parent or caregiver?,identity,4,opposing,0.5,True,3,unanimous,related_subtopic,3,unanimous,shared_thoughts,3,unanimous,rapport_building,3,unanimous
slippery-jade,6,True,False,disagreement,False,105,Are you a parent or caregiver?,identity,4,opposing,0.5,False,3,unanimous,none,3,unanimous,none,3,unanimous,finding_commonality,2,majority
slippery-jade,7,True,False,disagreement,False,120,Are you a parent or caregiver?,identity,4,opposing,0.5,False,3,unanimous,none,3,unanimous,none,3,unanimous,perspective_seeking,3,unanimous
slippery-jade,11,True,False,disagreement,False,180,Are you a parent or caregiver?,identity,4,opposing,0.5,False,3,unanimous,none,3,unanimous,none,3,unanimous,sharing_experience,2,majority
slippery-jade,12,True,False,disagreement,False,195,Are you a parent or caregiver?,identity,4,opposing,0.5,False,3,unanimous,rapport_only,3,unanimous,none,3,unanimous,rapport_building,3,unanimous
slippery-turquoise,0,False,False,not_discussed,False,15,Do you work from home?,arbitrary,0,shared,1.0,False,3,unanimous,none,3,unanimous,none,3,unanimous,rapport_building,3,unanimous
slippery-turquoise,1,False,False,not_discussed,False,30,Do you work from home?,arbitrary,0,shared,1.0,False,3,unanimous,none,3,unanimous,none,3,unanimous,rapport_building,3,unanimous
slippery-turquoise,2,False,False,not_discussed,False,45,Do you work from home?,arbitrary,0,shared,1.0,False,3,unanimous,none,3,unanimous,none,3,unanimous,stance_sharing,3,unanimous
slippery-turquoise,3,True,True,agreement,False,60,Do you work from home?,arbitrary,0,shared,1.0,True,2,majority,same_values,2,majority,shared_thoughts,2,majority,stance_sharing,3,unanimous
slippery-turquoise,5,True,False,agreement,False,90,Do you work from home?,arbitrary,0,shared,1.0,False,3,unanimous,none,3,unanimous,none,3,unanimous,sharing_experience,3,unanimous
slippery-turquoise,6,True,False,agreement,False,105,Do you work from home?,arbitrary,0,shared,1.0,False,3,unanimous,none,3,unanimous,none,3,unanimous,perspective_seeking,3,unanimous
slippery-turquoise,8,True,False,agreement,False,135,Do you work from home?,arbitrary,0,shared,1.0,False,3,unanimous,none,3,unanimous,none,3,unanimous,sharing_experience,3,unanimous
slippery-turquoise,10,True,False,agreement,False,165,Do you work from home?,arbitrary,0,shared,1.0,False,3,unanimous,none,3,unanimous,none,3,unanimous,sharing_experience,3,unanimous
slippery-turquoise,11,True,False,agreement,False,180,Do you work from home?,arbitrary,0,shared,1.0,False,3,unanimous,none,3,unanimous,none,3,unanimous,perspective_seeking,3,unanimous
socialist-violet,2,False,False,not_discussed,False,45,Are you going to vote in the next election?,politics,3,opposing,0.5,False,3,unanimous,none,3,unanimous,none,3,unanimous,stance_sharing,3,unanimous
socialist-violet,6,True,True,disagreement,True,105,Are you going to vote in the next election?,politics,3,opposing,0.5,False,3,unanimous,none,3,unanimous,none,3,unanimous,stance_sharing,3,unanimous
socialist-violet,11,True,False,disagreement,False,180,Are you going to vote in the next election?,politics,3,opposing,0.5,False,3,unanimous,none,3,unanimous,none,3,unanimous,exploring_nuance,2,majority
socialist-violet,12,True,False,disagreement,False,195,Are you going to vote in the next election?,politics,3,opposing,0.5,True,3,unanimous,related_subtopic,3,unanimous,shared_beliefs,3,unanimous,finding_commonality,3,unanimous
sole-amber,0,False,False,not_discussed,False,15,Do you affiliate with any political party?,politics,2,opposing,1.0,False,3,unanimous,none,3,unanimous,none,3,unanimous,rapport_building,3,unanimous
sole-amber,1,False,False,not_discussed,False,30,Do you affiliate with any political party?,politics,2,opposing,1.0,False,3,unanimous,none,3,unanimous,none,3,unanimous,perspective_seeking,3,unanimous
sole-amber,2,False,False,not_discussed,False,45,Do you affiliate with any political party?,politics,2,opposing,1.0,False,3,unanimous,none,3,unanimous,none,3,unanimous,stance_sharing,3,unanimous
sole-amber,3,True,True,agreement,False,60,Do you affiliate with any political party?,politics,2,opposing,1.0,True,3,unanimous,same_values,3,unanimous,shared_thoughts,3,unanimous,stance_sharing,3,unanimous
sole-amber,4,True,False,agreement,False,75,Do you affiliate with any political party?,politics,2,opposing,1.0,True,3,unanimous,same_values,3,unanimous,shared_thoughts,3,unanimous,stance_sharing,3,unanimous
sole-amber,5,True,False,agreement,False,90,Do you affiliate with any political party?,politics,2,opposing,1.0,True,3,unanimous,same_values,2,majority,shared_feelings,3,unanimous,exploring_nuance,2,majority
sole-amber,6,True,False,agreement,False,105,Do you affiliate with any political party?,politics,2,opposing,1.0,True,3,unanimous,related_subtopic,3,unanimous,shared_feelings,3,unanimous,finding_commonality,3,unanimous
sole-amber,7,True,False,agreement,False,120,Do you affiliate with any political party?,politics,2,opposing,1.0,True,3,unanimous,related_subtopic,3,unanimous,shared_beliefs,3,unanimous,stance_sharing,2,majority
sole-amber,8,True,False,agreement,False,135,Do you affiliate with any political party?,politics,2,opposing,1.0,True,3,unanimous,related_subtopic,3,unanimous,shared_beliefs,3,unanimous,finding_commonality,3,unanimous
sole-amber,10,True,False,agreement,False,165,Do you affiliate with any political party?,politics,2,opposing,1.0,False,3,unanimous,none,3,unanimous,none,3,unanimous,stance_sharing,3,unanimous
sole-amber,11,True,False,agreement,False,180,Do you affiliate with any political party?,politics,2,opposing,1.0,True,3,unanimous,related_subtopic,3,unanimous,shared_beliefs,3,unanimous,finding_commonality,3,unanimous
sophisticated-beige,0,False,False,not_discussed,False,15,Did you or your family immigrate to a new country?,background,4,opposing,1.0,False,3,unanimous,none,3,unanimous,none,3,unanimous,rapport_building,3,unanimous
sophisticated-beige,1,False,False,not_discussed,False,30,Did you or your family immigrate to a new country?,background,4,opposing,1.0,False,3,unanimous,none,3,unanimous,none,3,unanimous,perspective_seeking,3,unanimous
sophisticated-beige,3,False,False,unclear,False,60,Did you or your family immigrate to a new country?,background,4,opposing,1.0,False,3,unanimous,none,3,unanimous,none,3,unanimous,stance_sharing,2,majority
sophisticated-beige,4,False,False,unclear,False,75,Did you or your family immigrate to a new country?,background,4,opposing,1.0,False,3,unanimous,none,3,unanimous,none,3,unanimous,perspective_seeking,3,unanimous
sophisticated-beige,5,True,True,agreement,False,90,Did you or your family immigrate to a new country?,background,4,opposing,1.0,True,3,unanimous,same_values,3,unanimous,shared_thoughts,3,unanimous,stance_sharing,2,majority
sophisticated-beige,7,True,False,agreement,False,120,Did you or your family immigrate to a new country?,background,4,opposing,1.0,False,3,unanimous,none,3,unanimous,none,3,unanimous,stance_sharing,3,unanimous
sophisticated-beige,8,True,False,agreement,False,135,Did you or your family immigrate to a new country?,background,4,opposing,1.0,False,3,unanimous,none,3,unanimous,none,3,unanimous,stance_sharing,3,unanimous
sophisticated-beige,10,True,False,agreement,False,165,Did you or your family immigrate to a new country?,background,4,opposing,1.0,True,3,unanimous,related_subtopic,3,unanimous,shared_thoughts,3,unanimous,finding_commonality,3,unanimous
soviet-ivory,0,False,False,not_discussed,False,15,Do you work from home?,arbitrary,4,opposing,0.0,False,3,unanimous,none,3,unanimous,none,3,unanimous,stance_sharing,3,unanimous
soviet-ivory,1,True,True,disagreement,True,30,Do you work from home?,arbitrary,4,opposing,0.0,False,3,unanimous,none,3,unanimous,none,3,unanimous,stance_sharing,3,unanimous
soviet-ivory,3,True,False,disagreement,False,60,Do you work from home?,arbitrary,4,opposing,0.0,False,3,unanimous,none,3,unanimous,none,3,unanimous,perspective_seeking,3,unanimous
soviet-ivory,6,True,False,disagreement,False,105,Do you work from home?,arbitrary,4,opposing,0.0,False,3,unanimous,none,3,unanimous,none,3,unanimous,sharing_experience,3,unanimous
soviet-ivory,7,True,False,disagreement,False,120,Do you work from home?,arbitrary,4,opposing,0.0,False,3,unanimous,none,3,unanimous,none,3,unanimous,finding_commonality,2,majority
soviet-ivory,10,True,False,disagreement,False,165,Do you work from home?,arbitrary,4,opposing,0.0,False,3,unanimous,none,3,unanimous,none,3,unanimous,sharing_experience,3,unanimous
special-beige,0,False,False,unclear,False,15,Do you attend live music concerts?,preferences,4,opposing,0.5,False,3,unanimous,none,3,unanimous,none,3,unanimous,stance_sharing,3,unanimous
special-beige,1,True,True,disagreement,True,30,Do you attend live music concerts?,preferences,4,opposing,0.5,False,3,unanimous,none,3,unanimous,none,3,unanimous,stance_sharing,3,unanimous
special-beige,2,True,False,disagreement,False,45,Do you attend live music concerts?,preferences,4,opposing,0.5,False,3,unanimous,none,3,unanimous,none,3,unanimous,sharing_experience,3,unanimous
special-beige,3,True,False,disagreement,False,60,Do you attend live music concerts?,preferences,4,opposing,0.5,False,3,unanimous,none,3,unanimous,none,3,unanimous,perspective_seeking,3,unanimous
special-beige,4,True,False,disagreement,False,75,Do you attend live music concerts?,preferences,4,opposing,0.5,False,3,unanimous,none,3,unanimous,none,3,unanimous,sharing_experience,3,unanimous
special-beige,5,True,False,disagreement,False,90,Do you attend live music concerts?,preferences,4,opposing,0.5,True,3,unanimous,related_subtopic,3,unanimous,shared_thoughts,3,unanimous,finding_commonality,3,unanimous
special-beige,6,True,False,disagreement,False,105,Do you attend live music concerts?,preferences,4,opposing,0.5,False,3,unanimous,none,3,unanimous,none,3,unanimous,sharing_experience,3,unanimous
special-beige,7,True,False,disagreement,False,120,Do you attend live music concerts?,preferences,4,opposing,0.5,True,3,unanimous,related_subtopic,3,unanimous,shared_thoughts,3,unanimous,finding_commonality,3,unanimous
special-beige,8,True,False,disagreement,False,135,Do you attend live music concerts?,preferences,4,opposing,0.5,False,3,unanimous,none,3,unanimous,none,3,unanimous,stance_sharing,3,unanimous
special-beige,9,True,False,disagreement,False,150,Do you attend live music concerts?,preferences,4,opposing,0.5,True,3,unanimous,related_subtopic,3,unanimous,shared_thoughts,3,unanimous,finding_commonality,3,unanimous
special-beige,10,True,False,disagreement,False,165,Do you attend live music concerts?,preferences,4,opposing,0.5,True,3,unanimous,related_subtopic,3,unanimous,shared_thoughts,3,unanimous,finding_commonality,3,unanimous
special-beige,11,True,False,disagreement,False,180,Do you attend live music concerts?,preferences,4,opposing,0.5,False,3,unanimous,rapport_only,3,unanimous,none,3,unanimous,rapport_building,3,unanimous
specific-amethyst,0,False,False,not_discussed,False,15,Did you or your family immigrate to a new country?,background,3,opposing,1.0,False,3,unanimous,none,3,unanimous,none,3,unanimous,rapport_building,3,unanimous
specific-amethyst,2,False,False,not_discussed,False,45,Did you or your family immigrate to a new country?,background,3,opposing,1.0,False,3,unanimous,none,3,unanimous,none,3,unanimous,sharing_experience,3,unanimous
specific-amethyst,3,True,True,disagreement,True,60,Did you or your family immigrate to a new country?,background,3,opposing,1.0,False,3,unanimous,none,3,unanimous,none,3,unanimous,stance_sharing,3,unanimous
specific-amethyst,5,True,False,disagreement,False,90,Did you or your family immigrate to a new country?,background,3,opposing,1.0,False,3,unanimous,none,2,majority,none,3,unanimous,sharing_experience,3,unanimous
specific-amethyst,6,True,False,disagreement,True,105,Did you or your family immigrate to a new country?,background,3,opposing,1.0,False,3,unanimous,none,3,unanimous,none,3,unanimous,stance_sharing,3,unanimous
specific-amethyst,7,True,False,disagreement,False,120,Did you or your family immigrate to a new country?,background,3,opposing,1.0,False,3,unanimous,none,3,unanimous,none,3,unanimous,perspective_seeking,3,unanimous
specific-amethyst,8,True,False,disagreement,True,135,Did you or your family immigrate to a new country?,background,3,opposing,1.0,False,3,unanimous,none,3,unanimous,none,3,unanimous,perspective_seeking,3,unanimous
specific-amethyst,10,True,False,disagreement,False,165,Did you or your family immigrate to a new country?,background,3,opposing,1.0,False,3,unanimous,none,3,unanimous,none,3,unanimous,rapport_building,2,majority
spontaneous-black,0,False,False,unclear,False,15,Do you think elected officials work to support the public's best interest?,politics,2,opposing,1.0,False,3,unanimous,none,3,unanimous,none,3,unanimous,stance_sharing,3,unanimous
spontaneous-black,1,False,False,not_discussed,False,30,Do you think elected officials work to support the public's best interest?,politics,2,opposing,1.0,False,3,unanimous,none,3,unanimous,none,3,unanimous,stance_sharing,2,majority
spontaneous-black,2,True,True,agreement,False,45,Do you think elected officials work to support the public's best interest?,politics,2,opposing,1.0,True,3,unanimous,same_values,3,unanimous,shared_beliefs,2,majority,stance_sharing,3,unanimous
spontaneous-black,4,True,False,agreement,False,75,Do you think elected officials work to support the public's best interest?,politics,2,opposing,1.0,False,3,unanimous,none,3,unanimous,none,3,unanimous,stance_sharing,3,unanimous
spontaneous-black,5,True,False,agreement,False,90,Do you think elected officials work to support the public's best interest?,politics,2,opposing,1.0,True,3,unanimous,same_values,2,majority,shared_thoughts,3,unanimous,rapport_building,2,majority
spontaneous-black,6,True,False,agreement,False,105,Do you think elected officials work to support the public's best interest?,politics,2,opposing,1.0,False,3,unanimous,rapport_only,3,unanimous,none,3,unanimous,rapport_building,3,unanimous
spontaneous-black,8,True,False,agreement,False,135,Do you think elected officials work to support the public's best interest?,politics,2,opposing,1.0,False,3,unanimous,rapport_only,3,unanimous,none,3,unanimous,rapport_building,3,unanimous
spontaneous-black,9,True,False,agreement,False,150,Do you think elected officials work to support the public's best interest?,politics,2,opposing,1.0,True,3,unanimous,different_topic,3,unanimous,shared_feelings,3,unanimous,rapport_building,3,unanimous
spontaneous-black,11,True,False,agreement,False,180,Do you think elected officials work to support the public's best interest?,politics,2,opposing,1.0,True,3,unanimous,different_topic,3,unanimous,shared_thoughts,3,unanimous,rapport_building,3,unanimous
stable-magenta,1,False,False,not_discussed,False,30,Do you enjoy spending time with your family?,background,0,shared,1.0,False,3,unanimous,none,3,unanimous,none,3,unanimous,rapport_building,3,unanimous
stable-magenta,4,False,False,not_discussed,False,75,Do you enjoy spending time with your family?,background,0,shared,1.0,False,3,unanimous,none,3,unanimous,none,3,unanimous,stance_sharing,3,unanimous
stable-magenta,6,False,False,unclear,False,105,Do you enjoy spending time with your family?,background,0,shared,1.0,False,3,unanimous,none,3,unanimous,none,3,unanimous,rapport_building,3,unanimous
stable-magenta,7,True,True,agreement,False,120,Do you enjoy spending time with your family?,background,0,shared,1.0,True,3,unanimous,same_values,3,unanimous,shared_feelings,3,unanimous,stance_sharing,3,unanimous
stable-magenta,9,True,False,agreement,False,150,Do you enjoy spending time with your family?,background,0,shared,1.0,False,3,unanimous,none,3,unanimous,none,3,unanimous,perspective_seeking,3,unanimous
stable-magenta,11,True,False,agreement,False,180,Do you enjoy spending time with your family?,background,0,shared,1.0,True,3,unanimous,related_subtopic,3,unanimous,shared_thoughts,3,unanimous,finding_commonality,3,unanimous
stale-gold,0,False,False,not_discussed,False,15,Are you a spiritual person?,religion,0,shared,1.0,False,3,unanimous,none,3,unanimous,none,3,unanimous,rapport_building,3,unanimous
stale-gold,1,False,False,not_discussed,False,30,Are you a spiritual person?,religion,0,shared,1.0,False,3,unanimous,none,3,unanimous,none,3,unanimous,perspective_seeking,3,unanimous
stale-gold,2,False,False,not_discussed,False,45,Are you a spiritual person?,religion,0,shared,1.0,False,3,unanimous,none,3,unanimous,none,3,unanimous,stance_sharing,3,unanimous
stale-gold,3,True,True,agreement,False,60,Are you a spiritual person?,religion,0,shared,1.0,True,3,unanimous,same_values,3,unanimous,shared_beliefs,3,unanimous,stance_sharing,3,unanimous
stale-gold,4,True,False,agreement,False,75,Are you a spiritual person?,religion,0,shared,1.0,False,3,unanimous,none,3,unanimous,none,3,unanimous,exploring_nuance,3,unanimous
stale-gold,5,True,False,agreement,False,90,Are you a spiritual person?,religion,0,shared,1.0,True,3,unanimous,related_subtopic,3,unanimous,shared_thoughts,2,majority,exploring_nuance,2,majority
stale-gold,6,True,False,agreement,False,105,Are you a spiritual person?,religion,0,shared,1.0,False,3,unanimous,none,3,unanimous,none,3,unanimous,exploring_nuance,3,unanimous
stale-gold,7,True,False,agreement,True,120,Are you a spiritual person?,religion,0,shared,1.0,False,3,unanimous,none,3,unanimous,none,3,unanimous,exploring_nuance,3,unanimous
stale-gold,8,True,False,agreement,False,135,Are you a spiritual person?,religion,0,shared,1.0,False,3,unanimous,none,3,unanimous,none,3,unanimous,stance_sharing,3,unanimous
stale-gold,9,True,False,agreement,False,150,Are you a spiritual person?,religion,0,shared,1.0,False,3,unanimous,none,3,unanimous,none,3,unanimous,stance_sharing,3,unanimous
stale-gold,10,True,False,agreement,True,165,Are you a spiritual person?,religion,0,shared,1.0,True,2,majority,related_subtopic,2,majority,none,1,no_consensus,exploring_nuance,3,unanimous
steady-magenta,0,False,False,not_discussed,False,15,Do you identify as the gender which you were assigned at birth?,identity,4,opposing,0.5,False,3,unanimous,none,2,majority,none,3,unanimous,rapport_building,3,unanimous
steady-magenta,1,False,False,not_discussed,False,30,Do you identify as the gender which you were assigned at birth?,identity,4,opposing,0.5,False,3,unanimous,none,3,unanimous,none,3,unanimous,perspective_seeking,3,unanimous
steady-magenta,2,True,True,disagreement,True,45,Do you identify as the gender which you were assigned at birth?,identity,4,opposing,0.5,False,3,unanimous,none,3,unanimous,none,3,unanimous,stance_sharing,3,unanimous
steady-magenta,4,True,False,disagreement,False,75,Do you identify as the gender which you were assigned at birth?,identity,4,opposing,0.5,False,3,unanimous,none,3,unanimous,none,3,unanimous,perspective_seeking,3,unanimous
steady-magenta,5,True,False,disagreement,False,90,Do you identify as the gender which you were assigned at birth?,identity,4,opposing,0.5,False,3,unanimous,none,3,unanimous,none,3,unanimous,stance_sharing,3,unanimous
steady-magenta,6,True,False,disagreement,False,105,Do you identify as the gender which you were assigned at birth?,identity,4,opposing,0.5,False,3,unanimous,none,3,unanimous,none,3,unanimous,stance_sharing,3,unanimous
steady-magenta,7,True,False,disagreement,False,120,Do you identify as the gender which you were assigned at birth?,identity,4,opposing,0.5,False,3,unanimous,rapport_only,3,unanimous,none,3,unanimous,rapport_building,3,unanimous
steady-magenta,11,True,False,disagreement,False,180,Do you identify as the gender which you were assigned at birth?,identity,4,opposing,0.5,False,3,unanimous,rapport_only,3,unanimous,none,3,unanimous,rapport_building,3,unanimous
steep-gray,2,True,True,agreement,False,45,Are you a parent or caregiver?,identity,4,opposing,0.5,False,3,unanimous,none,3,unanimous,none,3,unanimous,stance_sharing,3,unanimous
steep-gray,4,True,False,agreement,False,75,Are you a parent or caregiver?,identity,4,opposing,0.5,False,3,unanimous,none,3,unanimous,none,3,unanimous,perspective_seeking,3,unanimous
steep-gray,8,True,False,disagreement,False,135,Are you a parent or caregiver?,identity,4,opposing,0.5,False,3,unanimous,none,3,unanimous,none,3,unanimous,stance_sharing,2,majority
steep-gray,9,True,True,disagreement,False,150,Are you a parent or caregiver?,identity,4,opposing,0.5,False,3,unanimous,none,3,unanimous,none,3,unanimous,stance_sharing,3,unanimous
steep-gray,10,True,False,disagreement,False,165,Are you a parent or caregiver?,identity,4,opposing,0.5,True,3,unanimous,same_values,2,majority,shared_thoughts,3,unanimous,finding_commonality,3,unanimous
steep-gray,11,True,False,unclear,False,180,Are you a parent or caregiver?,identity,4,opposing,0.5,False,3,unanimous,none,3,unanimous,none,3,unanimous,perspective_seeking,2,majority
strict-chocolate,1,False,False,not_discussed,False,30,Do you eat breakfast?,arbitrary,0,shared,1.0,False,3,unanimous,none,3,unanimous,none,3,unanimous,rapport_building,3,unanimous
strict-chocolate,2,True,True,agreement,False,45,Do you eat breakfast?,arbitrary,0,shared,1.0,True,3,unanimous,same_values,3,unanimous,shared_thoughts,3,unanimous,stance_sharing,3,unanimous
strict-chocolate,3,True,False,agreement,False,60,Do you eat breakfast?,arbitrary,0,shared,1.0,False,3,unanimous,none,3,unanimous,none,3,unanimous,perspective_seeking,3,unanimous
strict-chocolate,4,True,False,agreement,False,75,Do you eat breakfast?,arbitrary,0,shared,1.0,True,3,unanimous,related_subtopic,3,unanimous,shared_feelings,3,unanimous,finding_commonality,3,unanimous
strict-chocolate,5,True,False,agreement,False,90,Do you eat breakfast?,arbitrary,0,shared,1.0,True,3,unanimous,related_subtopic,3,unanimous,shared_feelings,3,unanimous,finding_commonality,3,unanimous
strict-chocolate,8,True,False,agreement,True,135,Do you eat breakfast?,arbitrary,0,shared,1.0,False,3,unanimous,none,3,unanimous,none,3,unanimous,stance_sharing,3,unanimous
strict-chocolate,9,True,False,agreement,False,150,Do you eat breakfast?,arbitrary,0,shared,1.0,False,3,unanimous,none,3,unanimous,none,3,unanimous,perspective_seeking,3,unanimous
strict-chocolate,10,True,False,agreement,False,165,Do you eat breakfast?,arbitrary,0,shared,1.0,False,3,unanimous,none,3,unanimous,none,3,unanimous,sharing_experience,3,unanimous
strict-chocolate,11,True,False,agreement,False,180,Do you eat breakfast?,arbitrary,0,shared,1.0,True,2,majority,related_subtopic,2,majority,shared_thoughts,2,majority,finding_commonality,3,unanimous
striped-aquamarine,0,False,False,not_discussed,False,15,Do you identify as heterosexual?,identity,3,opposing,0.5,False,3,unanimous,none,3,unanimous,none,3,unanimous,rapport_building,3,unanimous
striped-aquamarine,1,False,False,not_discussed,False,30,Do you identify as heterosexual?,identity,3,opposing,0.5,False,3,unanimous,none,3,unanimous,none,3,unanimous,rapport_building,3,unanimous
striped-aquamarine,2,False,False,not_discussed,False,45,Do you identify as heterosexual?,identity,3,opposing,0.5,False,3,unanimous,none,3,unanimous,none,3,unanimous,rapport_building,3,unanimous
striped-aquamarine,3,False,False,not_discussed,False,60,Do you identify as heterosexual?,identity,3,opposing,0.5,False,3,unanimous,none,3,unanimous,none,3,unanimous,rapport_building,3,unanimous
striped-aquamarine,4,False,False,not_discussed,False,75,Do you identify as heterosexual?,identity,3,opposing,0.5,False,3,unanimous,none,3,unanimous,none,3,unanimous,rapport_building,3,unanimous
striped-aquamarine,5,False,False,not_discussed,False,90,Do you identify as heterosexual?,identity,3,opposing,0.5,False,3,unanimous,none,3,unanimous,none,3,unanimous,stance_sharing,3,unanimous
striped-aquamarine,6,True,True,disagreement,True,105,Do you identify as heterosexual?,identity,3,opposing,0.5,False,3,unanimous,none,3,unanimous,none,3,unanimous,stance_sharing,3,unanimous
striped-aquamarine,7,True,False,disagreement,False,120,Do you identify as heterosexual?,identity,3,opposing,0.5,False,3,unanimous,rapport_only,3,unanimous,none,3,unanimous,rapport_building,3,unanimous
striped-aquamarine,9,True,False,disagreement,True,150,Do you identify as heterosexual?,identity,3,opposing,0.5,False,3,unanimous,none,3,unanimous,none,3,unanimous,sharing_experience,3,unanimous
striped-aquamarine,10,True,False,disagreement,False,165,Do you identify as heterosexual?,identity,3,opposing,0.5,False,3,unanimous,none,3,unanimous,none,3,unanimous,perspective_seeking,3,unanimous
striped-aquamarine,12,True,False,disagreement,False,195,Do you identify as heterosexual?,identity,3,opposing,0.5,False,3,unanimous,none,3,unanimous,none,3,unanimous,sharing_experience,3,unanimous
sunny-apricot,1,False,False,not_discussed,False,30,Do you go out on weekdays?,arbitrary,1,shared,0.5,False,3,unanimous,none,3,unanimous,none,3,unanimous,rapport_building,3,unanimous
sunny-apricot,3,False,False,not_discussed,False,60,Do you go out on weekdays?,arbitrary,1,shared,0.5,False,3,unanimous,none,3,unanimous,none,3,unanimous,stance_sharing,3,unanimous
sunny-apricot,6,True,True,agreement,False,105,Do you go out on weekdays?,arbitrary,1,shared,0.5,True,3,unanimous,same_values,3,unanimous,shared_thoughts,3,unanimous,stance_sharing,3,unanimous
sunny-apricot,7,True,False,agreement,False,120,Do you go out on weekdays?,arbitrary,1,shared,0.5,False,3,unanimous,none,3,unanimous,none,3,unanimous,perspective_seeking,3,unanimous
sunny-apricot,8,True,False,agreement,False,135,Do you go out on weekdays?,arbitrary,1,shared,0.5,False,3,unanimous,none,3,unanimous,none,3,unanimous,perspective_seeking,3,unanimous
sunny-apricot,9,True,False,agreement,False,150,Do you go out on weekdays?,arbitrary,1,shared,0.5,True,3,unanimous,related_subtopic,3,unanimous,shared_feelings,3,unanimous,finding_commonality,3,unanimous
sunny-apricot,10,True,False,agreement,False,165,Do you go out on weekdays?,arbitrary,1,shared,0.5,False,3,unanimous,rapport_only,2,majority,none,3,unanimous,perspective_seeking,3,unanimous
sunny-apricot,11,True,False,agreement,False,180,Do you go out on weekdays?,arbitrary,1,shared,0.5,False,3,unanimous,none,2,majority,none,3,unanimous,rapport_building,3,unanimous
sunny-apricot,12,True,False,agreement,False,195,Do you go out on weekdays?,arbitrary,1,shared,0.5,False,3,unanimous,rapport_only,3,unanimous,none,3,unanimous,rapport_building,3,unanimous
surprised-green,1,False,False,not_discussed,False,30,Did you or your family immigrate to a new country?,background,0,shared,1.0,False,3,unanimous,none,3,unanimous,none,3,unanimous,stance_sharing,3,unanimous
surprised-green,2,True,True,agreement,False,45,Did you or your family immigrate to a new country?,background,0,shared,1.0,True,3,unanimous,same_values,3,unanimous,shared_thoughts,3,unanimous,stance_sharing,3,unanimous
surprised-green,3,True,False,agreement,False,60,Did you or your family immigrate to a new country?,background,0,shared,1.0,False,3,unanimous,none,3,unanimous,none,3,unanimous,perspective_seeking,3,unanimous
surprised-green,6,True,False,agreement,False,105,Did you or your family immigrate to a new country?,background,0,shared,1.0,False,3,unanimous,none,3,unanimous,none,3,unanimous,sharing_experience,3,unanimous
surprised-green,8,True,False,agreement,False,135,Did you or your family immigrate to a new country?,background,0,shared,1.0,True,3,unanimous,related_subtopic,3,unanimous,shared_thoughts,3,unanimous,finding_commonality,2,majority
surprised-green,9,True,False,agreement,False,150,Did you or your family immigrate to a new country?,background,0,shared,1.0,False,3,unanimous,rapport_only,3,unanimous,none,3,unanimous,rapport_building,3,unanimous
tall-tomato,1,False,False,not_discussed,False,30,Did you or your family immigrate to a new country?,background,4,opposing,1.0,False,3,unanimous,none,3,unanimous,none,3,unanimous,stance_sharing,3,unanimous
tall-tomato,2,True,True,disagreement,True,45,Did you or your family immigrate to a new country?,background,4,opposing,1.0,False,3,unanimous,none,3,unanimous,none,3,unanimous,stance_sharing,3,unanimous
tall-tomato,3,True,False,disagreement,False,60,Did you or your family immigrate to a new country?,background,4,opposing,1.0,False,3,unanimous,none,3,unanimous,none,3,unanimous,sharing_experience,3,unanimous
tall-tomato,4,True,False,disagreement,False,75,Did you or your family immigrate to a new country?,background,4,opposing,1.0,False,3,unanimous,rapport_only,3,unanimous,none,3,unanimous,sharing_experience,3,unanimous
tall-tomato,5,True,False,disagreement,False,90,Did you or your family immigrate to a new country?,background,4,opposing,1.0,False,3,unanimous,none,3,unanimous,none,3,unanimous,perspective_seeking,3,unanimous
tall-tomato,6,True,False,disagreement,False,105,Did you or your family immigrate to a new country?,background,4,opposing,1.0,False,3,unanimous,none,3,unanimous,none,3,unanimous,perspective_seeking,2,majority
tall-tomato,7,True,False,disagreement,False,120,Did you or your family immigrate to a new country?,background,4,opposing,1.0,False,3,unanimous,none,3,unanimous,none,3,unanimous,sharing_experience,3,unanimous
tall-tomato,8,True,False,disagreement,False,135,Did you or your family immigrate to a new country?,background,4,opposing,1.0,False,3,unanimous,none,3,unanimous,none,3,unanimous,perspective_seeking,3,unanimous
tall-tomato,9,True,False,disagreement,False,150,Did you or your family immigrate to a new country?,background,4,opposing,1.0,False,3,unanimous,none,3,unanimous,none,3,unanimous,sharing_experience,3,unanimous
tall-tomato,10,True,False,disagreement,False,165,Did you or your family immigrate to a new country?,background,4,opposing,1.0,False,3,unanimous,none,2,majority,none,3,unanimous,sharing_experience,3,unanimous
tall-tomato,11,True,False,disagreement,False,180,Did you or your family immigrate to a new country?,background,4,opposing,1.0,False,3,unanimous,none,3,unanimous,none,3,unanimous,perspective_seeking,3,unanimous
tall-tomato,12,True,False,disagreement,False,195,Did you or your family immigrate to a new country?,background,4,opposing,1.0,False,3,unanimous,rapport_only,3,unanimous,none,3,unanimous,rapport_building,2,majority
taller-tomato,1,False,False,unclear,False,30,Do you live in a city?,background,4,opposing,0.0,False,3,unanimous,none,3,unanimous,none,3,unanimous,stance_sharing,3,unanimous
taller-tomato,2,True,True,disagreement,True,45,Do you live in a city?,background,4,opposing,0.0,False,3,unanimous,none,3,unanimous,none,3,unanimous,stance_sharing,3,unanimous
taller-tomato,4,True,False,disagreement,False,75,Do you live in a city?,background,4,opposing,0.0,False,3,unanimous,rapport_only,3,unanimous,none,3,unanimous,perspective_seeking,3,unanimous
taller-tomato,6,True,False,disagreement,False,105,Do you live in a city?,background,4,opposing,0.0,False,3,unanimous,none,3,unanimous,none,3,unanimous,sharing_experience,3,unanimous
taller-tomato,8,True,False,disagreement,False,135,Do you live in a city?,background,4,opposing,0.0,False,3,unanimous,none,3,unanimous,none,3,unanimous,perspective_seeking,3,unanimous
taller-tomato,10,True,False,disagreement,False,165,Do you live in a city?,background,4,opposing,0.0,True,3,unanimous,related_subtopic,3,unanimous,shared_feelings,3,unanimous,finding_commonality,3,unanimous
taller-tomato,12,True,False,disagreement,False,195,Do you live in a city?,background,4,opposing,0.0,False,3,unanimous,none,3,unanimous,none,3,unanimous,sharing_experience,3,unanimous
technical-copper,2,False,False,not_discussed,False,45,Do you feel like an outsider in your local community?,identity,4,opposing,0.5,False,3,unanimous,none,3,unanimous,none,3,unanimous,stance_sharing,3,unanimous
technical-copper,3,True,True,disagreement,True,60,Do you feel like an outsider in your local community?,identity,4,opposing,0.5,False,3,unanimous,none,3,unanimous,none,3,unanimous,stance_sharing,3,unanimous
technical-copper,4,True,False,disagreement,False,75,Do you feel like an outsider in your local community?,identity,4,opposing,0.5,False,3,unanimous,none,3,unanimous,none,3,unanimous,stance_sharing,3,unanimous
technical-copper,5,True,False,disagreement,False,90,Do you feel like an outsider in your local community?,identity,4,opposing,0.5,False,3,unanimous,rapport_only,3,unanimous,none,3,unanimous,rapport_building,3,unanimous
technical-copper,7,True,False,disagreement,False,120,Do you feel like an outsider in your local community?,identity,4,opposing,0.5,False,3,unanimous,none,3,unanimous,none,3,unanimous,perspective_seeking,3,unanimous
technical-copper,11,True,False,disagreement,False,180,Do you feel like an outsider in your local community?,identity,4,opposing,0.5,False,3,unanimous,none,3,unanimous,none,3,unanimous,stance_sharing,3,unanimous
technological-silver,1,False,False,not_discussed,False,30,Do you live in a warm climate?,background,0,shared,1.0,False,3,unanimous,none,3,unanimous,none,3,unanimous,perspective_seeking,2,majority
technological-silver,2,True,True,agreement,False,45,Do you live in a warm climate?,background,0,shared,1.0,True,3,unanimous,same_values,3,unanimous,shared_thoughts,3,unanimous,stance_sharing,3,unanimous
technological-silver,3,True,False,agreement,False,60,Do you live in a warm climate?,background,0,shared,1.0,False,3,unanimous,none,3,unanimous,none,3,unanimous,perspective_seeking,3,unanimous
technological-silver,4,True,False,agreement,False,75,Do you live in a warm climate?,background,0,shared,1.0,False,3,unanimous,none,3,unanimous,none,3,unanimous,perspective_seeking,3,unanimous
technological-silver,5,True,False,agreement,False,90,Do you live in a warm climate?,background,0,shared,1.0,False,3,unanimous,none,3,unanimous,none,3,unanimous,other,3,unanimous
technological-silver,6,True,False,agreement,False,105,Do you live in a warm climate?,background,0,shared,1.0,False,3,unanimous,none,3,unanimous,none,3,unanimous,exploring_nuance,3,unanimous
technological-silver,7,True,False,agreement,False,120,Do you live in a warm climate?,background,0,shared,1.0,False,3,unanimous,none,3,unanimous,none,3,unanimous,perspective_seeking,3,unanimous
technological-silver,8,True,False,agreement,False,135,Do you live in a warm climate?,background,0,shared,1.0,True,3,unanimous,related_subtopic,3,unanimous,shared_feelings,3,unanimous,finding_commonality,3,unanimous
technological-silver,9,True,False,agreement,False,150,Do you live in a warm climate?,background,0,shared,1.0,True,3,unanimous,same_values,2,majority,shared_feelings,3,unanimous,finding_commonality,3,unanimous
technological-silver,10,True,False,agreement,False,165,Do you live in a warm climate?,background,0,shared,1.0,False,3,unanimous,rapport_only,3,unanimous,none,3,unanimous,finding_commonality,3,unanimous
technological-silver,11,True,False,agreement,False,180,Do you live in a warm climate?,background,0,shared,1.0,False,3,unanimous,rapport_only,2,majority,none,3,unanimous,sharing_experience,2,majority
technological-silver,12,True,False,agreement,False,195,Do you live in a warm climate?,background,0,shared,1.0,False,3,unanimous,none,3,unanimous,none,3,unanimous,other,2,majority
terrible-azure,1,False,False,not_discussed,False,30,Are you a parent or caregiver?,identity,4,opposing,0.0,False,3,unanimous,none,3,unanimous,none,3,unanimous,stance_sharing,3,unanimous
terrible-azure,3,True,True,disagreement,True,60,Are you a parent or caregiver?,identity,4,opposing,0.0,False,3,unanimous,none,3,unanimous,none,3,unanimous,stance_sharing,3,unanimous
terrible-azure,4,True,True,disagreement,True,75,Are you a parent or caregiver?,identity,4,opposing,0.0,False,3,unanimous,none,3,unanimous,none,3,unanimous,stance_sharing,3,unanimous
terrible-azure,5,True,False,disagreement,False,90,Are you a parent or caregiver?,identity,4,opposing,0.0,False,3,unanimous,none,3,unanimous,none,3,unanimous,perspective_seeking,3,unanimous
terrible-azure,6,True,False,disagreement,False,105,Are you a parent or caregiver?,identity,4,opposing,0.0,False,3,unanimous,none,3,unanimous,none,3,unanimous,perspective_seeking,3,unanimous
terrible-azure,7,True,False,disagreement,True,120,Are you a parent or caregiver?,identity,4,opposing,0.0,False,3,unanimous,none,3,unanimous,none,3,unanimous,exploring_nuance,3,unanimous
terrible-azure,8,True,False,disagreement,False,135,Are you a parent or caregiver?,identity,4,opposing,0.0,False,3,unanimous,none,3,unanimous,none,3,unanimous,sharing_experience,3,unanimous
terrible-azure,9,True,False,disagreement,False,150,Are you a parent or caregiver?,identity,4,opposing,0.0,False,3,unanimous,none,3,unanimous,none,3,unanimous,perspective_seeking,3,unanimous
terrible-azure,10,True,False,disagreement,False,165,Are you a parent or caregiver?,identity,4,opposing,0.0,False,3,unanimous,none,3,unanimous,none,3,unanimous,perspective_seeking,3,unanimous
terrible-azure,11,True,False,disagreement,False,180,Are you a parent or caregiver?,identity,4,opposing,0.0,False,3,unanimous,none,3,unanimous,none,3,unanimous,sharing_experience,3,unanimous
thick-turquoise,0,False,False,not_discussed,False,15,Do you live in a city?,background,0,shared,1.0,False,3,unanimous,none,3,unanimous,none,3,unanimous,rapport_building,3,unanimous
thick-turquoise,1,False,False,not_discussed,False,30,Do you live in a city?,background,0,shared,1.0,False,3,unanimous,none,3,unanimous,none,3,unanimous,rapport_building,3,unanimous
thick-turquoise,2,False,False,not_discussed,False,45,Do you live in a city?,background,0,shared,1.0,False,3,unanimous,none,3,unanimous,none,3,unanimous,other,3,unanimous
thick-turquoise,3,True,True,agreement,False,60,Do you live in a city?,background,0,shared,1.0,True,3,unanimous,same_values,3,unanimous,shared_thoughts,3,unanimous,stance_sharing,3,unanimous
thick-turquoise,5,True,False,agreement,False,90,Do you live in a city?,background,0,shared,1.0,False,3,unanimous,none,3,unanimous,none,3,unanimous,perspective_seeking,3,unanimous
thick-turquoise,6,True,False,agreement,False,105,Do you live in a city?,background,0,shared,1.0,False,3,unanimous,none,3,unanimous,none,3,unanimous,perspective_seeking,3,unanimous
thick-turquoise,8,True,False,agreement,False,135,Do you live in a city?,background,0,shared,1.0,True,3,unanimous,related_subtopic,3,unanimous,shared_thoughts,3,unanimous,finding_commonality,3,unanimous
thick-turquoise,9,True,False,agreement,False,150,Do you live in a city?,background,0,shared,1.0,False,3,unanimous,none,3,unanimous,none,3,unanimous,sharing_experience,2,majority
thick-turquoise,10,True,False,agreement,False,165,Do you live in a city?,background,0,shared,1.0,False,3,unanimous,none,3,unanimous,none,3,unanimous,perspective_seeking,3,unanimous
thick-turquoise,11,True,False,agreement,False,180,Do you live in a city?,background,0,shared,1.0,True,3,unanimous,related_subtopic,3,unanimous,shared_feelings,3,unanimous,finding_commonality,3,unanimous
thirsty-amaranth,1,False,False,unclear,False,30,Are you a parent or caregiver?,identity,4,opposing,1.0,False,3,unanimous,none,3,unanimous,none,3,unanimous,stance_sharing,3,unanimous
thirsty-amaranth,2,False,False,not_discussed,False,45,Are you a parent or caregiver?,identity,4,opposing,1.0,False,3,unanimous,none,3,unanimous,none,3,unanimous,stance_sharing,3,unanimous
thirsty-amaranth,5,True,True,disagreement,True,90,Are you a parent or caregiver?,identity,4,opposing,1.0,False,3,unanimous,none,3,unanimous,none,3,unanimous,stance_sharing,3,unanimous
thirsty-amaranth,6,True,False,disagreement,False,105,Are you a parent or caregiver?,identity,4,opposing,1.0,True,2,majority,related_subtopic,2,majority,shared_thoughts,2,majority,rapport_building,2,majority
thirsty-amaranth,7,True,False,disagreement,False,120,Are you a parent or caregiver?,identity,4,opposing,1.0,False,3,unanimous,none,3,unanimous,none,3,unanimous,sharing_experience,3,unanimous
thirsty-amaranth,9,True,False,disagreement,False,150,Are you a parent or caregiver?,identity,4,opposing,1.0,False,3,unanimous,none,3,unanimous,none,3,unanimous,sharing_experience,3,unanimous
thirsty-amaranth,11,True,False,disagreement,False,180,Are you a parent or caregiver?,identity,4,opposing,1.0,True,3,unanimous,related_subtopic,3,unanimous,shared_thoughts,2,majority,finding_commonality,3,unanimous
thirsty-amaranth,12,True,False,disagreement,False,195,Are you a parent or caregiver?,identity,4,opposing,1.0,False,3,unanimous,none,3,unanimous,none,3,unanimous,rapport_building,3,unanimous
tory-salmon,0,False,False,not_discussed,False,15,Do you affiliate with any political party?,politics,4,opposing,0.5,False,3,unanimous,none,2,majority,none,3,unanimous,rapport_building,3,unanimous
tory-salmon,1,False,False,unclear,False,30,Do you affiliate with any political party?,politics,4,opposing,0.5,False,3,unanimous,none,3,unanimous,none,3,unanimous,stance_sharing,3,unanimous
tory-salmon,2,True,True,unclear,False,45,Do you affiliate with any political party?,politics,4,opposing,0.5,True,3,unanimous,related_subtopic,3,unanimous,shared_thoughts,3,unanimous,stance_sharing,3,unanimous
tory-salmon,3,True,False,agreement,False,60,Do you affiliate with any political party?,politics,4,opposing,0.5,True,3,unanimous,related_subtopic,2,majority,shared_thoughts,3,unanimous,finding_commonality,3,unanimous
tory-salmon,4,True,False,agreement,False,75,Do you affiliate with any political party?,politics,4,opposing,0.5,False,3,unanimous,none,3,unanimous,none,3,unanimous,exploring_nuance,3,unanimous
tory-salmon,6,True,False,agreement,False,105,Do you affiliate with any political party?,politics,4,opposing,0.5,True,3,unanimous,related_subtopic,3,unanimous,shared_thoughts,3,unanimous,exploring_nuance,3,unanimous
tory-salmon,7,True,False,agreement,False,120,Do you affiliate with any political party?,politics,4,opposing,0.5,False,3,unanimous,none,3,unanimous,none,3,unanimous,exploring_nuance,3,unanimous
tory-salmon,8,True,False,agreement,False,135,Do you affiliate with any political party?,politics,4,opposing,0.5,True,3,unanimous,related_subtopic,3,unanimous,shared_feelings,3,unanimous,finding_commonality,3,unanimous
tory-salmon,10,False,False,unclear,False,165,Do you affiliate with any political party?,politics,4,opposing,0.5,False,3,unanimous,none,3,unanimous,none,3,unanimous,perspective_seeking,3,unanimous
tory-salmon,11,True,True,agreement,False,180,Do you affiliate with any political party?,politics,4,opposing,0.5,True,3,unanimous,same_values,3,unanimous,shared_beliefs,3,unanimous,stance_sharing,3,unanimous
tough-pink,1,False,False,not_discussed,False,30,Do you think elected officials work to support the public's best interest?,politics,0,shared,1.0,False,3,unanimous,none,3,unanimous,none,3,unanimous,stance_sharing,3,unanimous
tough-pink,2,True,True,agreement,False,45,Do you think elected officials work to support the public's best interest?,politics,0,shared,1.0,True,3,unanimous,same_values,3,unanimous,shared_beliefs,3,unanimous,stance_sharing,3,unanimous
tough-pink,3,True,False,agreement,False,60,Do you think elected officials work to support the public's best interest?,politics,0,shared,1.0,True,3,unanimous,same_values,3,unanimous,shared_beliefs,2,majority,stance_sharing,2,majority
tough-pink,4,True,False,agreement,False,75,Do you think elected officials work to support the public's best interest?,politics,0,shared,1.0,True,3,unanimous,same_values,3,unanimous,shared_thoughts,3,unanimous,stance_sharing,3,unanimous
tough-pink,5,True,False,agreement,False,90,Do you think elected officials work to support the public's best interest?,politics,0,shared,1.0,True,3,unanimous,same_values,3,unanimous,shared_beliefs,2,majority,exploring_nuance,3,unanimous
tough-pink,6,True,False,agreement,False,105,Do you think elected officials work to support the public's best interest?,politics,0,shared,1.0,True,2,majority,same_values,2,majority,none,1,no_consensus,exploring_nuance,3,unanimous
tough-pink,7,True,False,agreement,False,120,Do you think elected officials work to support the public's best interest?,politics,0,shared,1.0,False,3,unanimous,none,3,unanimous,none,3,unanimous,exploring_nuance,3,unanimous
tough-pink,8,True,False,agreement,False,135,Do you think elected officials work to support the public's best interest?,politics,0,shared,1.0,True,3,unanimous,same_values,3,unanimous,shared_thoughts,2,majority,finding_commonality,3,unanimous
tough-pink,9,True,False,agreement,False,150,Do you think elected officials work to support the public's best interest?,politics,0,shared,1.0,False,3,unanimous,none,3,unanimous,none,3,unanimous,exploring_nuance,3,unanimous
tough-pink,10,True,False,agreement,False,165,Do you think elected officials work to support the public's best interest?,politics,0,shared,1.0,True,3,unanimous,same_values,3,unanimous,shared_thoughts,2,majority,exploring_nuance,3,unanimous
tough-pink,12,True,False,agreement,False,195,Do you think elected officials work to support the public's best interest?,politics,0,shared,1.0,True,3,unanimous,same_values,3,unanimous,shared_thoughts,3,unanimous,exploring_nuance,3,unanimous
tremendous-beige,0,False,False,not_discussed,False,15,Do you affiliate with any political party?,politics,0,shared,1.0,False,3,unanimous,none,3,unanimous,none,3,unanimous,rapport_building,3,unanimous
tremendous-beige,1,False,False,not_discussed,False,30,Do you affiliate with any political party?,politics,0,shared,1.0,False,3,unanimous,none,3,unanimous,none,3,unanimous,rapport_building,3,unanimous
tremendous-beige,2,True,True,agreement,False,45,Do you affiliate with any political party?,politics,0,shared,1.0,True,3,unanimous,same_values,3,unanimous,shared_beliefs,3,unanimous,stance_sharing,3,unanimous
tremendous-beige,3,True,False,agreement,False,60,Do you affiliate with any political party?,politics,0,shared,1.0,True,3,unanimous,same_values,2,majority,shared_beliefs,2,majority,exploring_nuance,3,unanimous
tremendous-beige,4,True,False,agreement,False,75,Do you affiliate with any political party?,politics,0,shared,1.0,True,3,unanimous,different_topic,2,majority,shared_feelings,3,unanimous,rapport_building,3,unanimous
tremendous-beige,5,True,False,agreement,False,90,Do you affiliate with any political party?,politics,0,shared,1.0,True,2,majority,related_subtopic,2,majority,shared_thoughts,2,majority,exploring_nuance,3,unanimous
tremendous-beige,6,True,False,agreement,False,105,Do you affiliate with any political party?,politics,0,shared,1.0,True,3,unanimous,related_subtopic,3,unanimous,shared_thoughts,3,unanimous,exploring_nuance,3,unanimous
tremendous-beige,7,True,False,agreement,False,120,Do you affiliate with any political party?,politics,0,shared,1.0,False,3,unanimous,none,3,unanimous,none,3,unanimous,sharing_experience,3,unanimous
tremendous-beige,8,True,False,agreement,False,135,Do you affiliate with any political party?,politics,0,shared,1.0,False,3,unanimous,rapport_only,3,unanimous,none,3,unanimous,rapport_building,3,unanimous
tremendous-beige,9,True,False,agreement,False,150,Do you affiliate with any political party?,politics,0,shared,1.0,False,3,unanimous,rapport_only,3,unanimous,none,3,unanimous,rapport_building,3,unanimous
tremendous-beige,10,True,False,agreement,False,165,Do you affiliate with any political party?,politics,0,shared,1.0,True,3,unanimous,same_values,3,unanimous,shared_beliefs,3,unanimous,rapport_building,3,unanimous
tremendous-beige,11,True,False,agreement,False,180,Do you affiliate with any political party?,politics,0,shared,1.0,False,3,unanimous,rapport_only,3,unanimous,none,3,unanimous,rapport_building,3,unanimous
ugly-tomato,1,False,False,not_discussed,False,30,Have you stayed in the same place for your entire life?,background,0,shared,1.0,False,3,unanimous,none,3,unanimous,none,3,unanimous,stance_sharing,3,unanimous
ugly-tomato,4,True,True,agreement,False,75,Have you stayed in the same place for your entire life?,background,0,shared,1.0,False,3,unanimous,none,3,unanimous,none,3,unanimous,stance_sharing,3,unanimous
ugly-tomato,6,True,False,unclear,False,105,Have you stayed in the same place for your entire life?,background,0,shared,1.0,False,3,unanimous,rapport_only,3,unanimous,none,3,unanimous,rapport_building,3,unanimous
ugly-tomato,9,True,False,disagreement,False,150,Have you stayed in the same place for your entire life?,background,0,shared,1.0,False,3,unanimous,none,3,unanimous,none,3,unanimous,stance_sharing,3,unanimous
ugly-tomato,10,True,False,unclear,False,165,Have you stayed in the same place for your entire life?,background,0,shared,1.0,False,3,unanimous,rapport_only,3,unanimous,none,3,unanimous,rapport_building,3,unanimous
unknown-brown,0,False,False,not_discussed,False,15,Have you stayed in the same place for your entire life?,background,4,opposing,0.5,False,3,unanimous,none,3,unanimous,none,3,unanimous,rapport_building,3,unanimous
unknown-brown,1,False,False,not_discussed,False,30,Have you stayed in the same place for your entire life?,background,4,opposing,0.5,False,3,unanimous,none,3,unanimous,none,3,unanimous,rapport_building,3,unanimous
unknown-brown,2,False,False,not_discussed,False,45,Have you stayed in the same place for your entire life?,background,4,opposing,0.5,False,3,unanimous,none,3,unanimous,none,3,unanimous,other,3,unanimous
unknown-brown,3,False,False,not_discussed,False,60,Have you stayed in the same place for your entire life?,background,4,opposing,0.5,False,3,unanimous,none,3,unanimous,none,3,unanimous,perspective_seeking,3,unanimous
unknown-brown,4,False,False,not_discussed,False,75,Have you stayed in the same place for your entire life?,background,4,opposing,0.5,False,3,unanimous,none,3,unanimous,none,3,unanimous,stance_sharing,2,majority
unknown-brown,6,False,False,not_discussed,False,105,Have you stayed in the same place for your entire life?,background,4,opposing,0.5,False,3,unanimous,none,3,unanimous,none,3,unanimous,perspective_seeking,3,unanimous
unknown-brown,7,False,False,not_discussed,False,120,Have you stayed in the same place for your entire life?,background,4,opposing,0.5,False,3,unanimous,none,3,unanimous,none,3,unanimous,sharing_experience,3,unanimous
unknown-brown,8,False,False,not_discussed,False,135,Have you stayed in the same place for your entire life?,background,4,opposing,0.5,False,3,unanimous,none,3,unanimous,none,3,unanimous,stance_sharing,3,unanimous
unknown-brown,9,False,False,not_discussed,False,150,Have you stayed in the same place for your entire life?,background,4,opposing,0.5,False,3,unanimous,none,3,unanimous,none,3,unanimous,perspective_seeking,3,unanimous
unknown-brown,11,True,True,disagreement,True,180,Have you stayed in the same place for your entire life?,background,4,opposing,0.5,False,3,unanimous,none,3,unanimous,none,3,unanimous,stance_sharing,3,unanimous
unnecessary-teal,0,False,False,not_discussed,False,15,Have you stayed in the same place for your entire life?,background,4,opposing,1.0,False,3,unanimous,none,3,unanimous,none,3,unanimous,rapport_building,3,unanimous
unnecessary-teal,1,False,False,not_discussed,False,30,Have you stayed in the same place for your entire life?,background,4,opposing,1.0,False,3,unanimous,none,3,unanimous,none,3,unanimous,rapport_building,3,unanimous
unnecessary-teal,2,False,False,not_discussed,False,45,Have you stayed in the same place for your entire life?,background,4,opposing,1.0,False,3,unanimous,none,3,unanimous,none,3,unanimous,rapport_building,3,unanimous
unnecessary-teal,3,True,True,disagreement,True,60,Have you stayed in the same place for your entire life?,background,4,opposing,1.0,False,3,unanimous,none,3,unanimous,none,3,unanimous,stance_sharing,3,unanimous
unnecessary-teal,4,True,False,disagreement,False,75,Have you stayed in the same place for your entire life?,background,4,opposing,1.0,False,3,unanimous,none,3,unanimous,none,3,unanimous,perspective_seeking,3,unanimous
unnecessary-teal,5,True,False,disagreement,False,90,Have you stayed in the same place for your entire life?,background,4,opposing,1.0,False,3,unanimous,none,3,unanimous,none,3,unanimous,sharing_experience,3,unanimous
unnecessary-teal,6,True,False,disagreement,False,105,Have you stayed in the same place for your entire life?,background,4,opposing,1.0,False,2,majority,rapport_only,2,majority,none,2,majority,rapport_building,2,majority
unnecessary-teal,7,True,False,disagreement,False,120,Have you stayed in the same place for your entire life?,background,4,opposing,1.0,False,3,unanimous,none,3,unanimous,none,3,unanimous,sharing_experience,3,unanimous
unnecessary-teal,8,True,False,disagreement,False,135,Have you stayed in the same place for your entire life?,background,4,opposing,1.0,False,3,unanimous,none,3,unanimous,none,3,unanimous,sharing_experience,3,unanimous
unnecessary-teal,9,True,False,disagreement,False,150,Have you stayed in the same place for your entire life?,background,4,opposing,1.0,True,2,majority,related_subtopic,2,majority,none,1,no_consensus,finding_commonality,3,unanimous
unnecessary-teal,10,True,False,disagreement,False,165,Have you stayed in the same place for your entire life?,background,4,opposing,1.0,False,3,unanimous,rapport_only,3,unanimous,none,3,unanimous,finding_commonality,3,unanimous
unnecessary-teal,11,True,False,disagreement,False,180,Have you stayed in the same place for your entire life?,background,4,opposing,1.0,False,3,unanimous,rapport_only,3,unanimous,none,3,unanimous,rapport_building,3,unanimous
unsightly-moccasin,1,False,False,not_discussed,False,30,Are you a parent or caregiver?,identity,4,opposing,0.0,False,3,unanimous,none,3,unanimous,none,3,unanimous,perspective_seeking,3,unanimous
unsightly-moccasin,3,False,False,not_discussed,False,60,Are you a parent or caregiver?,identity,4,opposing,0.0,False,3,unanimous,none,3,unanimous,none,3,unanimous,stance_sharing,3,unanimous
unsightly-moccasin,4,False,False,unclear,False,75,Are you a parent or caregiver?,identity,4,opposing,0.0,False,3,unanimous,none,3,unanimous,none,3,unanimous,rapport_building,3,unanimous
unsightly-moccasin,5,True,True,disagreement,True,90,Are you a parent or caregiver?,identity,4,opposing,0.0,False,3,unanimous,none,3,unanimous,none,3,unanimous,stance_sharing,3,unanimous
unsightly-moccasin,6,True,False,disagreement,False,105,Are you a parent or caregiver?,identity,4,opposing,0.0,False,3,unanimous,none,3,unanimous,none,3,unanimous,perspective_seeking,3,unanimous
unsightly-moccasin,7,True,False,disagreement,False,120,Are you a parent or caregiver?,identity,4,opposing,0.0,False,3,unanimous,none,3,unanimous,none,3,unanimous,perspective_seeking,3,unanimous
unsightly-moccasin,8,True,False,disagreement,False,135,Are you a parent or caregiver?,identity,4,opposing,0.0,False,3,unanimous,none,3,unanimous,none,3,unanimous,sharing_experience,2,majority
unsightly-moccasin,10,True,False,disagreement,False,165,Are you a parent or caregiver?,identity,4,opposing,0.0,False,3,unanimous,none,3,unanimous,none,3,unanimous,sharing_experience,3,unanimous
unsightly-moccasin,11,True,False,disagreement,False,180,Are you a parent or caregiver?,identity,4,opposing,0.0,False,3,unanimous,rapport_only,3,unanimous,none,3,unanimous,rapport_building,3,unanimous
unsightly-moccasin,12,True,False,disagreement,False,195,Are you a parent or caregiver?,identity,4,opposing,0.0,False,3,unanimous,rapport_only,3,unanimous,none,3,unanimous,rapport_building,3,unanimous
unusual-peach,2,False,False,not_discussed,False,45,Are people innately good?,morality,0,shared,1.0,False,3,unanimous,none,3,unanimous,none,3,unanimous,stance_sharing,3,unanimous
unusual-peach,3,True,True,agreement,False,60,Are people innately good?,morality,0,shared,1.0,True,2,majority,same_values,2,majority,shared_beliefs,2,majority,stance_sharing,3,unanimous
unusual-peach,4,True,False,agreement,False,75,Are people innately good?,morality,0,shared,1.0,True,3,unanimous,same_values,3,unanimous,shared_feelings,2,majority,finding_commonality,3,unanimous
unusual-peach,6,True,False,agreement,False,105,Are people innately good?,morality,0,shared,1.0,True,3,unanimous,same_values,3,unanimous,shared_beliefs,3,unanimous,stance_sharing,2,majority
unusual-peach,7,True,False,agreement,False,120,Are people innately good?,morality,0,shared,1.0,True,3,unanimous,same_values,3,unanimous,shared_feelings,3,unanimous,finding_commonality,3,unanimous
unusual-peach,9,True,False,agreement,False,150,Are people innately good?,morality,0,shared,1.0,True,3,unanimous,same_values,3,unanimous,shared_beliefs,2,majority,exploring_nuance,3,unanimous
unusual-peach,11,True,False,agreement,False,180,Are people innately good?,morality,0,shared,1.0,True,3,unanimous,related_subtopic,2,majority,shared_thoughts,3,unanimous,exploring_nuance,3,unanimous
vague-tomato,0,False,False,not_discussed,False,15,Do you identify as the gender which you were assigned at birth?,identity,4,opposing,0.5,False,3,unanimous,none,2,majority,none,3,unanimous,rapport_building,3,unanimous
vague-tomato,1,False,False,not_discussed,False,30,Do you identify as the gender which you were assigned at birth?,identity,4,opposing,0.5,False,3,unanimous,none,3,unanimous,none,3,unanimous,perspective_seeking,3,unanimous
vague-tomato,2,False,False,not_discussed,False,45,Do you identify as the gender which you were assigned at birth?,identity,4,opposing,0.5,False,3,unanimous,none,3,unanimous,none,3,unanimous,stance_sharing,3,unanimous
vague-tomato,3,False,False,not_discussed,False,60,Do you identify as the gender which you were assigned at birth?,identity,4,opposing,0.5,False,3,unanimous,none,3,unanimous,none,3,unanimous,perspective_seeking,3,unanimous
vague-tomato,4,True,True,disagreement,True,75,Do you identify as the gender which you were assigned at birth?,identity,4,opposing,0.5,False,3,unanimous,rapport_only,2,majority,none,3,unanimous,stance_sharing,3,unanimous
vague-tomato,8,True,False,disagreement,False,135,Do you identify as the gender which you were assigned at birth?,identity,4,opposing,0.5,False,2,majority,none,2,majority,none,2,majority,finding_commonality,3,unanimous
vague-tomato,9,True,False,disagreement,False,150,Do you identify as the gender which you were assigned at birth?,identity,4,opposing,0.5,True,3,unanimous,related_subtopic,3,unanimous,shared_beliefs,3,unanimous,finding_commonality,3,unanimous
vague-tomato,11,True,False,disagreement,False,180,Do you identify as the gender which you were assigned at birth?,identity,4,opposing,0.5,False,3,unanimous,rapport_only,3,unanimous,none,3,unanimous,rapport_building,3,unanimous
valid-tan,0,False,False,not_discussed,False,15,Is it ethical to eat meat?,morality,0,shared,1.0,False,3,unanimous,none,3,unanimous,none,3,unanimous,rapport_building,3,unanimous
valid-tan,2,False,False,not_discussed,False,45,Is it ethical to eat meat?,morality,0,shared,1.0,False,3,unanimous,none,3,unanimous,none,3,unanimous,stance_sharing,3,unanimous
valid-tan,3,False,False,unclear,False,60,Is it ethical to eat meat?,morality,0,shared,1.0,False,3,unanimous,none,3,unanimous,none,3,unanimous,exploring_nuance,2,majority
valid-tan,5,False,False,unclear,False,90,Is it ethical to eat meat?,morality,0,shared,1.0,False,3,unanimous,none,3,unanimous,none,3,unanimous,stance_sharing,3,unanimous
valid-tan,7,False,False,unclear,False,120,Is it ethical to eat meat?,morality,0,shared,1.0,False,3,unanimous,none,3,unanimous,none,3,unanimous,exploring_nuance,3,unanimous
valid-tan,8,False,False,unclear,False,135,Is it ethical to eat meat?,morality,0,shared,1.0,False,3,unanimous,none,3,unanimous,none,3,unanimous,perspective_seeking,3,unanimous
valid-tan,9,True,True,agreement,False,150,Is it ethical to eat meat?,morality,0,shared,1.0,True,3,unanimous,same_values,2,majority,shared_thoughts,3,unanimous,stance_sharing,3,unanimous
valid-tan,10,True,False,agreement,False,165,Is it ethical to eat meat?,morality,0,shared,1.0,True,3,unanimous,same_values,3,unanimous,shared_thoughts,3,unanimous,finding_commonality,3,unanimous
valid-tan,11,True,False,agreement,False,180,Is it ethical to eat meat?,morality,0,shared,1.0,True,3,unanimous,same_values,2,majority,shared_beliefs,3,unanimous,finding_commonality,3,unanimous
vicarious-peach,0,False,False,not_discussed,False,15,Should events in politicians' personal lives impact their ability to hold public office?,politics,0,shared,1.0,False,3,unanimous,none,3,unanimous,none,3,unanimous,perspective_seeking,3,unanimous
vicarious-peach,2,False,False,not_discussed,False,45,Should events in politicians' personal lives impact their ability to hold public office?,politics,0,shared,1.0,False,3,unanimous,none,3,unanimous,none,3,unanimous,stance_sharing,3,unanimous
vicarious-peach,3,True,True,agreement,False,60,Should events in politicians' personal lives impact their ability to hold public office?,politics,0,shared,1.0,True,3,unanimous,same_values,3,unanimous,shared_beliefs,2,majority,stance_sharing,3,unanimous
vicarious-peach,4,True,False,agreement,False,75,Should events in politicians' personal lives impact their ability to hold public office?,politics,0,shared,1.0,False,3,unanimous,none,3,unanimous,none,3,unanimous,stance_sharing,3,unanimous
vicarious-peach,6,True,False,agreement,False,105,Should events in politicians' personal lives impact their ability to hold public office?,politics,0,shared,1.0,True,3,unanimous,related_subtopic,3,unanimous,shared_beliefs,2,majority,stance_sharing,2,majority
vicarious-peach,8,True,False,agreement,False,135,Should events in politicians' personal lives impact their ability to hold public office?,politics,0,shared,1.0,False,2,majority,none,2,majority,none,2,majority,exploring_nuance,3,unanimous
vicarious-peach,9,True,False,agreement,False,150,Should events in politicians' personal lives impact their ability to hold public office?,politics,0,shared,1.0,False,3,unanimous,none,3,unanimous,none,3,unanimous,perspective_seeking,3,unanimous
vicarious-peach,10,True,False,agreement,False,165,Should events in politicians' personal lives impact their ability to hold public office?,politics,0,shared,1.0,True,3,unanimous,same_values,2,majority,shared_beliefs,3,unanimous,stance_sharing,2,majority
vicarious-white,1,True,True,agreement,False,30,Do you identify as heterosexual?,identity,0,shared,1.0,True,3,unanimous,same_values,3,unanimous,shared_thoughts,3,unanimous,stance_sharing,3,unanimous
vicarious-white,2,True,False,agreement,False,45,Do you identify as heterosexual?,identity,0,shared,1.0,False,3,unanimous,none,3,unanimous,none,3,unanimous,other,3,unanimous
vicarious-white,3,True,False,agreement,False,60,Do you identify as heterosexual?,identity,0,shared,1.0,False,3,unanimous,none,3,unanimous,none,3,unanimous,exploring_nuance,2,majority
vicarious-white,7,True,False,agreement,False,120,Do you identify as heterosexual?,identity,0,shared,1.0,True,3,unanimous,related_subtopic,3,unanimous,shared_thoughts,3,unanimous,finding_commonality,3,unanimous
vicarious-white,10,True,False,agreement,False,165,Do you identify as heterosexual?,identity,0,shared,1.0,True,3,unanimous,related_subtopic,3,unanimous,shared_beliefs,2,majority,exploring_nuance,3,unanimous
visible-purple,1,False,False,not_discussed,False,30,Are you going to vote in the next election?,politics,0,shared,1.0,False,3,unanimous,none,3,unanimous,none,3,unanimous,stance_sharing,3,unanimous
visible-purple,2,True,True,agreement,False,45,Are you going to vote in the next election?,politics,0,shared,1.0,True,3,unanimous,same_values,3,unanimous,shared_beliefs,2,majority,stance_sharing,3,unanimous
visible-purple,3,True,False,agreement,False,60,Are you going to vote in the next election?,politics,0,shared,1.0,True,3,unanimous,related_subtopic,3,unanimous,shared_thoughts,3,unanimous,finding_commonality,3,unanimous
visible-purple,5,True,False,agreement,False,90,Are you going to vote in the next election?,politics,0,shared,1.0,True,3,unanimous,related_subtopic,3,unanimous,shared_thoughts,3,unanimous,finding_commonality,3,unanimous
visible-purple,6,True,False,agreement,False,105,Are you going to vote in the next election?,politics,0,shared,1.0,True,3,unanimous,related_subtopic,3,unanimous,shared_thoughts,3,unanimous,finding_commonality,3,unanimous
visible-purple,8,True,False,agreement,False,135,Are you going to vote in the next election?,politics,0,shared,1.0,True,3,unanimous,related_subtopic,3,unanimous,shared_thoughts,3,unanimous,finding_commonality,3,unanimous
visible-purple,9,True,False,agreement,False,150,Are you going to vote in the next election?,politics,0,shared,1.0,True,3,unanimous,related_subtopic,3,unanimous,shared_thoughts,3,unanimous,finding_commonality,2,majority
visible-purple,10,True,False,agreement,False,165,Are you going to vote in the next election?,politics,0,shared,1.0,False,3,unanimous,none,3,unanimous,none,3,unanimous,sharing_experience,3,unanimous
visual-sapphire,0,False,False,unclear,False,15,Are you a parent or caregiver?,identity,4,opposing,0.5,False,3,unanimous,none,3,unanimous,none,3,unanimous,stance_sharing,3,unanimous
visual-sapphire,2,True,True,disagreement,False,45,Are you a parent or caregiver?,identity,4,opposing,0.5,False,3,unanimous,none,3,unanimous,none,3,unanimous,stance_sharing,3,unanimous
visual-sapphire,5,True,False,disagreement,False,90,Are you a parent or caregiver?,identity,4,opposing,0.5,True,3,unanimous,different_topic,3,unanimous,shared_thoughts,3,unanimous,finding_commonality,3,unanimous
visual-sapphire,8,True,False,disagreement,False,135,Are you a parent or caregiver?,identity,4,opposing,0.5,False,3,unanimous,none,3,unanimous,none,3,unanimous,other,3,unanimous
visual-sapphire,11,True,False,disagreement,False,180,Are you a parent or caregiver?,identity,4,opposing,0.5,False,3,unanimous,rapport_only,3,unanimous,none,3,unanimous,rapport_building,3,unanimous
wasteful-teal,1,False,False,not_discussed,False,30,Do you affiliate with any political party?,politics,4,opposing,0.0,False,3,unanimous,none,3,unanimous,none,3,unanimous,perspective_seeking,3,unanimous
wasteful-teal,3,False,False,not_discussed,False,60,Do you affiliate with any political party?,politics,4,opposing,0.0,False,3,unanimous,none,3,unanimous,none,3,unanimous,perspective_seeking,3,unanimous
wasteful-teal,6,False,False,not_discussed,False,105,Do you affiliate with any political party?,politics,4,opposing,0.0,False,3,unanimous,none,3,unanimous,none,3,unanimous,perspective_seeking,3,unanimous
wasteful-teal,7,False,False,not_discussed,False,120,Do you affiliate with any political party?,politics,4,opposing,0.0,False,3,unanimous,none,3,unanimous,none,3,unanimous,stance_sharing,3,unanimous
wasteful-teal,8,False,False,unclear,False,135,Do you affiliate with any political party?,politics,4,opposing,0.0,False,3,unanimous,none,3,unanimous,none,3,unanimous,stance_sharing,3,unanimous
wasteful-teal,9,False,False,unclear,False,150,Do you affiliate with any political party?,politics,4,opposing,0.0,False,3,unanimous,none,3,unanimous,none,3,unanimous,perspective_seeking,3,unanimous
wasteful-teal,10,False,False,unclear,False,165,Do you affiliate with any political party?,politics,4,opposing,0.0,False,3,unanimous,none,3,unanimous,none,3,unanimous,perspective_seeking,3,unanimous
wasteful-teal,11,False,False,unclear,False,180,Do you affiliate with any political party?,politics,4,opposing,0.0,False,3,unanimous,none,3,unanimous,none,3,unanimous,exploring_nuance,3,unanimous
weary-chocolate,1,True,True,disagreement,True,30,Are you affiliated with any organized religion?,religion,0,shared,0.0,False,3,unanimous,none,3,unanimous,none,3,unanimous,stance_sharing,3,unanimous
weary-chocolate,3,True,False,disagreement,False,60,Are you affiliated with any organized religion?,religion,0,shared,0.0,False,3,unanimous,none,3,unanimous,none,3,unanimous,sharing_experience,3,unanimous
weary-chocolate,4,True,False,disagreement,False,75,Are you affiliated with any organized religion?,religion,0,shared,0.0,False,3,unanimous,none,3,unanimous,none,3,unanimous,perspective_seeking,3,unanimous
weary-chocolate,5,True,False,disagreement,False,90,Are you affiliated with any organized religion?,religion,0,shared,0.0,False,3,unanimous,none,3,unanimous,none,3,unanimous,sharing_experience,3,unanimous
weary-chocolate,6,True,False,disagreement,False,105,Are you affiliated with any organized religion?,religion,0,shared,0.0,False,3,unanimous,none,3,unanimous,none,3,unanimous,perspective_seeking,3,unanimous
weary-chocolate,11,True,False,disagreement,False,180,Are you affiliated with any organized religion?,religion,0,shared,0.0,False,3,unanimous,none,3,unanimous,none,3,unanimous,sharing_experience,3,unanimous
weekly-crimson,0,False,False,not_discussed,False,15,Are you affiliated with any organized religion?,religion,0,shared,1.0,False,3,unanimous,none,3,unanimous,none,3,unanimous,rapport_building,3,unanimous
weekly-crimson,1,False,False,not_discussed,False,30,Are you affiliated with any organized religion?,religion,0,shared,1.0,False,3,unanimous,none,3,unanimous,none,3,unanimous,stance_sharing,3,unanimous
weekly-crimson,3,False,False,unclear,False,60,Are you affiliated with any organized religion?,religion,0,shared,1.0,False,3,unanimous,none,3,unanimous,none,3,unanimous,rapport_building,3,unanimous
weekly-crimson,8,True,True,agreement,False,135,Are you affiliated with any organized religion?,religion,0,shared,1.0,True,3,unanimous,same_values,3,unanimous,shared_beliefs,3,unanimous,stance_sharing,3,unanimous
weekly-crimson,9,True,False,agreement,False,150,Are you affiliated with any organized religion?,religion,0,shared,1.0,True,3,unanimous,same_values,3,unanimous,shared_beliefs,3,unanimous,finding_commonality,3,unanimous
weekly-crimson,10,True,False,agreement,False,165,Are you affiliated with any organized religion?,religion,0,shared,1.0,True,3,unanimous,same_values,3,unanimous,shared_beliefs,3,unanimous,stance_sharing,2,majority
weekly-crimson,11,True,False,agreement,True,180,Are you affiliated with any organized religion?,religion,0,shared,1.0,False,2,majority,none,2,majority,none,2,majority,exploring_nuance,3,unanimous
western-apricot,1,False,False,not_discussed,False,30,Do you exercise regularly?,arbitrary,4,opposing,0.5,False,3,unanimous,none,3,unanimous,none,3,unanimous,stance_sharing,3,unanimous
western-apricot,6,True,True,disagreement,True,105,Do you exercise regularly?,arbitrary,4,opposing,0.5,True,3,unanimous,same_values,3,unanimous,shared_feelings,3,unanimous,sharing_experience,3,unanimous
western-apricot,7,True,False,disagreement,False,120,Do you exercise regularly?,arbitrary,4,opposing,0.5,False,2,majority,none,2,majority,none,2,majority,finding_commonality,3,unanimous
western-apricot,8,True,False,disagreement,False,135,Do you exercise regularly?,arbitrary,4,opposing,0.5,False,3,unanimous,none,3,unanimous,none,3,unanimous,sharing_experience,3,unanimous
wispy-aqua,0,False,False,not_discussed,False,15,Do you feel like an outsider in your local community?,identity,3,opposing,0.0,False,3,unanimous,none,3,unanimous,none,3,unanimous,rapport_building,3,unanimous
wispy-aqua,1,False,False,unclear,False,30,Do you feel like an outsider in your local community?,identity,3,opposing,0.0,False,3,unanimous,none,3,unanimous,none,3,unanimous,stance_sharing,3,unanimous
wispy-aqua,2,True,True,disagreement,True,45,Do you feel like an outsider in your local community?,identity,3,opposing,0.0,False,3,unanimous,none,3,unanimous,none,3,unanimous,stance_sharing,3,unanimous
wispy-aqua,3,True,False,disagreement,False,60,Do you feel like an outsider in your local community?,identity,3,opposing,0.0,False,3,unanimous,none,3,unanimous,none,3,unanimous,sharing_experience,3,unanimous
wispy-aqua,4,True,False,disagreement,False,75,Do you feel like an outsider in your local community?,identity,3,opposing,0.0,False,3,unanimous,none,3,unanimous,none,3,unanimous,sharing_experience,3,unanimous
wispy-aqua,5,True,False,disagreement,False,90,Do you feel like an outsider in your local community?,identity,3,opposing,0.0,False,3,unanimous,none,3,unanimous,none,3,unanimous,perspective_seeking,3,unanimous
wispy-aqua,6,True,False,disagreement,True,105,Do you feel like an outsider in your local community?,identity,3,opposing,0.0,False,3,unanimous,none,3,unanimous,none,3,unanimous,exploring_nuance,3,unanimous
wispy-aqua,7,True,False,disagreement,False,120,Do you feel like an outsider in your local community?,identity,3,opposing,0.0,False,3,unanimous,none,3,unanimous,none,3,unanimous,sharing_experience,3,unanimous
wispy-aqua,8,True,False,disagreement,True,135,Do you feel like an outsider in your local community?,identity,3,opposing,0.0,False,3,unanimous,none,3,unanimous,none,3,unanimous,finding_commonality,3,unanimous
wispy-aqua,9,True,False,disagreement,False,150,Do you feel like an outsider in your local community?,identity,3,opposing,0.0,False,3,unanimous,none,3,unanimous,none,3,unanimous,perspective_seeking,3,unanimous
wispy-aqua,10,True,False,disagreement,False,165,Do you feel like an outsider in your local community?,identity,3,opposing,0.0,False,3,unanimous,none,3,unanimous,none,3,unanimous,stance_sharing,3,unanimous
wispy-aqua,11,True,False,disagreement,False,180,Do you feel like an outsider in your local community?,identity,3,opposing,0.0,True,2,majority,related_subtopic,2,majority,shared_thoughts,2,majority,sharing_experience,2,majority
wispy-tomato,0,False,False,not_discussed,False,15,Are you going to vote in the next election?,politics,0,shared,1.0,False,3,unanimous,none,3,unanimous,none,3,unanimous,stance_sharing,3,unanimous
wispy-tomato,2,True,True,agreement,False,45,Are you going to vote in the next election?,politics,0,shared,1.0,False,3,unanimous,none,3,unanimous,none,3,unanimous,stance_sharing,3,unanimous
wispy-tomato,4,True,False,agreement,False,75,Are you going to vote in the next election?,politics,0,shared,1.0,False,3,unanimous,none,3,unanimous,none,3,unanimous,stance_sharing,2,majority
wispy-tomato,5,True,False,agreement,False,90,Are you going to vote in the next election?,politics,0,shared,1.0,True,3,unanimous,same_values,3,unanimous,shared_beliefs,3,unanimous,finding_commonality,3,unanimous
wispy-tomato,7,True,False,agreement,False,120,Are you going to vote in the next election?,politics,0,shared,1.0,True,3,unanimous,same_values,3,unanimous,shared_beliefs,3,unanimous,finding_commonality,3,unanimous
wispy-tomato,9,True,False,agreement,False,150,Are you going to vote in the next election?,politics,0,shared,1.0,False,3,unanimous,none,3,unanimous,none,3,unanimous,stance_sharing,3,unanimous
wittering-apricot,0,False,False,not_discussed,False,15,Are you going to vote in the next election?,politics,0,shared,1.0,False,3,unanimous,none,3,unanimous,none,3,unanimous,rapport_building,3,unanimous
wittering-apricot,1,False,False,unclear,False,30,Are you going to vote in the next election?,politics,0,shared,1.0,False,3,unanimous,none,3,unanimous,none,3,unanimous,stance_sharing,3,unanimous
wittering-apricot,2,True,True,agreement,False,45,Are you going to vote in the next election?,politics,0,shared,1.0,True,3,unanimous,same_values,3,unanimous,shared_beliefs,3,unanimous,stance_sharing,3,unanimous
wittering-apricot,3,True,False,agreement,False,60,Are you going to vote in the next election?,politics,0,shared,1.0,False,3,unanimous,none,3,unanimous,none,3,unanimous,stance_sharing,3,unanimous
wittering-apricot,4,True,False,agreement,False,75,Are you going to vote in the next election?,politics,0,shared,1.0,True,3,unanimous,related_subtopic,3,unanimous,shared_feelings,3,unanimous,finding_commonality,3,unanimous
wittering-apricot,5,True,False,agreement,False,90,Are you going to vote in the next election?,politics,0,shared,1.0,True,3,unanimous,same_values,3,unanimous,shared_beliefs,3,unanimous,exploring_nuance,3,unanimous
wittering-apricot,6,True,False,agreement,False,105,Are you going to vote in the next election?,politics,0,shared,1.0,False,3,unanimous,none,3,unanimous,none,3,unanimous,sharing_experience,3,unanimous
wittering-apricot,7,True,False,agreement,False,120,Are you going to vote in the next election?,politics,0,shared,1.0,False,2,majority,none,2,majority,none,2,majority,exploring_nuance,3,unanimous
wittering-apricot,8,True,False,agreement,False,135,Are you going to vote in the next election?,politics,0,shared,1.0,True,3,unanimous,related_subtopic,3,unanimous,shared_thoughts,3,unanimous,finding_commonality,3,unanimous
wittering-apricot,11,True,False,agreement,False,180,Are you going to vote in the next election?,politics,0,shared,1.0,True,3,unanimous,related_subtopic,3,unanimous,shared_beliefs,3,unanimous,stance_sharing,3,unanimous
wittering-apricot,12,True,False,agreement,False,195,Are you going to vote in the next election?,politics,0,shared,1.0,True,3,unanimous,related_subtopic,3,unanimous,shared_beliefs,3,unanimous,finding_commonality,3,unanimous
xeric-coral,1,False,False,not_discussed,False,30,Is lying acceptable?,morality,1,shared,1.0,False,3,unanimous,none,3,unanimous,none,3,unanimous,perspective_seeking,3,unanimous
xeric-coral,3,False,False,unclear,False,60,Is lying acceptable?,morality,1,shared,1.0,False,3,unanimous,none,3,unanimous,none,3,unanimous,stance_sharing,3,unanimous
xeric-coral,6,True,True,agreement,False,105,Is lying acceptable?,morality,1,shared,1.0,True,3,unanimous,same_values,3,unanimous,shared_beliefs,3,unanimous,stance_sharing,3,unanimous
xeric-coral,9,True,False,agreement,False,150,Is lying acceptable?,morality,1,shared,1.0,True,3,unanimous,same_values,3,unanimous,shared_beliefs,3,unanimous,exploring_nuance,2,majority
xeric-coral,11,True,False,agreement,False,180,Is lying acceptable?,morality,1,shared,1.0,True,3,unanimous,same_values,3,unanimous,shared_beliefs,3,unanimous,perspective_seeking,3,unanimous
yawning-indigo,0,False,False,not_discussed,False,15,Do you work from home?,arbitrary,1,shared,1.0,False,3,unanimous,none,3,unanimous,none,3,unanimous,rapport_building,3,unanimous
yawning-indigo,1,False,False,not_discussed,False,30,Do you work from home?,arbitrary,1,shared,1.0,False,3,unanimous,none,3,unanimous,none,3,unanimous,rapport_building,3,unanimous
yawning-indigo,2,False,False,not_discussed,False,45,Do you work from home?,arbitrary,1,shared,1.0,False,3,unanimous,none,3,unanimous,none,3,unanimous,rapport_building,3,unanimous
yawning-indigo,5,False,False,not_discussed,False,90,Do you work from home?,arbitrary,1,shared,1.0,False,3,unanimous,none,3,unanimous,none,3,unanimous,perspective_seeking,3,unanimous
yawning-indigo,6,True,True,agreement,False,105,Do you work from home?,arbitrary,1,shared,1.0,False,3,unanimous,none,3,unanimous,none,3,unanimous,stance_sharing,3,unanimous
yawning-indigo,7,True,False,agreement,False,120,Do you work from home?,arbitrary,1,shared,1.0,False,3,unanimous,none,3,unanimous,none,3,unanimous,perspective_seeking,3,unanimous
yawning-indigo,8,True,False,agreement,False,135,Do you work from home?,arbitrary,1,shared,1.0,False,3,unanimous,rapport_only,3,unanimous,none,3,unanimous,rapport_building,3,unanimous
yawning-indigo,9,True,False,agreement,False,150,Do you work from home?,arbitrary,1,shared,1.0,False,3,unanimous,none,3,unanimous,none,3,unanimous,perspective_seeking,3,unanimous
yawning-indigo,10,True,False,agreement,False,165,Do you work from home?,arbitrary,1,shared,1.0,False,3,unanimous,rapport_only,3,unanimous,none,3,unanimous,sharing_experience,3,unanimous
yeasty-violet,1,False,False,not_discussed,False,30,Are you married or dating someone?,identity,0,shared,1.0,False,3,unanimous,none,3,unanimous,none,3,unanimous,stance_sharing,3,unanimous
yeasty-violet,3,True,True,agreement,False,60,Are you married or dating someone?,identity,0,shared,1.0,True,3,unanimous,same_values,3,unanimous,shared_thoughts,3,unanimous,stance_sharing,3,unanimous
yeasty-violet,5,True,False,agreement,False,90,Are you married or dating someone?,identity,0,shared,1.0,False,3,unanimous,none,3,unanimous,none,3,unanimous,perspective_seeking,3,unanimous
yeasty-violet,8,True,False,agreement,False,135,Are you married or dating someone?,identity,0,shared,1.0,False,3,unanimous,none,3,unanimous,none,3,unanimous,perspective_seeking,3,unanimous
yeasty-violet,11,True,False,agreement,False,180,Are you married or dating someone?,identity,0,shared,1.0,False,3,unanimous,none,3,unanimous,none,3,unanimous,exploring_nuance,2,majority
yielding-orange,0,False,False,not_discussed,False,15,Do you eat breakfast?,arbitrary,3,opposing,1.0,False,3,unanimous,none,3,unanimous,none,3,unanimous,rapport_building,3,unanimous
yielding-orange,1,True,True,agreement,False,30,Do you eat breakfast?,arbitrary,3,opposing,1.0,True,3,unanimous,same_values,3,unanimous,shared_thoughts,3,unanimous,stance_sharing,3,unanimous
yielding-orange,2,True,False,agreement,False,45,Do you eat breakfast?,arbitrary,3,opposing,1.0,False,3,unanimous,none,3,unanimous,none,3,unanimous,sharing_experience,3,unanimous
yielding-orange,3,True,False,agreement,True,60,Do you eat breakfast?,arbitrary,3,opposing,1.0,False,3,unanimous,none,3,unanimous,none,3,unanimous,stance_sharing,2,majority
yielding-orange,4,True,False,agreement,False,75,Do you eat breakfast?,arbitrary,3,opposing,1.0,False,3,unanimous,none,3,unanimous,none,3,unanimous,perspective_seeking,3,unanimous
yielding-orange,5,True,False,agreement,True,90,Do you eat breakfast?,arbitrary,3,opposing,1.0,False,3,unanimous,none,3,unanimous,none,3,unanimous,perspective_seeking,3,unanimous
yielding-orange,6,True,False,agreement,False,105,Do you eat breakfast?,arbitrary,3,opposing,1.0,False,3,unanimous,none,3,unanimous,none,3,unanimous,perspective_seeking,3,unanimous
yielding-orange,7,True,False,agreement,False,120,Do you eat breakfast?,arbitrary,3,opposing,1.0,False,3,unanimous,none,3,unanimous,none,3,unanimous,sharing_experience,3,unanimous
yielding-orange,8,True,False,agreement,False,135,Do you eat breakfast?,arbitrary,3,opposing,1.0,False,3,unanimous,none,3,unanimous,none,3,unanimous,perspective_seeking,3,unanimous
yielding-orange,9,True,False,agreement,False,150,Do you eat breakfast?,arbitrary,3,opposing,1.0,False,3,unanimous,rapport_only,3,unanimous,none,3,unanimous,sharing_experience,2,majority
yielding-orange,10,True,False,agreement,False,165,Do you eat breakfast?,arbitrary,3,opposing,1.0,False,3,unanimous,none,3,unanimous,none,3,unanimous,perspective_seeking,3,unanimous
yielding-orange,11,True,False,agreement,True,180,Do you eat breakfast?,arbitrary,3,opposing,1.0,False,3,unanimous,none,3,unanimous,none,3,unanimous,other,3,unanimous
yielding-orange,12,True,False,agreement,False,195,Do you eat breakfast?,arbitrary,3,opposing,1.0,False,3,unanimous,none,3,unanimous,none,3,unanimous,other,3,unanimous
yucky-lavender,1,False,False,not_discussed,False,30,Can a machine be moral?,morality,4,opposing,0.5,False,3,unanimous,none,3,unanimous,none,3,unanimous,perspective_seeking,3,unanimous
yucky-lavender,3,False,False,unclear,False,60,Can a machine be moral?,morality,4,opposing,0.5,False,3,unanimous,none,3,unanimous,none,3,unanimous,stance_sharing,2,majority
yucky-lavender,4,False,False,unclear,False,75,Can a machine be moral?,morality,4,opposing,0.5,False,3,unanimous,none,3,unanimous,none,3,unanimous,stance_sharing,3,unanimous
yucky-lavender,5,False,False,unclear,False,90,Can a machine be moral?,morality,4,opposing,0.5,False,3,unanimous,none,3,unanimous,none,3,unanimous,perspective_seeking,3,unanimous
yucky-lavender,6,False,False,unclear,False,105,Can a machine be moral?,morality,4,opposing,0.5,False,3,unanimous,none,3,unanimous,none,3,unanimous,perspective_seeking,3,unanimous
yucky-lavender,8,True,True,disagreement,True,135,Can a machine be moral?,morality,4,opposing,0.5,False,3,unanimous,none,3,unanimous,none,3,unanimous,stance_sharing,3,unanimous
yucky-lavender,12,True,False,disagreement,False,195,Can a machine be moral?,morality,4,opposing,0.5,False,3,unanimous,none,3,unanimous,none,3,unanimous,perspective_seeking,3,unanimous
zealous-lime,0,False,False,not_discussed,False,15,Do you live in a city?,background,3,opposing,1.0,False,3,unanimous,none,3,unanimous,none,3,unanimous,rapport_building,3,unanimous
zealous-lime,2,False,False,not_discussed,False,45,Do you live in a city?,background,3,opposing,1.0,False,3,unanimous,none,3,unanimous,none,3,unanimous,stance_sharing,3,unanimous
zealous-lime,4,True,True,agreement,False,75,Do you live in a city?,background,3,opposing,1.0,True,3,unanimous,same_values,3,unanimous,shared_thoughts,3,unanimous,stance_sharing,3,unanimous
zealous-lime,6,True,False,agreement,False,105,Do you live in a city?,background,3,opposing,1.0,False,3,unanimous,none,3,unanimous,none,3,unanimous,sharing_experience,3,unanimous
zealous-lime,7,True,False,agreement,False,120,Do you live in a city?,background,3,opposing,1.0,True,3,unanimous,same_values,2,majority,shared_thoughts,3,unanimous,finding_commonality,3,unanimous
zealous-lime,8,True,False,agreement,False,135,Do you live in a city?,background,3,opposing,1.0,True,3,unanimous,related_subtopic,3,unanimous,shared_thoughts,3,unanimous,finding_commonality,3,unanimous
zealous-lime,9,True,False,agreement,False,150,Do you live in a city?,background,3,opposing,1.0,False,3,unanimous,none,2,majority,none,3,unanimous,rapport_building,3,unanimous
zealous-lime,10,True,False,agreement,False,165,Do you live in a city?,background,3,opposing,1.0,False,3,unanimous,none,2,majority,none,3,unanimous,rapport_building,3,unanimous
zealous-lime,11,True,False,agreement,False,180,Do you live in a city?,background,3,opposing,1.0,False,3,unanimous,rapport_only,3,unanimous,none,3,unanimous,rapport_building,3,unanimous
zeroth-lavender,1,True,True,agreement,False,30,Is it ethical to eat meat?,morality,0,shared,1.0,True,3,unanimous,same_values,3,unanimous,shared_beliefs,3,unanimous,stance_sharing,3,unanimous
zeroth-lavender,2,True,False,agreement,False,45,Is it ethical to eat meat?,morality,0,shared,1.0,False,3,unanimous,none,3,unanimous,none,3,unanimous,stance_sharing,3,unanimous
zeroth-lavender,3,True,False,agreement,False,60,Is it ethical to eat meat?,morality,0,shared,1.0,False,3,unanimous,none,3,unanimous,none,3,unanimous,other,3,unanimous
zeroth-lavender,4,True,True,agreement,False,75,Is it ethical to eat meat?,morality,0,shared,1.0,False,3,unanimous,none,3,unanimous,none,3,unanimous,stance_sharing,3,unanimous
zeroth-lavender,5,True,False,agreement,False,90,Is it ethical to eat meat?,morality,0,shared,1.0,False,3,unanimous,none,3,unanimous,none,3,unanimous,rapport_building,3,unanimous
zeroth-lavender,6,True,False,agreement,False,105,Is it ethical to eat meat?,morality,0,shared,1.0,False,3,unanimous,none,2,majority,none,3,unanimous,rapport_building,3,unanimous
zeroth-lavender,7,True,False,agreement,False,120,Is it ethical to eat meat?,morality,0,shared,1.0,True,3,unanimous,different_topic,3,unanimous,shared_thoughts,3,unanimous,rapport_building,3,unanimous
zeroth-lavender,8,True,False,agreement,False,135,Is it ethical to eat meat?,morality,0,shared,1.0,False,3,unanimous,none,3,unanimous,none,3,unanimous,other,3,unanimous
zeroth-lavender,9,True,False,agreement,False,150,Is it ethical to eat meat?,morality,0,shared,1.0,True,3,unanimous,different_topic,3,unanimous,shared_thoughts,3,unanimous,finding_commonality,2,majority
zeroth-lavender,10,True,False,agreement,False,165,Is it ethical to eat meat?,morality,0,shared,1.0,False,3,unanimous,rapport_only,2,majority,none,3,unanimous,rapport_building,3,unanimous
zeroth-lavender,11,True,False,agreement,False,180,Is it ethical to eat meat?,morality,0,shared,1.0,True,3,unanimous,related_subtopic,2,majority,shared_feelings,3,unanimous,rapport_building,3,unanimous
zesty-ivory,0,False,False,not_discussed,False,15,Do you live in a city?,background,0,shared,1.0,False,3,unanimous,none,3,unanimous,none,3,unanimous,rapport_building,3,unanimous
zesty-ivory,4,False,False,not_discussed,False,75,Do you live in a city?,background,0,shared,1.0,False,3,unanimous,none,3,unanimous,none,3,unanimous,stance_sharing,3,unanimous
zesty-ivory,5,False,False,not_discussed,False,90,Do you live in a city?,background,0,shared,1.0,False,3,unanimous,none,3,unanimous,none,3,unanimous,perspective_seeking,3,unanimous
zesty-ivory,10,False,False,not_discussed,False,165,Do you live in a city?,background,0,shared,1.0,False,3,unanimous,none,3,unanimous,none,3,unanimous,exploring_nuance,3,unanimous
zesty-ivory,11,True,True,agreement,False,180,Do you live in a city?,background,0,shared,1.0,False,3,unanimous,none,3,unanimous,none,3,unanimous,stance_sharing,3,unanimous
zygotic-green,1,False,False,not_discussed,False,30,Do you affiliate with any political party?,politics,4,opposing,1.0,False,3,unanimous,none,3,unanimous,none,3,unanimous,stance_sharing,3,unanimous
zygotic-green,2,True,True,agreement,False,45,Do you affiliate with any political party?,politics,4,opposing,1.0,True,3,unanimous,same_values,3,unanimous,shared_beliefs,3,unanimous,stance_sharing,3,unanimous
zygotic-green,3,True,False,agreement,False,60,Do you affiliate with any political party?,politics,4,opposing,1.0,True,3,unanimous,same_values,3,unanimous,shared_beliefs,3,unanimous,finding_commonality,3,unanimous
zygotic-green,5,True,False,agreement,False,90,Do you affiliate with any political party?,politics,4,opposing,1.0,False,3,unanimous,none,3,unanimous,none,3,unanimous,stance_sharing,3,unanimous
zygotic-green,6,True,False,agreement,False,105,Do you affiliate with any political party?,politics,4,opposing,1.0,False,3,unanimous,none,3,unanimous,none,3,unanimous,stance_sharing,3,unanimous
zygotic-green,7,True,False,agreement,False,120,Do you affiliate with any political party?,politics,4,opposing,1.0,True,3,unanimous,related_subtopic,3,unanimous,shared_beliefs,2,majority,exploring_nuance,3,unanimous
zygotic-green,8,True,False,agreement,False,135,Do you affiliate with any political party?,politics,4,opposing,1.0,True,3,unanimous,related_subtopic,3,unanimous,shared_beliefs,3,unanimous,finding_commonality,3,unanimous
zygotic-green,9,True,False,agreement,False,150,Do you affiliate with any political party?,politics,4,opposing,1.0,False,3,unanimous,none,3,unanimous,none,3,unanimous,sharing_experience,3,unanimous
zygotic-green,11,True,False,agreement,False,180,Do you affiliate with any political party?,politics,4,opposing,1.0,True,3,unanimous,related_subtopic,3,unanimous,shared_thoughts,3,unanimous,finding_commonality,2,majority
